beta,kappa,scale,horizon,generator_max_error,stationary_max_error,transition_max_error,price_mean_max_error,price_second_max_error
0.0,0.02,0.25,1.0,0.0,3.209238430557093e-17,0.0,0.0,0.0
0.0,0.02,0.25,4.0,0.0,3.209238430557093e-17,0.0,0.0,0.0
0.0,0.02,0.25,16.0,0.0,3.209238430557093e-17,0.0,0.0,0.0
0.0,0.02,1.0,1.0,0.0,0.0,0.0,0.0,0.0
0.0,0.02,1.0,4.0,0.0,0.0,0.0,0.0,0.0
0.0,0.02,1.0,16.0,0.0,0.0,0.0,0.0,0.0
0.0,0.02,4.0,1.0,0.0,5.377642775528102e-16,0.0,0.0,0.0
0.0,0.02,4.0,4.0,0.0,5.377642775528102e-16,0.0,0.0,0.0
0.0,0.02,4.0,16.0,0.0,5.377642775528102e-16,0.0,0.0,0.0
0.0,0.2,0.25,1.0,0.0,6.808789643208968e-17,0.0,0.0,0.0
0.0,0.2,0.25,4.0,0.0,6.808789643208968e-17,0.0,0.0,0.0
0.0,0.2,0.25,16.0,0.0,6.808789643208968e-17,0.0,0.0,0.0
0.0,0.2,1.0,1.0,0.0,0.0,0.0,0.0,0.0
0.0,0.2,1.0,4.0,0.0,0.0,0.0,0.0,0.0
0.0,0.2,1.0,16.0,0.0,0.0,0.0,0.0,0.0
0.0,0.2,4.0,1.0,0.0,2.0990154059319366e-16,0.0,0.0,0.0
0.0,0.2,4.0,4.0,0.0,2.0990154059319366e-16,0.0,0.0,0.0
0.0,0.2,4.0,16.0,0.0,2.0990154059319366e-16,0.0,0.0,0.0
0.0,2.0,0.25,1.0,0.0,6.071532165918825e-17,0.0,0.0,0.0
0.0,2.0,0.25,4.0,0.0,6.071532165918825e-17,0.0,0.0,0.0
0.0,2.0,0.25,16.0,0.0,6.071532165918825e-17,0.0,0.0,0.0
0.0,2.0,1.0,1.0,0.0,0.0,0.0,0.0,0.0
0.0,2.0,1.0,4.0,0.0,0.0,0.0,0.0,0.0
0.0,2.0,1.0,16.0,0.0,0.0,0.0,0.0,0.0
0.0,2.0,4.0,1.0,0.0,8.374377580278036e-16,0.0,0.0,0.0
0.0,2.0,4.0,4.0,0.0,8.374377580278036e-16,0.0,0.0,0.0
0.0,2.0,4.0,16.0,0.0,8.374377580278036e-16,0.0,0.0,0.0
0.5,0.02,0.25,1.0,0.0,6.245004513516506e-17,0.0,0.0,0.0
0.5,0.02,0.25,4.0,0.0,6.245004513516506e-17,0.0,0.0,0.0
0.5,0.02,0.25,16.0,0.0,6.245004513516506e-17,0.0,0.0,0.0
0.5,0.02,1.0,1.0,0.0,0.0,0.0,0.0,0.0
0.5,0.02,1.0,4.0,0.0,0.0,0.0,0.0,0.0
0.5,0.02,1.0,16.0,0.0,0.0,0.0,0.0,0.0
0.5,0.02,4.0,1.0,0.0,8.881784197001252e-16,0.0,0.0,0.0
0.5,0.02,4.0,4.0,0.0,8.881784197001252e-16,0.0,0.0,0.0
0.5,0.02,4.0,16.0,0.0,8.881784197001252e-16,0.0,0.0,0.0
0.5,0.2,0.25,1.0,0.0,1.1774435593192578e-16,0.0,0.0,0.0
0.5,0.2,0.25,4.0,0.0,1.1774435593192578e-16,0.0,0.0,0.0
0.5,0.2,0.25,16.0,0.0,1.1774435593192578e-16,0.0,0.0,0.0
0.5,0.2,1.0,1.0,0.0,0.0,0.0,0.0,0.0
0.5,0.2,1.0,4.0,0.0,0.0,0.0,0.0,0.0
0.5,0.2,1.0,16.0,0.0,0.0,0.0,0.0,0.0
0.5,0.2,4.0,1.0,0.0,5.377642775528102e-16,0.0,0.0,0.0
0.5,0.2,4.0,4.0,0.0,5.377642775528102e-16,0.0,0.0,0.0
0.5,0.2,4.0,16.0,0.0,5.377642775528102e-16,0.0,0.0,0.0
0.5,2.0,0.25,1.0,0.0,7.45931094670027e-17,0.0,0.0,0.0
0.5,2.0,0.25,4.0,0.0,7.45931094670027e-17,0.0,0.0,0.0
0.5,2.0,0.25,16.0,0.0,7.45931094670027e-17,0.0,0.0,0.0
0.5,2.0,1.0,1.0,0.0,0.0,0.0,0.0,0.0
0.5,2.0,1.0,4.0,0.0,0.0,0.0,0.0,0.0
0.5,2.0,1.0,16.0,0.0,0.0,0.0,0.0,0.0
0.5,2.0,4.0,1.0,0.0,3.86843335142828e-16,0.0,0.0,0.0
0.5,2.0,4.0,4.0,0.0,3.86843335142828e-16,0.0,0.0,0.0
0.5,2.0,4.0,16.0,0.0,3.86843335142828e-16,0.0,0.0,0.0
1.0,0.02,0.25,1.0,0.0,3.95516952522712e-16,0.0,0.0,0.0
1.0,0.02,0.25,4.0,0.0,3.95516952522712e-16,0.0,0.0,0.0
1.0,0.02,0.25,16.0,0.0,3.95516952522712e-16,0.0,0.0,0.0
1.0,0.02,1.0,1.0,0.0,0.0,0.0,0.0,0.0
1.0,0.02,1.0,4.0,0.0,0.0,0.0,0.0,0.0
1.0,0.02,1.0,16.0,0.0,0.0,0.0,0.0,0.0
1.0,0.02,4.0,1.0,0.0,1.5057399771478686e-15,0.0,0.0,0.0
1.0,0.02,4.0,4.0,0.0,1.5057399771478686e-15,0.0,0.0,0.0
1.0,0.02,4.0,16.0,0.0,1.5057399771478686e-15,0.0,0.0,0.0
1.0,0.2,0.25,1.0,0.0,5.551115123125783e-17,0.0,0.0,0.0
1.0,0.2,0.25,4.0,0.0,5.551115123125783e-17,0.0,0.0,0.0
1.0,0.2,0.25,16.0,0.0,5.551115123125783e-17,0.0,0.0,0.0
1.0,0.2,1.0,1.0,0.0,0.0,0.0,0.0,0.0
1.0,0.2,1.0,4.0,0.0,0.0,0.0,0.0,0.0
1.0,0.2,1.0,16.0,0.0,0.0,0.0,0.0,0.0
1.0,0.2,4.0,1.0,0.0,1.3183898417423734e-16,0.0,0.0,0.0
1.0,0.2,4.0,4.0,0.0,1.3183898417423734e-16,0.0,0.0,0.0
1.0,0.2,4.0,16.0,0.0,1.3183898417423734e-16,0.0,0.0,0.0
1.0,2.0,0.25,1.0,0.0,2.1250362580715887e-17,0.0,0.0,0.0
1.0,2.0,0.25,4.0,0.0,2.1250362580715887e-17,0.0,0.0,0.0
1.0,2.0,0.25,16.0,0.0,2.1250362580715887e-17,0.0,0.0,0.0
1.0,2.0,1.0,1.0,0.0,0.0,0.0,0.0,0.0
1.0,2.0,1.0,4.0,0.0,0.0,0.0,0.0,0.0
1.0,2.0,1.0,16.0,0.0,0.0,0.0,0.0,0.0
1.0,2.0,4.0,1.0,0.0,8.890457814381136e-17,0.0,0.0,0.0
1.0,2.0,4.0,4.0,0.0,8.890457814381136e-17,0.0,0.0,0.0
1.0,2.0,4.0,16.0,0.0,8.890457814381136e-17,0.0,0.0,0.0
