time,bid,ask,hidden_direction,current_queue,price_history_current_queue,queue_price_history,marked_history,price_only
50.0,7,2,1,0.8990030137699168,0.8968719154486119,0.9414704649550543,0.9504026869094644,0.4472124223620358
52.0,7,1,1,0.9288383426269539,0.9378407636801992,0.8949132387036556,0.9195264357582055,0.714292156942064
54.0,6,2,1,0.8641699156290369,0.8315956933553934,0.6588787079132856,0.7507248665607323,0.5549830959859016
56.0,3,7,-1,0.1351795750366939,0.08119206054868283,0.037088855428837934,0.03573914368523118,0.36953006016752166
58.0,4,7,-1,0.18138583561775737,0.21144995214996815,0.33400212397345797,0.4894024797386896,0.45881047555466115
60.0,3,8,-1,0.0818093527292533,0.09230566632921423,0.06876471765649644,0.09500423640573338,0.49518244710239806
62.0,2,6,-1,0.13583008437096306,0.10763488646460403,0.26567638332464993,0.29063750531452087,0.275592068413114
64.0,5,5,-1,0.4999999999999992,0.24232637078542651,0.16769948404916604,0.11883565418431523,0.19418723022843043
66.0,4,4,-1,0.49999999999999933,0.03588598889433455,0.009957435829652844,0.017200433080524564,0.035885976878238635
68.0,4,4,-1,0.49999999999999933,0.05035337964992373,0.019007348766237414,0.011522575941241953,0.05035262221201836
70.0,2,2,-1,0.49999999999999983,0.39326877261053556,0.3771109792642066,0.3092777222121296,0.32137426026831417
72.0,1,6,-1,0.09310704056598303,0.07599313871390348,0.05573058732002321,0.056720162594630405,0.2749293888738026
74.0,5,6,-1,0.3678685738223149,0.05373603928332925,0.047959319904497186,0.04569002485980914,0.08607838899718659
76.0,4,4,-1,0.49999999999999933,0.05121049661142811,0.023333862881480368,0.024389207083754895,0.05121039475032854
78.0,3,5,-1,0.2523410808035125,0.10811268134204378,0.09519117938234045,0.10888931445861806,0.17666162857507395
80.0,1,3,-1,0.23512228107594318,0.23282923239771108,0.1420794294601334,0.17646045249904654,0.3946080678833156
82.0,2,6,-1,0.13583008437096306,0.059881977841729384,0.07709933172796124,0.09182112101902104,0.1652511049576785
84.0,2,6,-1,0.13583008437096306,0.1568370254590007,0.3603088981276649,0.21164502032879234,0.3891523320713218
86.0,2,5,-1,0.18033919243082625,0.23458119894537674,0.24976343315611177,0.2722563906870539,0.48478461492089664
88.0,8,2,1,0.937174169551789,0.9352666046628049,0.9707894288744764,0.9791183882844074,0.2725919351028779
90.0,2,5,1,0.18033919243082625,0.225046473208562,0.223356509178879,0.2338750740291271,0.43907311389964454
92.0,3,4,-1,0.36993765735392026,0.1627073250139124,0.15753040014413902,0.09292455882920873,0.19974851710494734
94.0,7,8,-1,0.3106803722634644,0.32864035588880497,0.0802714497415262,0.05580966779810689,0.4034696981832858
96.0,1,8,-1,0.04595377181014997,0.04952111590248035,0.052384359179434854,0.06439200738629175,0.48796138823364676
98.0,2,3,-1,0.36313157195802115,0.18110902824133024,0.25376454988104175,0.334556146286455,0.22123007776986608
100.0,3,4,-1,0.36993765735392026,0.24870598887400103,0.3701975244237948,0.2715944185096453,0.266625581674794
102.0,2,7,-1,0.10099698623008328,0.1174395005557626,0.07433852498614824,0.07498811793960147,0.43800532679339266
104.0,3,8,-1,0.0818093527292533,0.09416428120462506,0.10588253597685725,0.21551812612477145,0.497500073040391
106.0,1,4,-1,0.16388716815012966,0.07693244703967804,0.0708197479019321,0.05139073501357716,0.19159625040763512
108.0,1,8,-1,0.04595377181014997,0.048074037619342966,0.07059416495236663,0.07953689690927927,0.39916257070104233
110.0,4,8,-1,0.10711209326952316,0.1271015106448272,0.3030459716861999,0.29087258771141755,0.4867015386987511
112.0,8,4,1,0.8928879067304761,0.887594157308538,0.9566957190792247,0.9779891637870254,0.5055451504222619
114.0,7,2,1,0.8990030137699168,0.8873681386485522,0.8783784269205064,0.9009024548022484,0.504275866496993
116.0,8,4,1,0.8928879067304761,0.8835965444075358,0.7386708616171863,0.7901011230790237,0.5014230689411049
118.0,4,4,1,0.49999999999999933,0.8349798765975115,0.6092655080606811,0.7770043120047972,0.8490087740048837
120.0,4,3,-1,0.6300623426460792,0.630138379938632,0.6729930815683942,0.7186941936025819,0.6228446714999931
122.0,7,1,1,0.9288383426269539,0.9196812099110455,0.9191764409085091,0.9375466414350612,0.5200694789782874
124.0,4,4,-1,0.49999999999999933,0.4768393446194665,0.12346919926910972,0.06697671185940432,0.4951201604758403
126.0,3,4,-1,0.36993765735392026,0.12670883771603111,0.14357312034538666,0.09103794196885055,0.16472318147805598
128.0,1,8,-1,0.04595377181014997,0.047605790318247354,0.062097763338983085,0.060191777769249936,0.3849493217204675
130.0,4,3,1,0.6300623426460792,0.6505063557547627,0.8201255889079454,0.9176402876353761,0.48246153722305496
132.0,3,2,-1,0.6368684280419785,0.642212737584087,0.48443910830008013,0.07343795108228757,0.5051804043247562
134.0,3,7,-1,0.1351795750366939,0.15626823080709865,0.04748995783061322,0.027375113548851512,0.5046020010025709
136.0,3,4,-1,0.36993765735392026,0.11115679018594896,0.16171441550071944,0.08429304737685384,0.14897433429754564
138.0,3,2,1,0.6368684280419785,0.8195213491108634,0.8279553128643357,0.9214859021576894,0.7596519180436829
140.0,5,3,1,0.7476589191964871,0.6543339587396716,0.770872334210828,0.8265435323905131,0.32635624592716717
142.0,4,6,-1,0.2520863774461199,0.32659340514262436,0.40443366516798906,0.6739654913587655,0.45639969038264167
144.0,6,8,-1,0.20743190582943738,0.180916057927088,0.26947582154740923,0.22683022873314568,0.3060572538487258
146.0,2,8,-1,0.06282583044821093,0.06993187011159692,0.03812304751287092,0.039005553661219564,0.4536337228014845
148.0,3,5,-1,0.2523410808035125,0.12248671174856283,0.0939269094565919,0.11913675628550773,0.20493247603371728
150.0,3,5,1,0.2523410808035125,0.3055289478007472,0.27908272300615117,0.31910762783525665,0.40615578753175696
152.0,7,2,1,0.8990030137699168,0.8860852427471415,0.9151208309719234,0.9387480281014372,0.27977768912106415
154.0,5,8,-1,0.14635911923966752,0.17170719073218524,0.07663041626421106,0.05433984225544454,0.44256331164652
156.0,3,6,-1,0.18527422942761343,0.24170242027303926,0.5077425017619036,0.5925603482891948,0.4981803409407998
158.0,3,6,-1,0.18527422942761343,0.04005625268148932,0.0499243719061268,0.10174736683298985,0.12579258771210994
160.0,3,4,-1,0.36993765735392026,0.08012901644093566,0.06311743733641767,0.09110654093810058,0.1051776174445867
162.0,2,5,-1,0.18033919243082625,0.19101958213559775,0.17081543637264984,0.13022224166630203,0.3560587054344909
164.0,5,3,1,0.7476589191964871,0.4157715430450651,0.34516144736957555,0.4841173928904949,0.16767463033276686
166.0,3,5,1,0.2523410808035125,0.29210950420482157,0.10832178919497831,0.17006603382205743,0.38639848990805115
168.0,7,4,1,0.8186141643822419,0.8151081068262469,0.9164449589907739,0.8183734472150408,0.4828686246732475
170.0,6,5,1,0.632131426177683,0.6286220328863101,0.43753796054773325,0.6469271621950899,0.5052054246639236
172.0,7,5,1,0.7440173490124247,0.7304896233088043,0.9458798687575732,0.9182773830067182,0.5045658177741101
174.0,5,6,1,0.3678685738223149,0.38972040721076817,0.5974431466212609,0.5493469243880994,0.501604380168833
176.0,6,2,-1,0.8641699156290369,0.8390792208003289,0.7914330937314651,0.8840611121702592,0.5002394744783867
178.0,1,3,-1,0.23512228107594318,0.2501409454796902,0.09392052263284931,0.13615434669420567,0.4999263311731191
180.0,2,7,-1,0.10099698623008328,0.09385332020996703,0.1254375642911797,0.07419521793671192,0.3102630288027442
182.0,3,5,1,0.2523410808035125,0.15092274799956595,0.23576375811237082,0.21011748832772909,0.23206786562240514
184.0,5,5,1,0.4999999999999992,0.5388072990274303,0.725925469855112,0.889378856700773,0.42071360971598337
186.0,7,2,1,0.8990030137699168,0.8932791041125347,0.8725968589291894,0.8813118178189362,0.4929404334228009
188.0,6,4,1,0.7479136225538796,0.7108374635688279,0.5706844847805634,0.46167621935362235,0.5060048267629772
190.0,5,7,-1,0.25598265098757256,0.2742566155461002,0.16094846813230526,0.09192665849188576,0.5037589037161597
192.0,5,4,-1,0.6558835462234028,0.1854798081267888,0.08075867670135795,0.12504326706789265,0.08865696008483596
194.0,2,5,-1,0.18033919243082625,0.17779343618929358,0.07076289503237795,0.038703265014064896,0.341501335213506
196.0,2,2,-1,0.49999999999999983,0.5319612908003075,0.6784392870870883,0.4793485886688656,0.4675296333967637
198.0,1,4,-1,0.16388716815012966,0.19583603510672482,0.11152103697687778,0.03998203616616888,0.5030924081141119
200.0,4,5,-1,0.3441164537765965,0.2863388567546482,0.18105370230412202,0.1374380063782592,0.2906812128228847
202.0,1,6,-1,0.09310704056598303,0.10973952841359581,0.13640371517291028,0.1629959769947419,0.44707792223451925
204.0,3,5,-1,0.2523410808035125,0.32647588920715664,0.20483922443755045,0.18857545501892137,0.49911260140090297
206.0,3,6,-1,0.18527422942761343,0.23013957806026641,0.30587573719633593,0.0883779873957193,0.5058613908376377
208.0,4,4,1,0.49999999999999933,0.3204464061704103,0.29605215377022187,0.2273646944214892,0.25430003602421336
210.0,8,4,1,0.8928879067304761,0.8956658097700249,0.9551181822688584,0.958038786023559,0.4308100936398309
212.0,7,7,-1,0.4999999999999882,0.5341615137438159,0.5221690754505324,0.28982258232147157,0.49535998423843186
214.0,7,2,1,0.8990030137699168,0.888799632894565,0.9545560274358359,0.9493987971609683,0.5059765991818692
216.0,7,2,1,0.8990030137699168,0.9374556080751275,0.9046390262558164,0.8389841666799287,0.7824114755525646
218.0,5,5,-1,0.4999999999999992,0.6460564201023664,0.574986429041146,0.40365641102110267,0.7394682266322888
220.0,6,2,1,0.8641699156290369,0.8327654623119851,0.8552296238160039,0.8246694517161512,0.5647833248254549
222.0,2,5,-1,0.18033919243082625,0.2659579611435886,0.40919933361198013,0.3852329745657658,0.7135674832712191
224.0,2,7,-1,0.10099698623008328,0.10315820108441279,0.17244354329238498,0.35183780051056773,0.5546526471238511
226.0,3,8,-1,0.0818093527292533,0.08490074712714575,0.056380853630399165,0.056321190509233676,0.5012355775003533
228.0,4,5,-1,0.3441164537765965,0.13197378075627414,0.08207316628420509,0.0781835322998989,0.17060045700165874
230.0,3,6,-1,0.18527422942761343,0.22050001410814246,0.04478029333245277,0.03783745083678905,0.38825845712545615
232.0,2,3,-1,0.36313157195802115,0.17838654142991514,0.3966162783633469,0.4123825985863336,0.2178629660278215
234.0,3,7,-1,0.1351795750366939,0.15999268237799188,0.20652476999761446,0.27173410463579367,0.413071271743655
236.0,5,1,1,0.8801959709255122,0.6449675272178794,0.7585539389509666,0.9115006957429223,0.13937151188778613
238.0,5,3,1,0.7476589191964871,0.7898574433837947,0.5946125185900422,0.768482809335146,0.6436681199085293
240.0,5,4,1,0.6558835462234028,0.8012697631355532,0.8690533950533231,0.7278067363274298,0.777229033758766
242.0,7,7,-1,0.4999999999999882,0.47074745775739524,0.26644548637903614,0.2850486323436495,0.5839285463174931
244.0,4,4,-1,0.49999999999999933,0.061858194811950755,0.043105360272558624,0.02861586149324874,0.061853249389734376
246.0,2,5,-1,0.18033919243082625,0.169004866938735,0.19491268468453016,0.397774467341709,0.32642528696336603
248.0,4,3,1,0.6300623426460792,0.37052911647272624,0.3461509791082922,0.39759468583213786,0.22048908527525676
250.0,1,5,-1,0.11980402907448778,0.13816967858681775,0.03827911973403277,0.042830664681031666,0.41477811941023135
252.0,4,7,-1,0.18138583561775737,0.12163369796341122,0.3562653794641654,0.2453743130868032,0.24226507472069433
254.0,5,8,-1,0.14635911923966752,0.07641247294065907,0.07972956974770393,0.07924924261123135,0.1919702035561861
256.0,3,7,-1,0.1351795750366939,0.15756922981199045,0.11831752568955439,0.0731119928636424,0.40055782938916307
258.0,1,7,-1,0.07116165737304611,0.08032827013998609,0.09475522090731416,0.0683660966233435,0.4874230223691005
260.0,2,8,-1,0.06282583044821093,0.06868025726437256,0.0822825387211407,0.09770148518251645,0.5057287379882784
262.0,4,5,1,0.3441164537765965,0.05563641985978365,0.09840670471179852,0.11565208084736364,0.07881571621351935
264.0,7,3,-1,0.864820424963306,0.8546180108843326,0.7993915495655636,0.8414699564120465,0.3434177387745761
266.0,6,3,-1,0.8147257705723864,0.8051222112376586,0.7792357957488292,0.5403218433614293,0.47060768057034735
268.0,8,8,1,0.4999999999999293,0.5242264124384125,0.3093059134411756,0.2848402153491437,0.5043667345870857
270.0,7,6,1,0.6407430843205741,0.6413240167277893,0.37908035833624015,0.6940402123457788,0.5056147927659873
272.0,7,5,1,0.7440173490124247,0.7276897984879658,0.8955744659830067,0.9208338824979028,0.5022140899206915
274.0,6,5,1,0.632131426177683,0.6093865402440614,0.757487507187498,0.8080123944901999,0.50041180223519
276.0,4,8,-1,0.10711209326952316,0.11621683701346792,0.05538370344813409,0.04077554132205911,0.49993791695833445
278.0,3,6,-1,0.18527422942761343,0.22452826501228693,0.34442679962630474,0.20272273557868753,0.4999209471679265
280.0,3,2,-1,0.6368684280419785,0.2165973677170029,0.2017619886042094,0.16193737621225557,0.13795640909889312
282.0,3,6,-1,0.18527422942761343,0.21074449949657464,0.0728017612059017,0.05491638297126936,0.3697906652711254
284.0,2,5,-1,0.18033919243082625,0.2335150965636501,0.403629194016745,0.5517602152257133,0.47750085725042835
286.0,5,4,1,0.6558835462234028,0.4600508677164743,0.3767554906381072,0.4989890443491578,0.2635441080982177
288.0,6,2,1,0.8641699156290369,0.8580463743999012,0.8796270323776311,0.919029015199618,0.4349655782395905
290.0,3,4,-1,0.36993765735392026,0.4260084762343818,0.2896123344203849,0.420256719981985,0.49633352104959694
292.0,4,6,-1,0.2520863774461199,0.30966899522735897,0.16393817019235113,0.12050161720717814,0.5059542820395063
294.0,3,3,-1,0.4999999999999997,0.15102095490443568,0.05933378588991694,0.14017756035769385,0.14140186173564198
296.0,3,4,-1,0.36993765735392026,0.09300468740043326,0.08690401400175535,0.07282067737732595,0.12587856356261162
298.0,5,6,-1,0.3678685738223149,0.09349636502960826,0.1557957889335606,0.10077801338156384,0.12695537725707634
300.0,2,6,-1,0.13583008437096306,0.1478842172320961,0.20255636313521336,0.10848563800277215,0.36524313264167196
302.0,4,4,-1,0.49999999999999933,0.06263568926095503,0.10031471587531765,0.05693996996628953,0.06263466686988617
304.0,5,2,1,0.8196608075691736,0.7688265123777005,0.6182186702717132,0.4986884482991712,0.32631584356549775
306.0,8,3,1,0.9181906472707465,0.9180734771013213,0.8948140840005737,0.9001600487433372,0.4616661168630348
308.0,7,5,1,0.7440173490124247,0.7459694666685296,0.39151131158780156,0.25475236453600364,0.5020368640166377
310.0,3,4,1,0.36993765735392026,0.7727553604087372,0.789657756321698,0.6397033850216248,0.8566292042022317
312.0,6,4,1,0.7479136225538796,0.708056057897351,0.8984652563968746,0.9153515637249906,0.6269712478128894
314.0,3,3,1,0.4999999999999997,0.8260855818887242,0.843493921890866,0.9069451137242535,0.840645718177955
316.0,7,1,1,0.9288383426269539,0.9392925513110224,0.9499543339058512,0.9596870917565087,0.7336322581254489
318.0,1,5,-1,0.11980402907448778,0.1531628304025348,0.04141806100966955,0.041452204084681026,0.6910636176868735
320.0,2,8,-1,0.06282583044821093,0.05593230277327385,0.019727795774483615,0.01834147795582151,0.3010844518970218
322.0,3,7,-1,0.1351795750366939,0.1649332295397064,0.370469930191417,0.2797828520602809,0.4491247228143638
324.0,8,1,1,0.95404622818985,0.9526266994049177,0.9605819321708525,0.9652340360979181,0.49886323570672386
326.0,3,5,1,0.2523410808035125,0.5982047144585309,0.625703738559743,0.7885461835972664,0.8357761567038335
328.0,6,1,-1,0.9068929594340169,0.8968141337136549,0.8630662106104102,0.8409413753058145,0.6106455251132146
330.0,4,6,1,0.2520863774461199,0.2640959047106766,0.0927015633354044,0.06752625367884024,0.5149578752182017
332.0,2,7,-1,0.10099698623008328,0.11017392937320765,0.0850673628697974,0.1069315191216302,0.4940927421513653
334.0,4,4,-1,0.49999999999999933,0.06133645586502314,0.02404574809600868,0.01256979821859176,0.06133433855789141
336.0,6,2,1,0.8641699156290369,0.841403724020906,0.7861143249385089,0.9386944188435643,0.3259654158719637
338.0,5,1,1,0.8801959709255122,0.8763523481618867,0.8214129537198924,0.8311900771464097,0.4616806529804388
340.0,6,4,1,0.7479136225538796,0.767446513315523,0.9715605501317686,0.9879177367888383,0.6939899497494305
342.0,8,3,1,0.9181906472707465,0.9050062727756288,0.9497632392253043,0.9304521864854731,0.5463480370922947
344.0,7,1,1,0.9288383426269539,0.9202048163946109,0.9237572954481323,0.9203436481166956,0.4994735210898371
346.0,5,4,1,0.6558835462234028,0.901807914508677,0.9036198989781842,0.8442015305974475,0.8578676408972388
348.0,4,1,1,0.8361128318498703,0.8385135966505053,0.911100766498976,0.9603102579182355,0.6280714385719491
350.0,6,8,-1,0.20743190582943738,0.261060631578226,0.1534416516861179,0.10435752263029179,0.7061154949581471
352.0,3,8,-1,0.0818093527292533,0.08145984374974741,0.04637614197236137,0.04388729402710669,0.5511050220125321
354.0,5,4,1,0.6558835462234028,0.5703625874656584,0.8552737417579247,0.7992697083638763,0.500368750728162
356.0,5,6,1,0.3678685738223149,0.38038657725189934,0.44091755353933254,0.2839686593707987,0.49410310932273505
358.0,3,1,1,0.7648777189240565,0.7485391222071583,0.7342873580124557,0.5175881003880451,0.4970872927502109
360.0,8,1,1,0.95404622818985,0.9516470712564649,0.9333959760814606,0.9350935729365639,0.49928175013006476
362.0,6,2,-1,0.8641699156290369,0.8394019987757726,0.766296947196383,0.26099047859129715,0.4999957650030045
364.0,7,2,1,0.8990030137699168,0.8868351378952181,0.931522346081962,0.9643436045651402,0.5000831057666315
366.0,5,5,1,0.4999999999999992,0.500016669282604,0.13910589958483305,0.15269107582602526,0.5000409602837685
368.0,2,6,-1,0.13583008437096306,0.16073183289432194,0.0561234428400227,0.045599807276596495,0.5000100867035719
370.0,5,4,-1,0.6558835462234028,0.504509224891451,0.805362226161645,0.7349695482541077,0.2908270864328613
372.0,2,7,-1,0.10099698623008328,0.11792713126867344,0.14176444195250978,0.1571745274486768,0.4472962424831398
374.0,3,6,-1,0.18527422942761343,0.11412028742281913,0.06353551020722158,0.04957427858858926,0.21029228298718744
376.0,6,5,1,0.632131426177683,0.6536395439408961,0.8041987791112892,0.9023707735809569,0.41440979831259117
378.0,4,4,1,0.49999999999999933,0.8506218082760135,0.8460978691761147,0.7556348668282655,0.8679767969357707
380.0,3,6,1,0.18527422942761343,0.45756087782666416,0.24154499072679,0.3323538864244125,0.8619421869920483
382.0,2,7,-1,0.10099698623008328,0.10356168170110681,0.08398312215816121,0.055024306298505785,0.6285539679071567
384.0,4,1,-1,0.8361128318498703,0.7515785077123115,0.6413119792038922,0.22311191719502052,0.2912841473290842
386.0,3,5,-1,0.2523410808035125,0.32556990496188704,0.1817472496008729,0.14864533581217168,0.44647459433114645
388.0,4,6,-1,0.2520863774461199,0.11320882891028103,0.18776361408909736,0.21011606076812459,0.19305023666717153
390.0,4,5,-1,0.3441164537765965,0.11960752596656614,0.05059006572098417,0.05844016989215359,0.1570379708804674
392.0,2,4,-1,0.2562548312111843,0.07104622137421475,0.04739520623159602,0.02854341252789852,0.11790996182595614
394.0,3,4,-1,0.36993765735392026,0.0414526966461973,0.17875312839101903,0.03432254496066497,0.061307658664399405
396.0,1,3,-1,0.23512228107594318,0.18961843815202484,0.18665883154465898,0.16191043500869848,0.3282914583011029
398.0,4,5,-1,0.3441164537765965,0.11855210743943119,0.1629040357216644,0.13263894410216742,0.14893941298076924
400.0,2,3,-1,0.36313157195802115,0.3486360113281366,0.3298545259154575,0.17332034951313255,0.3798367348015791
402.0,4,3,-1,0.6300623426460792,0.5109720897107469,0.8318325300479602,0.5321673390204341,0.30326995191736195
404.0,4,7,-1,0.18138583561775737,0.22750133462415972,0.06733281096213044,0.07571417146751269,0.4527889516471627
406.0,6,3,1,0.8147257705723864,0.7914171214869032,0.9139555284211368,0.9334528712778962,0.5004302207634966
408.0,5,2,1,0.8196608075691736,0.7895719711128798,0.6539009736291072,0.8314307389868467,0.5058215116277629
410.0,2,1,-1,0.6555279062096427,0.6501532175446617,0.47419048089748983,0.44830205800626716,0.5027812971208989
412.0,1,8,-1,0.04595377181014997,0.04835258036624908,0.03178185220193669,0.030246199088004952,0.5006632528445988
414.0,1,4,-1,0.16388716815012966,0.18442956221706097,0.24144505243775854,0.12122013971008652,0.4999930488902653
416.0,3,7,-1,0.1351795750366939,0.08926178496487423,0.06917597531880214,0.07392494423695598,0.23594022680790483
418.0,6,5,-1,0.632131426177683,0.6494519922043237,0.8434815985149534,0.8570800107089924,0.4220985808832441
420.0,5,2,1,0.8196608075691736,0.8049936827415158,0.8919782447854402,0.8610567786967045,0.49316821614713346
422.0,3,2,1,0.6368684280419785,0.9152906975417777,0.8790181028041917,0.9313836741182006,0.8869387494794873
424.0,7,2,1,0.8990030137699168,0.9578669045059343,0.9475576475581826,0.9653714541032398,0.8417945413694112
426.0,6,1,-1,0.9068929594340169,0.898583974018325,0.7259264635152224,0.703429608401943,0.6166976621368863
428.0,5,8,-1,0.14635911923966752,0.13689357934432936,0.084754614230903,0.0938174821661323,0.5175381946707572
430.0,8,3,1,0.9181906472707465,0.9464483355231341,0.9626527641347399,0.9639846543883335,0.778409675908491
432.0,4,3,1,0.6300623426460792,0.871625391063491,0.9397477684465697,0.95750227150639,0.8356198084331359
434.0,7,1,1,0.9288383426269539,0.9244949190603299,0.9572387238327723,0.9624623735623511,0.6143657220736425
436.0,8,4,1,0.8928879067304761,0.8723923873693517,0.7357319582000155,0.7551975122732472,0.5170923211872818
438.0,6,4,1,0.7479136225538796,0.864229205211321,0.9306662421465225,0.9225411479495297,0.7848154151290194
440.0,7,3,1,0.864820424963306,0.840470194789193,0.8944524725093984,0.9006600768829992,0.588565682371399
442.0,8,3,1,0.9181906472707465,0.9052306112530917,0.8758840233760036,0.8993613400215218,0.5097852367846624
444.0,6,4,-1,0.7479136225538796,0.806624935817976,0.6775269592207234,0.7762522242984536,0.7308829123805681
446.0,6,8,1,0.20743190582943738,0.18798038105533235,0.19969443326947298,0.17687332446611875,0.5624884049283994
448.0,6,2,1,0.8641699156290369,0.8295053421629831,0.8956114054991182,0.9805217854217855,0.50306166688573
450.0,8,1,1,0.95404622818985,0.9512362051441765,0.9253762241922706,0.944010095522615,0.4940553110488043
452.0,7,5,1,0.7440173490124247,0.7650358046293627,0.8111160262035496,0.6197128289624386,0.6819837118659173
454.0,6,5,1,0.632131426177683,0.5648448226923357,0.4843867155969777,0.6631328267295741,0.5415583736976921
456.0,4,3,1,0.6300623426460792,0.8611759435507735,0.7929726807079057,0.8421404073641079,0.8222864554199698
458.0,8,4,1,0.8928879067304761,0.9350671417258071,0.8692690681896439,0.8699443430877577,0.7933576783976325
460.0,8,4,1,0.8928879067304761,0.8764443743768331,0.9476054308077053,0.9112833801296603,0.59097108232289
462.0,7,4,1,0.8186141643822419,0.9067476624209659,0.9225445033775377,0.9070891149683071,0.7949002203688222
464.0,5,1,1,0.8801959709255122,0.9365023120734447,0.948758723255752,0.9545886473079805,0.8057293426876742
466.0,3,3,1,0.4999999999999997,0.6807591202855088,0.7672161192203533,0.8465125912065686,0.7434938240513711
468.0,6,2,1,0.8641699156290369,0.8330172593868544,0.8733257705300062,0.9237770320462994,0.566457527196683
470.0,7,4,1,0.8186141643822419,0.9586868552350233,0.9706249222757166,0.970731182684097,0.8919092754799235
472.0,3,2,1,0.6368684280419785,0.9347420881577893,0.9075109678814024,0.9265364969651385,0.907111968137704
474.0,5,2,-1,0.8196608075691736,0.8184005088308779,0.7332358145268694,0.5625599634952614,0.6546283110275493
476.0,5,4,1,0.6558835462234028,0.5574324037143282,0.3746300221661397,0.5626856155137693,0.5305860160030946
478.0,8,5,1,0.8536408807603301,0.8360971326614629,0.7844653057468058,0.7177997913902685,0.49644923177894906
480.0,6,1,1,0.9068929594340169,0.8923353127879867,0.8760988851581127,0.9234030648425758,0.49463981194707196
482.0,5,2,1,0.8196608075691736,0.8385842846249253,0.8483743549574572,0.896148789174114,0.6850094782255678
484.0,6,4,-1,0.7479136225538796,0.6670507516863392,0.43433028385543393,0.4014737210915018,0.5427381363383604
486.0,6,8,-1,0.20743190582943738,0.1950151268450735,0.11420141073941986,0.081794330340726,0.498771079752809
488.0,3,5,1,0.2523410808035125,0.2951677517109276,0.1214143143051577,0.24289571124354237,0.49432269731130285
490.0,4,3,1,0.6300623426460792,0.6066746257427001,0.6998582710669736,0.898999719259436,0.4973835589740824
492.0,8,2,1,0.937174169551789,0.9486472985655131,0.9148435349904797,0.9420105876855052,0.7412254401551648
494.0,4,3,1,0.6300623426460792,0.5840605991092004,0.714114013324364,0.5789773977313841,0.5670310556980072
496.0,3,4,-1,0.36993765735392026,0.717137194065363,0.5726995708944697,0.7076366227085955,0.8262004303218113
498.0,2,3,-1,0.36313157195802115,0.17610527183850583,0.14409324595951017,0.1411255711921892,0.2320356085610143
500.0,4,6,-1,0.2520863774461199,0.08426449236807843,0.026573437065165618,0.018846057376087078,0.15778522353811097
502.0,4,7,1,0.18138583561775737,0.2079202946379869,0.2680507519559297,0.16259408718437393,0.3820576342662087
504.0,7,5,1,0.7440173490124247,0.7581173624217461,0.6446692518228102,0.6749127910781901,0.4818015269755858
506.0,8,4,1,0.8928879067304761,0.8881708598012714,0.9049892409563104,0.9336576953098854,0.5052043092155278
508.0,6,4,1,0.7479136225538796,0.7033988862075573,0.7826372853558302,0.8633858294056584,0.5046920154320842
510.0,7,2,1,0.8990030137699168,0.8867817424978313,0.9026577484061545,0.934726752341205,0.5016659057118834
512.0,8,3,1,0.9181906472707465,0.9302220398215536,0.9275616462796679,0.928321064505664,0.7210180542719195
514.0,3,3,1,0.4999999999999997,0.8540725036615178,0.9092786428349499,0.8855220859271021,0.8701928837276744
516.0,6,3,1,0.8147257705723864,0.9173839188623474,0.9590273533628932,0.9498919521269414,0.8174579383932947
518.0,7,2,-1,0.8990030137699168,0.8874278395906219,0.8447278663612207,0.5997228815785208,0.6035372499304483
520.0,4,3,-1,0.6300623426460792,0.1490659737095036,0.11711135383436831,0.08107271241667205,0.09858643719044341
522.0,3,8,-1,0.0818093527292533,0.06503603295113485,0.07727960378790166,0.04269048809110798,0.24596938137103488
524.0,2,8,-1,0.06282583044821093,0.06939006346924967,0.047052531637963906,0.037718783337610313,0.4298548572619256
526.0,2,5,-1,0.18033919243082625,0.034611963089225393,0.03597708985344301,0.08236728637701213,0.1096270578767927
528.0,2,6,-1,0.13583008437096306,0.020225315754585697,0.0076137532277356255,0.008496048297084573,0.08228622517906656
530.0,2,4,-1,0.2562548312111843,0.09770255144242618,0.10535145656969713,0.21844470691132484,0.1665812191674781
532.0,2,6,-1,0.13583008437096306,0.15589067192778144,0.07390805415522496,0.11280533073101012,0.38840512803557536
534.0,2,4,-1,0.2562548312111843,0.19054779910771694,0.15123561699282223,0.07658501874392583,0.29162136503416813
536.0,3,4,-1,0.36993765735392026,0.27563233968574563,0.47484596437227417,0.2982060733311241,0.29059044658006106
538.0,2,2,-1,0.49999999999999983,0.2580470007483911,0.3665825026769859,0.3770517672022205,0.22067394645694216
540.0,3,7,-1,0.1351795750366939,0.12352723207101357,0.08511107178455156,0.09755124513434688,0.2960227187681438
542.0,4,7,-1,0.18138583561775737,0.22800788148761003,0.11258294535914581,0.15039299677353896,0.45096669409562135
544.0,2,5,-1,0.18033919243082625,0.2306112881110114,0.4441509112297182,0.6370865199350468,0.5004047038023023
546.0,3,4,-1,0.36993765735392026,0.3051968041074112,0.23829417527733515,0.42817106762785845,0.3191883608890571
548.0,2,4,-1,0.2562548312111843,0.3059066547990751,0.23423906095005234,0.3182787750130687,0.45883620687793825
550.0,4,4,1,0.49999999999999933,0.08240180850315454,0.11800431448655578,0.11621908685294292,0.08213196600680958
552.0,3,6,-1,0.18527422942761343,0.21633973708484264,0.23284196507066646,0.13019867322626757,0.6563937444953948
554.0,8,3,1,0.9181906472707465,0.9077737943953542,0.9667824242239906,0.958691707139355,0.5452500494867507
556.0,7,5,-1,0.7440173490124247,0.7098790746563088,0.09092897362083885,0.05901446219345294,0.5035810757990622
558.0,8,4,1,0.8928879067304761,0.8814287259040888,0.8382861917806871,0.8314344343172164,0.49635602472657164
560.0,8,3,1,0.9181906472707465,0.9105896789189619,0.9338068870872377,0.9359382576557111,0.49780235439311504
562.0,6,1,1,0.9068929594340169,0.8934616621536273,0.9044275710528042,0.9518443742631278,0.49936266692826853
564.0,7,4,1,0.8186141643822419,0.8352521130836165,0.9556851592760274,0.9566573821909042,0.6966896298316467
566.0,4,4,-1,0.49999999999999933,0.06722844922846853,0.05325341620217833,0.08013767566648762,0.06721826949615944
568.0,3,8,1,0.0818093527292533,0.08037518233634287,0.07517082358670137,0.07713242613638589,0.3288346868725229
570.0,4,5,1,0.3441164537765965,0.4409175042746137,0.6750764510127417,0.8707611596973083,0.4626058650899817
572.0,4,7,1,0.18138583561775737,0.2200085781649946,0.25480344197359955,0.316892451438504,0.502196336986638
574.0,8,6,1,0.792568094170553,0.7939420826587341,0.6744221964197756,0.494428111191946,0.505511611843739
576.0,6,3,1,0.8147257705723864,0.7756938713350351,0.8590134572948768,0.8540949937615953,0.5024211431236865
578.0,7,4,1,0.8186141643822419,0.844305591747411,0.9615988921126958,0.961968171605362,0.7104855690010239
580.0,6,2,1,0.8641699156290369,0.8312738025269114,0.6345845448331602,0.6575663698214574,0.5532576742632754
582.0,6,5,-1,0.632131426177683,0.5779695922764626,0.33795100473419265,0.33659267611167754,0.5009127438418605
584.0,3,7,1,0.1351795750366939,0.037011554238710706,0.04736840944693371,0.055215153222775815,0.13855632129688197
586.0,2,2,-1,0.49999999999999983,0.45002342026939274,0.7104934349019465,0.8504767799915999,0.3703263947412155
588.0,1,8,-1,0.04595377181014997,0.049550383666140084,0.03949823684774978,0.03186626289677214,0.47773424975284123
590.0,3,7,-1,0.1351795750366939,0.05150976653795737,0.02491101286387624,0.033960947935597834,0.1691703786174053
592.0,5,5,-1,0.4999999999999992,0.09029672922287713,0.09592667023949109,0.09018915674212409,0.08064893348536874
594.0,1,8,-1,0.04595377181014997,0.04607091143019019,0.01933032693653539,0.018396141896821646,0.3413606476035034
596.0,2,4,-1,0.2562548312111843,0.05032751984554491,0.03747309730485495,0.04528263787518011,0.09751643136327484
598.0,3,3,-1,0.4999999999999997,0.4457618981004983,0.5331742367269159,0.2378019627556364,0.3489952753822514
600.0,4,1,1,0.8361128318498703,0.8381791557037933,0.67962485457812,0.8225981337069262,0.4710121784302428
602.0,6,4,-1,0.7479136225538796,0.7902953736736438,0.8598121212384293,0.8424368161224132,0.7168343802348154
604.0,1,5,-1,0.11980402907448778,0.12310129169845815,0.13807994219384978,0.07487786390524111,0.5559315648249195
606.0,3,4,-1,0.36993765735392026,0.2892048410408925,0.2255006855440464,0.19237018350144125,0.3057575590758704
608.0,3,5,-1,0.2523410808035125,0.1946630538568655,0.09168615060874316,0.056573449388484257,0.2754983666141493
610.0,7,6,1,0.6407430843205741,0.6741233053380321,0.6851998870507133,0.9031041448368975,0.4412813035092952
612.0,6,1,1,0.9068929594340169,0.8992821926904037,0.9265281873107603,0.9458363390423163,0.4980610476308322
614.0,4,5,-1,0.3441164537765965,0.4540074150246646,0.2719884115014907,0.25956658134095334,0.6809105310573752
616.0,4,2,1,0.7437451687888155,0.5691147167998657,0.7820477086824466,0.8225920683064435,0.2600011255040901
618.0,4,2,1,0.7437451687888155,0.8747334820714313,0.8047994258164696,0.9217810095973568,0.7787112890836039
620.0,3,1,1,0.7648777189240565,0.941011719427975,0.9164927944040152,0.9573701404053686,0.8815571695343127
622.0,3,4,1,0.36993765735392026,0.81280739849498,0.7125481873053453,0.5496425647153719,0.8806238770963817
624.0,5,2,-1,0.8196608075691736,0.8058243814816125,0.8533763371223876,0.9430836487288997,0.6366486638282101
626.0,2,5,-1,0.18033919243082625,0.18855157677479123,0.10564967331652822,0.09718973613859729,0.523504748486132
628.0,4,4,-1,0.49999999999999933,0.06461186740107876,0.0417313221057194,0.031243975347720797,0.06459598681828917
630.0,4,4,-1,0.49999999999999933,0.05507599033594153,0.08110816381975217,0.04360842785817923,0.05506690609780514
632.0,5,7,-1,0.25598265098757256,0.24270441322067907,0.22530962475929087,0.2641538160372158,0.3239666592351766
634.0,4,6,-1,0.2520863774461199,0.3343624394795007,0.11451704583022837,0.1469950363015327,0.4615083816272007
636.0,4,8,-1,0.10711209326952316,0.12362041003728062,0.12142849405396283,0.11627998520406393,0.5022420779466794
638.0,3,6,-1,0.18527422942761343,0.2289066879575784,0.15089565099770622,0.08271711820494736,0.5056642837690162
640.0,4,4,1,0.49999999999999933,0.8817358149835562,0.6978549469579036,0.8753722647558045,0.8856432710510571
642.0,4,6,-1,0.2520863774461199,0.29702790470619495,0.22821578732964645,0.4004866341308469,0.6436664032938147
644.0,4,4,-1,0.49999999999999933,0.45143036452055824,0.7271352436154889,0.41274593564294626,0.5271053228383646
646.0,2,3,-1,0.36313157195802115,0.35430601143868223,0.5328528731375372,0.433421312157535,0.49606046308807683
648.0,2,7,-1,0.10099698623008328,0.08738381456950539,0.11228984306152943,0.1783936200512578,0.2874022080577999
650.0,5,7,1,0.25598265098757256,0.07530506593922928,0.07392160668381238,0.07044652856884502,0.13445001990894817
652.0,6,1,1,0.9068929594340169,0.9035391442952783,0.9144566420674348,0.9555463866211883,0.3710954625129429
654.0,4,1,1,0.8361128318498703,0.8732977885686635,0.8438607411323458,0.7965108540122625,0.6974878210038711
656.0,6,6,1,0.49999999999999734,0.7925999818042744,0.5233581420445137,0.43166963777137796,0.838905182617397
658.0,7,1,1,0.9288383426269539,0.9248207316081514,0.874929427590028,0.896117185677522,0.6168629288805186
660.0,7,3,1,0.864820424963306,0.8327210171937011,0.5861674787962563,0.802493235793487,0.5180581461409213
662.0,7,3,1,0.864820424963306,0.8764017145382293,0.8835845630604672,0.8593778684011246,0.6951078623208455
664.0,7,5,1,0.7440173490124247,0.9255791635647584,0.9255593716348972,0.943597677477855,0.8548844513132159
666.0,7,4,-1,0.8186141643822419,0.7961769466995635,0.7741184439074016,0.7909550584450948,0.6259380144433717
668.0,2,5,-1,0.18033919243082625,0.27082378989229455,0.2532387963453416,0.28727047378197035,0.7183352191516094
670.0,2,8,-1,0.06282583044821093,0.06298663484452922,0.047953232737553204,0.03907835471253882,0.556431376213176
672.0,4,4,1,0.49999999999999933,0.06432020284997178,0.05987371545920246,0.1323797297205027,0.06430544227205344
674.0,4,4,1,0.49999999999999933,0.43190886430384234,0.4285659585552965,0.9063526179185836,0.3278539697768902
676.0,3,6,-1,0.18527422942761343,0.24495309294828466,0.06624461067749116,0.09098314942438632,0.4624849375095042
678.0,4,6,-1,0.2520863774461199,0.32166045585589337,0.14358040946349643,0.09620231268676677,0.5022548532441071
680.0,2,7,1,0.10099698623008328,0.11448923495422697,0.21848907860739591,0.3588711796989754,0.5055543986019592
682.0,5,7,-1,0.25598265098757256,0.27284886771661054,0.30486846417033253,0.16412980459503707,0.5024350230770904
684.0,3,5,-1,0.2523410808035125,0.30148955964841134,0.10278418329090902,0.10198908888672523,0.5005264452542098
686.0,1,7,-1,0.07116165737304611,0.07761131293102884,0.054850525089728555,0.0603957096406191,0.49996752031277125
688.0,6,3,1,0.8147257705723864,0.6923775634691031,0.7328707179600187,0.8781141616444803,0.24026571330006036
690.0,5,4,1,0.6558835462234028,0.97076829574811,0.9763256931356883,0.9816426611383317,0.9450621835712787
692.0,7,3,1,0.864820424963306,0.8629899655573001,0.8309626751706831,0.8568287712359901,0.6732252244180685
694.0,4,3,1,0.6300623426460792,0.9337223100649648,0.8634067397174324,0.7999842987770862,0.9042965164838782
696.0,5,3,1,0.7476589191964871,0.7416653628330051,0.3963780843339178,0.6318939891954872,0.6545767809617098
698.0,4,7,-1,0.18138583561775737,0.18248265179071363,0.10821459439773329,0.06004532681502187,0.5310719339066586
700.0,2,8,-1,0.06282583044821093,0.06570840181407656,0.04873490825279973,0.06228199922448155,0.49669293821715077
702.0,6,4,1,0.7479136225538796,0.5587416152914465,0.5547213605155599,0.7112411598373286,0.23215755441851238
704.0,2,5,1,0.18033919243082625,0.45061936097544436,0.4821408685629028,0.7170606843333491,0.837527104348441
706.0,8,1,1,0.95404622818985,0.9527662041582328,0.949689588332139,0.9358008959518878,0.6193052836398999
708.0,6,1,1,0.9068929594340169,0.939192754370657,0.8820610330673856,0.8886678959824666,0.7726124936448834
710.0,5,5,1,0.4999999999999992,0.8794023247319905,0.9252080663189739,0.8831656090918065,0.8908748684511908
712.0,6,3,1,0.8147257705723864,0.7977572984545696,0.8366879829789635,0.8289840432214851,0.6461177926982417
714.0,7,4,1,0.8186141643822419,0.7714170980293021,0.9340885873309845,0.9497448600913103,0.5278015958737263
716.0,4,4,1,0.49999999999999933,0.4732983103930323,0.324510896128785,0.35593698051160316,0.4961072245211968
718.0,4,3,1,0.6300623426460792,0.9134540999513678,0.952064323300793,0.9557974632295216,0.8788497075401722
720.0,3,3,-1,0.4999999999999997,0.8587729103601721,0.7188277017022123,0.9271480779043305,0.8685304003717663
722.0,5,4,-1,0.6558835462234028,0.2301908138020831,0.1749745979928062,0.15975474909861484,0.10878018765524963
724.0,7,3,1,0.864820424963306,0.8520296123062301,0.8290325032414682,0.8652526062862177,0.3484198344254935
726.0,2,3,1,0.36313157195802115,0.4051088368998659,0.17910492137292874,0.06458142963381429,0.46852443748732686
728.0,4,6,1,0.2520863774461199,0.587839794661522,0.771150227974728,0.759195280661769,0.8656942736012093
730.0,6,4,1,0.7479136225538796,0.7117370634756303,0.9570263613002163,0.9696865434647802,0.6320302163663821
732.0,2,8,-1,0.06282583044821093,0.06383302438360222,0.07898306269706318,0.1584066499413088,0.523038744714446
734.0,7,2,1,0.8990030137699168,0.8664724731103175,0.9269512955892523,0.9059167385848715,0.21064223162892456
736.0,4,2,1,0.7437451687888155,0.8552991292465003,0.9107546866251626,0.7693339754595819,0.7442693047599469
738.0,5,4,-1,0.6558835462234028,0.8398771252654531,0.9006438917840228,0.8959675712214609,0.8087110969746708
740.0,7,5,1,0.7440173490124247,0.710431212823429,0.7559316633779097,0.8085023583176553,0.5997486230731157
742.0,5,4,-1,0.6558835462234028,0.560678765186268,0.6269487773114275,0.7766785915226783,0.512652529769791
744.0,7,4,-1,0.8186141643822419,0.7849479916181185,0.48526951488157016,0.19759598361021802,0.49427142650926625
746.0,4,7,-1,0.18138583561775737,0.20449820565765056,0.0970189307548804,0.08303157320733216,0.495711613802715
748.0,1,4,-1,0.16388716815012966,0.18470135898747056,0.15351060830274008,0.6702492057979403,0.4985925743315601
750.0,2,1,1,0.6555279062096427,0.4951322804434528,0.6844731840134164,0.878313422272409,0.2913941993743968
752.0,8,2,1,0.937174169551789,0.9396566957582153,0.9488495170199257,0.9686771998425717,0.6579433929463827
754.0,2,4,-1,0.2562548312111843,0.553558292899505,0.4540538694214254,0.20032062855194002,0.8068071078234141
756.0,2,3,-1,0.36313157195802115,0.36714313186908903,0.30905962416283084,0.3316549041884859,0.5946757678152036
758.0,3,8,-1,0.0818093527292533,0.08315603310410019,0.1215419963519462,0.13179088940056888,0.510148889033152
760.0,6,4,1,0.7479136225538796,0.6865970277928287,0.9131374853235276,0.9198505129920453,0.49366202292719524
762.0,8,3,-1,0.9181906472707465,0.9103385480805691,0.6977950356787891,0.6880441748036704,0.4957123980291448
764.0,4,8,-1,0.10711209326952316,0.11643781164369556,0.02955582323517093,0.02614548783510716,0.4986651629576193
766.0,2,5,-1,0.18033919243082625,0.10496545483166249,0.1112118337872074,0.13995517698096863,0.22685675044451795
768.0,3,6,1,0.18527422942761343,0.17397998742023255,0.24014045574599943,0.22760254973937222,0.30421303435038693
770.0,5,4,1,0.6558835462234028,0.6534327266231947,0.917130381269366,0.9047335709820601,0.45436637727688745
772.0,8,2,1,0.937174169551789,0.9669711138658783,0.9606170597942646,0.9630422766128257,0.8260889193093892
774.0,5,4,1,0.6558835462234028,0.8820992027817564,0.9244120145319751,0.9256897404877966,0.8506868753654561
776.0,8,6,1,0.792568094170553,0.7793473800969125,0.6248946768578322,0.6372968796311486,0.620288664948972
778.0,5,2,1,0.8196608075691736,0.7655200450393365,0.8433701061782761,0.8318660959840153,0.5183155688717804
780.0,4,5,-1,0.3441164537765965,0.035561518667610405,0.07953424115308957,0.10046606555134782,0.07459570253111128
782.0,5,6,1,0.3678685738223149,0.19554193267266265,0.7150452108854144,0.8037957238881169,0.20378758828395024
784.0,4,6,1,0.2520863774461199,0.5369949822981874,0.8067357107413375,0.8967576792368764,0.8433227303099979
786.0,8,6,1,0.792568094170553,0.7857624127647714,0.8285792264566697,0.633021290272327,0.6231164635486736
788.0,2,4,1,0.2562548312111843,0.7940565043644722,0.8368832788441538,0.9408365348328732,0.911284673355573
790.0,3,3,1,0.4999999999999997,0.7217993750744269,0.8583418633606258,0.8620081807972136,0.7738375380722685
792.0,4,4,1,0.49999999999999933,0.9413505615930943,0.9741370398479182,0.9703636814997783,0.9413510313390753
794.0,8,2,1,0.937174169551789,0.9389590046633065,0.9585500464906959,0.8975465218798361,0.6754073193201251
796.0,8,2,1,0.937174169551789,0.9505208264487163,0.9601952280496171,0.9635271880833233,0.7706612245358448
798.0,7,4,1,0.8186141643822419,0.9478631357269055,0.9537536403367762,0.9530417771577157,0.8549734343465547
800.0,5,1,1,0.8801959709255122,0.8730847702049873,0.6819048610462292,0.5497858773884285,0.6255247470775749
802.0,5,4,-1,0.6558835462234028,0.7615428852502941,0.8791727402964956,0.8260351872219144,0.7621627273328787
804.0,1,6,-1,0.09310704056598303,0.0707193386445072,0.05464430307958934,0.07481404832403982,0.28493197767696843
806.0,5,8,-1,0.14635911923966752,0.16909519236390957,0.15471164885293134,0.18922728875840583,0.44012548760750925
808.0,4,8,1,0.10711209326952316,0.12472442089737332,0.06406888842754267,0.04737053610658748,0.49629393318691206
810.0,4,4,-1,0.49999999999999933,0.5125601524214556,0.5016231911282802,0.747359163683102,0.5053217446057392
812.0,5,5,-1,0.4999999999999992,0.17372210501435356,0.11827673488047949,0.07326264130764232,0.1497670843255734
814.0,2,4,1,0.2562548312111843,0.25730354675386435,0.25000004782408586,0.49248454823967003,0.3763849878829433
816.0,8,6,1,0.792568094170553,0.8733620071220954,0.9510188336445864,0.9615449964188493,0.7770381715071542
818.0,7,3,1,0.864820424963306,0.8397979930888841,0.9484435602264828,0.9477420106144046,0.5848862090405014
820.0,5,3,1,0.7476589191964871,0.9305650662576004,0.9138252765223362,0.9010579318505038,0.8585480130650749
822.0,4,4,1,0.49999999999999933,0.8719914693364055,0.8877066508595242,0.8788013533041689,0.8791225507479707
824.0,4,2,1,0.7437451687888155,0.7519533889735732,0.5309317381063561,0.6094278322186201,0.6384026098366129
826.0,5,3,1,0.7476589191964871,0.9216676426687485,0.9521527621083725,0.9658427414683856,0.8476791682025266
828.0,7,3,-1,0.864820424963306,0.9254176393539323,0.8795537714106106,0.8910654381831982,0.7994212666015831
830.0,4,5,-1,0.3441164537765965,0.36419044222650726,0.18749979486032042,0.10365049989288354,0.5938533284660141
832.0,5,7,-1,0.25598265098757256,0.24412358859312236,0.25247454104167305,0.15664459788478458,0.5106900520252589
834.0,7,7,1,0.4999999999999882,0.48348585894182233,0.6378729836096045,0.890704211833047,0.49402179309414745
836.0,6,7,1,0.3592569156794166,0.3616734487191173,0.5164377269472893,0.5680512897531739,0.4958231654188064
838.0,7,5,1,0.7440173490124247,0.7278755612880183,0.8204590144779161,0.7132402531127949,0.4986764202161233
840.0,1,6,-1,0.09310704056598303,0.10668058690963624,0.07469759815214018,0.011658899793717132,0.49985105010953823
842.0,3,7,-1,0.1351795750366939,0.12680164564879226,0.07844280070327712,0.08193365962608377,0.3112701844159563
844.0,3,4,-1,0.36993765735392026,0.06491048578789828,0.1254482270548993,0.1637801952392452,0.0938309563073004
846.0,1,7,-1,0.07116165737304611,0.0710044399581221,0.037449375791077454,0.03964558576961375,0.3444575225029306
848.0,3,5,-1,0.2523410808035125,0.22733041865028705,0.07720694164493826,0.14084541590402544,0.3094056575416848
850.0,2,6,-1,0.13583008437096306,0.17024697228860702,0.26210626095715245,0.1217282759426456,0.4555610480576253
852.0,4,2,1,0.7437451687888155,0.5268919221756163,0.5223172741310107,0.5636748030320426,0.23488517254417007
854.0,8,2,1,0.937174169551789,0.9544933286043586,0.9590133561420096,0.9693398361796672,0.7488815361859307
856.0,2,3,1,0.36313157195802115,0.7367427888316345,0.6323743389028953,0.8151081865149518,0.8381900076426932
858.0,1,2,-1,0.34447209379035704,0.3771942242785347,0.42963503741389936,0.37579873317201967,0.612615741542965
860.0,4,8,1,0.10711209326952316,0.10281761391608141,0.13217358354952716,0.21239716131165187,0.3253090971374578
862.0,4,7,-1,0.18138583561775737,0.2274855260369759,0.14602593828341504,0.09051546024756726,0.46043624321980003
864.0,3,5,-1,0.2523410808035125,0.07768337301790244,0.09112029680611675,0.11094499380487441,0.15234054801583766
866.0,2,7,-1,0.10099698623008328,0.10887185810663799,0.10165419955589922,0.06625164991873672,0.3775512932506935
868.0,3,4,1,0.36993765735392026,0.7542649632011555,0.7294207507142274,0.9280020978390368,0.8337841082913242
870.0,5,3,1,0.7476589191964871,0.7484329841033085,0.8405677664605525,0.8659943345625302,0.6308260983163584
872.0,5,7,-1,0.25598265098757256,0.2480329613505249,0.04896848127010853,0.05985620556289403,0.5279475180742044
874.0,3,5,-1,0.2523410808035125,0.28559209431170895,0.46290050077110945,0.2764710518037155,0.4980096375754158
876.0,5,2,1,0.8196608075691736,0.7815248257397486,0.9572099516425062,0.9664424596907927,0.49571134814608253
878.0,7,2,1,0.8990030137699168,0.9820006006423291,0.9752115937267701,0.9759492581980246,0.9176623370540625
880.0,6,2,-1,0.8641699156290369,0.8581227298647734,0.8375746449380778,0.9232573778765023,0.6572028098684934
882.0,3,7,-1,0.1351795750366939,0.13846233410725634,0.04525099306895091,0.046405704465484796,0.5304149536671381
884.0,5,5,-1,0.4999999999999992,0.4717500652253853,0.5467239750743732,0.34184443402221487,0.4960578967859506
886.0,2,8,-1,0.06282583044821093,0.06697196638237789,0.02651284699770311,0.024677195562553267,0.4944700117006728
888.0,2,4,-1,0.2562548312111843,0.2841238152103837,0.5108318674004864,0.4058553713579503,0.49777684187800414
890.0,5,4,-1,0.6558835462234028,0.603286838339022,0.5128985347365336,0.4178328012655688,0.49957373592501114
892.0,7,8,-1,0.3106803722634644,0.3115462927186209,0.1312888744372003,0.17515783791100628,0.5000561193127548
894.0,2,8,-1,0.06282583044821093,0.06741816576032084,0.03650981884039847,0.033378256213375375,0.5000778643995525
896.0,4,4,-1,0.49999999999999933,0.16485287522863357,0.13576008743786583,0.12447955720840764,0.15086473901428404
898.0,4,6,-1,0.2520863774461199,0.12172573942520569,0.1361747646864967,0.13286326475379978,0.19284349907752268
900.0,3,5,-1,0.2523410808035125,0.031577050996796446,0.019206080923547326,0.014938486486138691,0.08382534787760271
902.0,2,8,-1,0.06282583044821093,0.05669583025230207,0.028235284224073412,0.035477680457820605,0.27492303313525424
904.0,3,6,-1,0.18527422942761343,0.24342677476804167,0.6971581145546335,0.5407318922447502,0.4435441339097049
906.0,4,7,-1,0.18138583561775737,0.22345270801445924,0.44789466064909383,0.20032056723572852,0.4992718805876267
908.0,8,3,1,0.9181906472707465,0.8961813925476548,0.9308026712878946,0.8560233388742271,0.19400844141881907
910.0,7,4,1,0.8186141643822419,0.8134434431750628,0.661036107166145,0.7416941028378106,0.40044950812085034
912.0,8,2,1,0.937174169551789,0.9493146883409366,0.8962263172735645,0.8937149771920533,0.7427844956717796
914.0,7,2,1,0.8990030137699168,0.8835365516337484,0.8694838194632237,0.9145811687246849,0.5681683862287455
916.0,6,4,1,0.7479136225538796,0.8625626659583151,0.8733760249051676,0.9111439779269923,0.783574574593719
918.0,2,8,-1,0.06282583044821093,0.06280333046782705,0.0615606348155057,0.058181209062895464,0.5878444255379276
920.0,3,6,-1,0.18527422942761343,0.20306769702323108,0.23230007744279985,0.1442361527220913,0.5095619614365416
922.0,2,7,-1,0.10099698623008328,0.11075435734465097,0.27017934402260546,0.3007972870518567,0.49418972495207314
924.0,2,2,-1,0.49999999999999983,0.18872491327077057,0.258463277969434,0.2562331531500343,0.1693407736945841
926.0,1,7,-1,0.07116165737304611,0.07553069747588587,0.07666298523466869,0.08400689877480634,0.3874674318950121
928.0,1,8,-1,0.04595377181014997,0.038332778556287014,0.03203478829796644,0.03694659062145873,0.25018128317186394
930.0,1,2,-1,0.34447209379035704,0.24565075977841488,0.2785876440897955,0.1835778611787302,0.30596601780385496
932.0,4,5,-1,0.3441164537765965,0.20468108341471183,0.1019590820223571,0.22323832226084955,0.22728894294636945
934.0,4,2,-1,0.7437451687888155,0.32328110788123926,0.3602083396684432,0.5520992503361163,0.14113350621652043
936.0,3,7,-1,0.1351795750366939,0.06561666331774879,0.06299233598990175,0.04506360287218077,0.17647817254156375
938.0,7,6,1,0.6407430843205741,0.659522606196043,0.8004380756548729,0.7344339094605482,0.39516890338912875
940.0,7,6,-1,0.6407430843205741,0.673231165900522,0.681130288002292,0.7747783150136982,0.48657639639579525
942.0,2,7,-1,0.10099698623008328,0.11615787478992814,0.05666893768835739,0.0581121203306833,0.5059592485443818
944.0,2,4,-1,0.2562548312111843,0.2875208957992572,0.6024548251653021,0.5172830926949747,0.5044921257542316
946.0,3,3,-1,0.4999999999999997,0.4997693279952959,0.8487345555603942,0.8127903707189836,0.5014792077275884
948.0,4,4,-1,0.49999999999999933,0.07543481733951585,0.21348766791663196,0.06401495287922877,0.075299802033956
950.0,3,3,1,0.4999999999999997,0.27503927876875345,0.3842982585592657,0.3469431013720886,0.2236799185311637
952.0,8,2,1,0.937174169551789,0.9376828003038546,0.9665168404022777,0.9565403432796775,0.4192224822613038
954.0,8,4,1,0.8928879067304761,0.897015069285283,0.8947821467114826,0.8619692295707861,0.6769837808999705
956.0,4,4,-1,0.49999999999999933,0.45319673060789284,0.24427083917796055,0.18732075617279204,0.5399671417973888
958.0,4,3,-1,0.6300623426460792,0.5800331569929444,0.4402135709465624,0.2903569673558281,0.49837087015788034
960.0,2,5,-1,0.18033919243082625,0.21105905505535422,0.1083391255722681,0.10041757218461614,0.4944578741475875
962.0,6,5,1,0.632131426177683,0.6094109879866358,0.774868120434346,0.7246612347038801,0.4974967713772695
964.0,8,4,1,0.8928879067304761,0.8838467793637601,0.9556178911164666,0.9790223978678787,0.49943891873242596
966.0,1,5,-1,0.11980402907448778,0.14019069417969493,0.21214858230533953,0.11130322487242048,0.5000237090255242
968.0,4,6,-1,0.2520863774461199,0.07422840715945102,0.04501754339049808,0.03858091075700074,0.13999837031239734
970.0,2,8,-1,0.06282583044821093,0.06615125756886636,0.06473851573262271,0.0599065162411738,0.3738864961681621
972.0,1,8,-1,0.04595377181014997,0.04958362177167782,0.07775869276887211,0.07463381883387482,0.4796556589403983
974.0,4,4,-1,0.49999999999999933,0.059680893695341894,0.03016130792969361,0.02682638374413136,0.059611559914188456
976.0,4,4,1,0.49999999999999933,0.4348095125751465,0.8529925889957082,0.9762288172790893,0.3270265092131517
978.0,6,4,1,0.7479136225538796,0.7400920164161825,0.8396944374647642,0.738523139201782,0.46285560568832335
980.0,4,2,-1,0.7437451687888155,0.7365660373830589,0.44419604482702296,0.22555755773651082,0.5025366546607462
982.0,3,4,-1,0.36993765735392026,0.04142480216639643,0.021910243051603048,0.015380270132100572,0.06456531265524981
984.0,4,3,-1,0.6300623426460792,0.23933384500459468,0.20149457765060247,0.22166724579552544,0.14815546135796553
986.0,2,6,-1,0.13583008437096306,0.152934722553878,0.042157881227155955,0.035161594123166384,0.37842633311937757
988.0,2,8,-1,0.06282583044821093,0.05701370871445388,0.04346853881722457,0.043210374960113096,0.2927041073210467
990.0,6,1,1,0.9068929594340169,0.8243217842341423,0.8171639378047449,0.9391363227519136,0.18095547703470416
992.0,4,2,1,0.7437451687888155,0.8770881588651326,0.8095113337827468,0.8969802455852889,0.7719993627465105
994.0,6,1,1,0.9068929594340169,0.9413136650533507,0.9653425453297508,0.961132651674248,0.7852680577008206
996.0,4,5,1,0.3441164537765965,0.5441114864536686,0.7162250286148496,0.8178701106319056,0.7424147851867099
998.0,4,1,1,0.8361128318498703,0.8114226533369362,0.7491108472703762,0.8719928092525159,0.5661742289995872
1000.0,6,3,1,0.8147257705723864,0.9036470741309659,0.8690747391184307,0.9193957945781049,0.7899526334503627
1002.0,8,2,1,0.937174169551789,0.9319106760715515,0.8941870185944353,0.9413117646313172,0.5911448666512118
1004.0,6,2,1,0.8641699156290369,0.9151284182137899,0.9559054928963304,0.9726203494110155,0.7691743084652515
1006.0,7,1,1,0.9288383426269539,0.9393376862305326,0.9322537829637092,0.8881150460862397,0.729775305962247
1008.0,4,5,1,0.3441164537765965,0.8189380050855769,0.7717106682082318,0.844257439863179,0.9142734262152783
1010.0,8,1,1,0.95404622818985,0.9544440194584318,0.952446738395368,0.9588295141031321,0.6600365833952196
1012.0,4,3,1,0.6300623426460792,0.9323488763994221,0.9368301469719255,0.9679776596822531,0.8969057012083701
1014.0,6,4,1,0.7479136225538796,0.7413000312838653,0.7891392224705436,0.7261578377010401,0.6557911725759303
1016.0,6,2,1,0.8641699156290369,0.8296063400281612,0.8319535914294482,0.667279486710053,0.5333997137700592
1018.0,2,7,-1,0.10099698623008328,0.1397789817451482,0.1552289784522531,0.09535143345071877,0.8086129328555819
1020.0,2,4,-1,0.2562548312111843,0.27065525700713583,0.3472442809932838,0.14328735040117763,0.6009966315873613
1022.0,3,7,-1,0.1351795750366939,0.03890002466541686,0.04369978800880655,0.04129748789157923,0.14312223118378117
1024.0,2,4,1,0.2562548312111843,0.25471108541251647,0.4608022078335444,0.30353237383525905,0.3727459707325783
1026.0,5,5,1,0.4999999999999992,0.549535029120739,0.8519456611427755,0.7729472596672045,0.4784916237077354
1028.0,6,2,-1,0.8641699156290369,0.8458847306755299,0.7483628390713398,0.7537113341952534,0.5047060846629287
1030.0,6,3,1,0.8147257705723864,0.8996872241563793,0.8218584000573004,0.8068695257309058,0.7862497581508507
1032.0,5,3,1,0.7476589191964871,0.6908606705354812,0.9152378563160176,0.9507347078009047,0.5888784113494259
1034.0,5,3,1,0.7476589191964871,0.9761607152146916,0.9848679953503988,0.9747742227469659,0.9248119452979179
1036.0,7,4,1,0.8186141643822419,0.8174388651299068,0.7066753180947128,0.7563978399567064,0.6665887819246977
1038.0,5,4,1,0.6558835462234028,0.558824149224699,0.7120108850797426,0.7131238383112638,0.5356319424544667
1040.0,3,3,1,0.4999999999999997,0.8070985097472162,0.75365615569027,0.8255963017171791,0.826104008554486
1042.0,5,4,-1,0.6558835462234028,0.7863664490327975,0.3614559243510337,0.594612174227501,0.7706328253180974
1044.0,2,6,-1,0.13583008437096306,0.14113620474281469,0.10391984298403203,0.13964003721883136,0.579306941601557
1046.0,1,4,-1,0.16388716815012966,0.10119835324556939,0.0938258319773745,0.23187906517116136,0.24329392899205285
1048.0,4,1,1,0.8361128318498703,0.833735601869776,0.9575511473026018,0.9774046802659389,0.4255285050144291
1050.0,5,3,-1,0.7476589191964871,0.7277263853714306,0.6469506252478243,0.39710878208097017,0.49401883155541076
1052.0,5,2,1,0.8196608075691736,0.7917751397005788,0.8480467350105703,0.8102838490130362,0.5059547870034884
1054.0,6,3,1,0.8147257705723864,0.8810804183493967,0.9170149940362929,0.9166520754780055,0.7617417225902684
1056.0,5,3,1,0.7476589191964871,0.9153314406038872,0.8837318653443816,0.916058143022962,0.8426682541027338
1058.0,3,3,-1,0.4999999999999997,0.5190474859660168,0.4399332103908717,0.38537530819818877,0.6184957391710042
1060.0,2,5,-1,0.18033919243082625,0.4294425623772218,0.16473394580499873,0.04936736900156012,0.8229708735596668
1062.0,3,1,-1,0.7648777189240565,0.4861868561936743,0.3169780265973427,0.25240727202763774,0.2126307955513323
1064.0,2,6,-1,0.13583008437096306,0.15612990024930593,0.0761949539470502,0.07240573997259188,0.4044627012529543
1066.0,5,5,-1,0.4999999999999992,0.7888523710943515,0.8934650886413575,0.901076323288858,0.8007859166582865
1068.0,8,6,-1,0.792568094170553,0.6676632844798758,0.7700127437257845,0.5897957991419734,0.23362062028288033
1070.0,4,8,-1,0.10711209326952316,0.12188021790258864,0.18529369661302064,0.25339910750920036,0.41481052052524425
1072.0,1,5,-1,0.11980402907448778,0.14845442846074777,0.13932140181399738,0.13311773726313786,0.4895671651731798
