beta,kappa,arm,replicas,entropy_bits_mean,entropy_bits_se,entropy_bits_low95,entropy_bits_high95,mutual_information_bits_mean,mutual_information_bits_se,mutual_information_bits_low95,mutual_information_bits_high95,brier_mean,brier_se,brier_low95,brier_high95,posterior_brier_mean,posterior_brier_se,posterior_brier_low95,posterior_brier_high95,calibration_entropy_residual_mean,calibration_entropy_residual_se,calibration_entropy_residual_low95,calibration_entropy_residual_high95,bayes_accuracy_mean,bayes_accuracy_se,bayes_accuracy_low95,bayes_accuracy_high95
0.0,0.02,current_queue,16,1.0,0.0,1.0,1.0,0.0,0.0,0.0,0.0,0.24999999999999956,2.4154926550335714e-16,0.24999999999999903,0.25000000000000006,0.25,0.0,0.25,0.25,-1.2281842209915794e-15,6.947746910891157e-16,-2.709061420579594e-15,2.5269297859643523e-16,0.5000000000000056,4.178727656728892e-17,0.5000000000000054,0.5000000000000057
0.0,0.02,price_history_current_queue,16,1.0,0.0,1.0,1.0,0.0,0.0,0.0,0.0,0.24999999999999767,1.4592017091257946e-15,0.24999999999999456,0.2500000000000008,0.25,0.0,0.25,0.25,-6.751543768501733e-15,4.1966359197929684e-15,-1.5696461492622385e-14,2.1933739556189202e-15,0.5000000000000333,2.2571501233972827e-16,0.5000000000000329,0.5000000000000338
0.0,0.02,queue_price_history,16,1.0,0.0,1.0,1.0,0.0,0.0,0.0,0.0,0.25,0.0,0.25,0.25,0.25,0.0,0.25,0.25,0.0,0.0,0.0,0.0,0.5,0.0,0.5,0.5
0.0,0.02,marked_history,16,1.0,0.0,1.0,1.0,0.0,0.0,0.0,0.0,0.25,0.0,0.25,0.25,0.25,0.0,0.25,0.25,0.0,0.0,0.0,0.0,0.5,0.0,0.5,0.5
0.0,0.02,price_only,16,1.0,0.0,1.0,1.0,0.0,0.0,0.0,0.0,0.24999999999999767,1.4635649948091558e-15,0.24999999999999456,0.2500000000000008,0.25,0.0,0.25,0.25,-6.723788192886104e-15,4.207437289056372e-15,-1.569172849061466e-14,2.24415210484245e-15,0.5000000000000333,2.0819765436160752e-16,0.5000000000000329,0.5000000000000338
0.0,0.2,current_queue,16,1.0,0.0,1.0,1.0,0.0,0.0,0.0,0.0,0.25,2.5210253502251575e-17,0.24999999999999994,0.25000000000000006,0.25,0.0,0.25,0.25,0.0,7.23776861244768e-17,-1.542693861986514e-16,1.542693861986514e-16,0.5000000000000009,3.510833468576701e-17,0.5000000000000008,0.500000000000001
0.0,0.2,price_history_current_queue,16,1.0,0.0,1.0,1.0,0.0,0.0,0.0,0.0,0.25,6.033247545801412e-17,0.24999999999999986,0.2500000000000001,0.25,0.0,0.25,0.25,3.469446951953614e-17,1.6644669492065736e-16,-3.2007826272895025e-16,3.8946720176802253e-16,0.5000000000000032,3.0404709722440586e-17,0.5000000000000031,0.5000000000000033
0.0,0.2,queue_price_history,16,1.0,0.0,1.0,1.0,0.0,0.0,0.0,0.0,0.25,0.0,0.25,0.25,0.25,0.0,0.25,0.25,0.0,0.0,0.0,0.0,0.5,0.0,0.5,0.5
0.0,0.2,marked_history,16,1.0,0.0,1.0,1.0,0.0,0.0,0.0,0.0,0.25,0.0,0.25,0.25,0.25,0.0,0.25,0.25,0.0,0.0,0.0,0.0,0.5,0.0,0.5,0.5
0.0,0.2,price_only,16,1.0,0.0,1.0,1.0,0.0,0.0,0.0,0.0,0.25,5.2356855210288994e-17,0.2499999999999999,0.2500000000000001,0.25,0.0,0.25,0.25,6.245004513516506e-17,1.513357754201064e-16,-2.601145246108885e-16,3.8501461488121863e-16,0.5000000000000029,1.6024689053196365e-17,0.5000000000000029,0.5000000000000029
0.0,2.0,current_queue,16,1.0,0.0,1.0,1.0,0.0,0.0,0.0,0.0,0.25,3.5832294041243814e-18,0.25,0.25,0.25,0.0,0.25,0.25,-1.3877787807814457e-17,9.480333893807274e-18,-3.408464117752062e-17,6.329065561891705e-18,0.5,0.0,0.5,0.5
0.0,2.0,price_history_current_queue,16,1.0,0.0,1.0,1.0,0.0,0.0,0.0,0.0,0.25,5.519220230587359e-17,0.2499999999999999,0.2500000000000001,0.25,0.0,0.25,0.25,1.1796119636642288e-16,1.4703252574089423e-16,-1.954312138064456e-16,4.3135360653929136e-16,0.500000000000002,3.925231146709438e-17,0.5000000000000019,0.5000000000000021
0.0,2.0,queue_price_history,16,1.0,0.0,1.0,1.0,0.0,0.0,0.0,0.0,0.25,0.0,0.25,0.25,0.25,0.0,0.25,0.25,0.0,0.0,0.0,0.0,0.5,0.0,0.5,0.5
0.0,2.0,marked_history,16,1.0,0.0,1.0,1.0,0.0,0.0,0.0,0.0,0.25,0.0,0.25,0.25,0.25,0.0,0.25,0.25,0.0,0.0,0.0,0.0,0.5,0.0,0.5,0.5
0.0,2.0,price_only,16,1.0,0.0,1.0,1.0,0.0,0.0,0.0,0.0,0.25,1.7916147020621907e-18,0.25,0.25,0.25,0.0,0.25,0.25,0.0,0.0,0.0,0.0,0.5,0.0,0.5,0.5
0.5,0.02,current_queue,16,0.48459007163637347,0.004582089527407058,0.47482357899546956,0.49435656427727737,0.5154099283636264,0.004582089527407056,0.5056434357227225,0.5251764210045303,0.10402214926644102,0.0018897689975630083,0.09999420199537325,0.10805009653750879,0.10553948095774124,0.0012081867972830002,0.10296429175772161,0.10811467015776087,-0.003628457821251062,0.005921942501466681,-0.01625077947483066,0.008993863832328535,0.8446327505275271,0.0022470193745468426,0.8398433421027862,0.8494221589522679
0.5,0.02,price_history_current_queue,16,0.2098314605276349,0.0029979666104218558,0.20344144595824923,0.21622147509702058,0.7901685394723651,0.002997966610421856,0.7837785249029794,0.7965585540417508,0.03759850244226327,0.0016521890531625897,0.034076944835721774,0.04112006004880476,0.038039437730009874,0.0006918253796783518,0.03656484683888805,0.0395140286211317,-0.0022456127392251925,0.007669407399523377,-0.018592567655648602,0.014101342177198217,0.953016439636447,0.0010203787129434083,0.9508415538924454,0.9551913253804486
0.5,0.02,queue_price_history,16,0.1813901960325758,0.0026410430010441028,0.17576094612819773,0.18701944593695388,0.8186098039674241,0.0026410430010441006,0.812980554063046,0.8242390538718022,0.03172344391981912,0.0012370507138871657,0.029086732737870484,0.03436015510176776,0.03228417010097365,0.0006155400100709134,0.03097217762623442,0.03359616257571288,-0.004241432531211186,0.00620456994052672,-0.0174661603113379,0.008983295248915528,0.960562323750149,0.0009059493254188674,0.9586313384721852,0.9624933090281129
0.5,0.02,marked_history,16,0.1600330484804909,0.002073945168927249,0.15561253899266597,0.16445355796831584,0.8399669515195092,0.0020739451689272513,0.8355464420316843,0.8443874610073341,0.027874966453083485,0.0011965546723902733,0.025324570540380353,0.030425362365786617,0.027873016751141347,0.0004658611005660761,0.02688005732004602,0.028865976182236675,-0.000975944360983404,0.006835616656416391,-0.01554571637691986,0.013593827654953051,0.9661999018698586,0.0006628581112186632,0.9647870532499313,0.9676127504897859
0.5,0.02,price_only,16,0.3525326276624352,0.004770026394234294,0.34236555707213856,0.36269969825273185,0.6474673723375648,0.004770026394234294,0.6373003017472681,0.6576344429278614,0.06926455700204273,0.0034010772624544815,0.06201533241657198,0.07651378158751349,0.067940388291065,0.0012076661831637808,0.0653663087537732,0.0705144678283568,0.004881555502476251,0.011779672670723912,-0.020226222458375808,0.02998933346332831,0.9186727010681359,0.0018106243060837597,0.914813446713755,0.9225319554225169
0.5,0.2,current_queue,16,0.7100740931576136,0.00226289630782181,0.705250843850659,0.7148973424645683,0.28992590684238634,0.00226289630782181,0.2851026575354317,0.294749156149341,0.16121682033082355,0.0024411369417984483,0.15601366010557915,0.16641998055606794,0.16091385675340458,0.0006453952342080234,0.15953822937474574,0.16228948413206343,-0.00014804738901560283,0.009202648583205499,-0.01976302852963111,0.019466933751599906,0.7654028450960163,0.0012626314554759189,0.7627116098540333,0.7680940803379993
0.5,0.2,price_history_current_queue,16,0.6267583366891594,0.0025058846300415553,0.6214171700332332,0.6320995033450856,0.3732416633108406,0.0025058846300415553,0.3679004966549144,0.37858282996676673,0.13948889604971687,0.0032363558773681684,0.13259076678563225,0.1463870253138015,0.13774299669204257,0.0007102027234846558,0.1362292354198162,0.13925675796426892,0.006415773958588125,0.012847913808567897,-0.02096890609006927,0.03380045400724552,0.8096226844643586,0.0013884733185642987,0.8066632236404835,0.8125821452882337
0.5,0.2,queue_price_history,16,0.5711350761270626,0.0031369487770572415,0.5644488280817611,0.5778213241723641,0.4288649238729374,0.0031369487770572415,0.42217867582763585,0.43555117191823894,0.12497329649247166,0.0027523977997567445,0.11910669945298166,0.13083989353196165,0.1234043157475635,0.0008503095485067943,0.12159192384681394,0.12521670764831305,0.0052590499202919624,0.011418651722196351,-0.01907923010388363,0.029597329944467555,0.8313117173923471,0.001419806071816124,0.8282854723857923,0.8343379623989019
0.5,0.2,marked_history,16,0.5343661725049805,0.002985226169259069,0.5280033135431215,0.5407290314668396,0.46563382749501936,0.002985226169259069,0.4592709685331603,0.4719966864568784,0.11595871763858791,0.0024991552982468585,0.11063189421385747,0.12128554106331835,0.11397441590445868,0.0007984815088544604,0.11227249285527333,0.11567633895364404,0.0056878453625166005,0.010033926890733638,-0.015698963548913085,0.027074654273946286,0.8460224455055392,0.0013228979143148785,0.8432027553472513,0.848842135663827
0.5,0.2,price_only,16,0.8482219579616564,0.0017950496355447708,0.8443959002317181,0.8520480156915948,0.15177804203834355,0.0017950496355447708,0.14795198430840523,0.15560409976828188,0.20557829202016759,0.0021243009441955212,0.2010504517380308,0.21010613230230438,0.2024779071301877,0.0005485729127357002,0.20130865164463105,0.20364716261574436,0.011352844417612216,0.006995341047479977,-0.003557372079071459,0.026263060914295894,0.6643382586161525,0.0016408644884185644,0.6608408387479883,0.6678356784843167
0.5,2.0,current_queue,16,0.9722854817370837,0.0004073789420967357,0.9714171740760812,0.9731537893980863,0.027714518262916314,0.0004073789420967357,0.02684621060191379,0.02858282592391884,0.24097332122718035,0.0010668924687695942,0.23869929375946072,0.24324734869489997,0.24055602734109793,0.00013752548480656137,0.24026289870900416,0.2408491559731917,0.0012524871274846028,0.003144751887330791,-0.005450392853663435,0.00795536710863264,0.5790251748508888,0.0007334347058763794,0.5774618957803511,0.5805884539214264
0.5,2.0,price_history_current_queue,16,0.9648068642677332,0.0005631955053536305,0.9636064414637862,0.9660072870716803,0.03519313573226684,0.0005631955053536305,0.03399271292831979,0.036393558536213885,0.23868029076101216,0.0011906129960682112,0.23614255923160554,0.24121802229041878,0.23813347031540294,0.00018657944591264113,0.23773578564020173,0.23853115499060415,0.0015775869067922998,0.003493394787984149,-0.005868407826515823,0.009023581640100423,0.5848505165806619,0.0008054677076679733,0.5831337028011903,0.5865673303601335
0.5,2.0,queue_price_history,16,0.9119201242678805,0.0011060478450521825,0.9095626390911772,0.9142776094445838,0.08807987573211962,0.0011060478450521827,0.08572239055541628,0.09043736090882296,0.22408917199417078,0.001866608577808651,0.2201105899892634,0.22806775399907817,0.22104104075146855,0.0003483000989898412,0.2202986566637584,0.2217834248391787,0.009526910323893634,0.005126893518547015,-0.0014008045363444396,0.020454625184131707,0.6411104494214294,0.0009203556117846035,0.6391487578709381,0.6430721409719207
0.5,2.0,marked_history,16,0.8962655495278031,0.0011243736870889473,0.8938690037434185,0.8986620953121878,0.10373445047219682,0.0011243736870889473,0.10133790468781222,0.10613099625658141,0.21956041696683287,0.0021830043950166167,0.2149074532411207,0.22421338069254504,0.2161233733147355,0.0003539794316299518,0.21536888401605048,0.2168778626134205,0.010634274407403999,0.006324862526304154,-0.0028468509500121815,0.02411539976482018,0.6542872232363661,0.0009733724436393803,0.652212528983711,0.6563619174890213
0.5,2.0,price_only,16,0.9946483420044088,0.00024609393849230087,0.9941238051910445,0.995172878817773,0.005351657995591223,0.00024609393849230087,0.004827121182226905,0.005876194808955542,0.24818823894271477,0.0003774123069237382,0.24738380365263368,0.24899267423279586,0.24820695481183572,8.185935689880295e-05,0.24803247572277398,0.24838143390089745,-0.0001008670996696312,0.0011848562052160182,-0.002626328319830457,0.0024245941204911947,0.5117925209744334,0.0003904665118185021,0.5109602613052617,0.5126247806436051
1.0,0.02,current_queue,16,0.26771601129074596,0.0037218113531771045,0.25978315817335906,0.27564886440813285,0.732283988709254,0.003721811353177104,0.7243511355918671,0.7402168418266409,0.05651497014335507,0.0018413086523373593,0.05259031365309615,0.060439626633613984,0.055568719206270434,0.0009264473853098258,0.05359404334786718,0.05754339506467369,0.005057929150622316,0.006621100868133119,-0.009054613285862458,0.01917047158710709,0.9151337517711204,0.001768782031006258,0.9113636821149387,0.9189038214273022
1.0,0.02,price_history_current_queue,16,0.08794670203485153,0.0018559417091660597,0.08399085592226493,0.09190254814743812,0.9120532979651484,0.0018559417091660627,0.9080974518525619,0.916009144077735,0.015376815433709307,0.0008398381648354634,0.013586742758927382,0.01716688810849123,0.013873889536101308,0.0004217395135723685,0.012974973041553073,0.014772806030649543,0.007950997758001718,0.005312223365238669,-0.003371738319745859,0.019273733835749297,0.983702890016856,0.000581908896885523,0.9824625805630324,0.9849431994706795
1.0,0.02,queue_price_history,16,0.06834812088139514,0.0016618539330648286,0.06480596307097813,0.07189027869181214,0.9316518791186049,0.001661853933064829,0.9281097213081879,0.9351940369290219,0.011256321265820234,0.0009028643680290176,0.00933191141888308,0.013180731112757388,0.010537631370073481,0.0003953189539887008,0.009695028965243277,0.011380233774903685,0.002207073951939574,0.00452106386578064,-0.0074293455702232475,0.011843493474102396,0.9877419718911622,0.0005913830359650149,0.9864814687879031,0.9890024749944213
1.0,0.02,marked_history,16,0.06116628772096183,0.0014944269037221627,0.0579809921761516,0.06435158326577206,0.9388337122790382,0.0014944269037221627,0.9356484167342279,0.9420190078238485,0.009401040593452413,0.0007085807057242598,0.007890736570244335,0.010911344616660492,0.009408867997456006,0.00033960159147332814,0.008685024339638959,0.010132711655273054,-0.002397016935425056,0.0035307110345844835,-0.00992254936559144,0.005128515494741328,0.9889589021158725,0.0004829307810824343,0.9879295595219977,0.9899882447097472
1.0,0.02,price_only,16,0.20082836017675046,0.0022488826571289925,0.19603498025919663,0.20562174009430428,0.7991716398232496,0.00224888265712899,0.7943782599056958,0.8039650197408034,0.03776287517796392,0.0018080499698266495,0.03390910789142836,0.04161664246449948,0.034820381560129676,0.0005436833901047178,0.03366154784536282,0.03597921527489653,0.014372156340566896,0.007633732286742115,-0.001898758872931115,0.030643071554064906,0.9602360212456298,0.0008085598686472027,0.9585126166810441,0.9619594258102154
1.0,0.2,current_queue,16,0.5056520524932789,0.0038617437009428554,0.4974209406368377,0.5138831643497201,0.49434794750672106,0.0038617437009428562,0.48611683565027985,0.5025790593631623,0.10800874154656272,0.0026724750064131587,0.10231249590862473,0.1137049871845007,0.10619568127227577,0.0010288481408417033,0.10400274337002917,0.10838861917452237,0.006794575527799843,0.009647542968693135,-0.013768675548585182,0.027357826604184867,0.8525896358064993,0.0018526529725702596,0.8486407994700352,0.8565384721429633
1.0,0.2,price_history_current_queue,16,0.3827646991206045,0.0030309420984308607,0.37630439896228746,0.38922499927892157,0.6172353008793955,0.003030942098430861,0.6107750007210784,0.6236956010377126,0.07735836726671591,0.002194047487719338,0.07268186574608096,0.08203486878735086,0.07593076219312911,0.0007596340688163916,0.07431164050235903,0.07754988388389919,0.004145668741042618,0.00933508145794753,-0.015751586390258907,0.024042923872344142,0.9029500418126831,0.001165474791145153,0.900465891098736,0.9054341925266303
1.0,0.2,queue_price_history,16,0.2991625920571127,0.0034748190656203066,0.2917561905387954,0.30656899357543,0.7008374079428873,0.0034748190656203044,0.69343100642457,0.7082438094612046,0.055885089426749496,0.001957673768960484,0.051712406561545264,0.06005777229195373,0.056982094352024934,0.0008591158510150655,0.055150932261796064,0.058813256442253804,-0.005884913798173776,0.008893452761332587,-0.024840859644769425,0.013071032048421874,0.9285867997530448,0.0013650087174511027,0.9256773525425491,0.9314962469635405
1.0,0.2,marked_history,16,0.2705177344092694,0.0029981056232088917,0.26412742354114194,0.2769080452773969,0.7294822655907305,0.0029981056232088917,0.723091954722603,0.735872576458858,0.0498856565964369,0.0017100322942432064,0.04624080903998045,0.05353050415289335,0.05055508119558497,0.0007238576362194421,0.049012215165815394,0.05209794722535454,-0.002372459881934687,0.007238135051235025,-0.017800179547586586,0.013055259783717212,0.9374825704584867,0.0011000196462804955,0.9351379340833158,0.9398272068336576
1.0,0.2,price_only,16,0.6791638476026287,0.00366400273425761,0.6713542106397672,0.6869734845654902,0.3208361523973713,0.00366400273425761,0.31302651543450977,0.3286457893602328,0.15561533287324705,0.0023342502624336963,0.150639996212161,0.1605906695343331,0.15465781848721669,0.0010106595995789107,0.15250364854297904,0.15681198843145433,0.0044189845120334095,0.008375809248169722,-0.013433630303669519,0.022271599327736338,0.7650204981254497,0.0019598037098492267,0.7608432753987061,0.7691977208521933
1.0,2.0,current_queue,16,0.9159896831903058,0.0009641361078569887,0.9139346757213567,0.918044690659255,0.08401031680969419,0.0009641361078569887,0.08195530934074508,0.0860653242786433,0.22440722870998997,0.002170085645069135,0.21978180064798256,0.22903265677199738,0.2221405432597039,0.0003091742349720189,0.22148155397707414,0.22279953254233364,0.007082091255869498,0.006740832035046967,-0.007285652121923085,0.021449834633662082,0.6399325727946354,0.0007746241704746696,0.638281500458498,0.6415836451307729
1.0,2.0,price_history_current_queue,16,0.892614819697613,0.00211564080069812,0.8881054380743982,0.8971242013208278,0.10738518030238696,0.00211564080069812,0.1028757986791722,0.11189456192560172,0.21663136734232472,0.002534698427201097,0.211228785531537,0.22203394915311242,0.21515400491914322,0.0006614465356332787,0.21374416500135587,0.21656384483693056,0.004515141510332964,0.008049968723206534,-0.012642960666512368,0.021673243687178295,0.6508222408671618,0.001691283211594776,0.647217356034396,0.6544271256999276
1.0,2.0,queue_price_history,16,0.7488880069676939,0.0027275265795897374,0.7430744216791263,0.7547015922562614,0.25111199303230614,0.0027275265795897374,0.24529840774373862,0.25692557832087365,0.17256185319568107,0.0019557274341660286,0.16839331884488998,0.17673038754647216,0.17229979270187445,0.0007912004843513103,0.17061338878905755,0.17398619661469136,0.0009440245464314295,0.006411130380754753,-0.012720976390149859,0.014609025483012718,0.7482824659953358,0.001625596868392098,0.7448175882889387,0.7517473437017328
1.0,2.0,marked_history,16,0.7159495251540087,0.0028144657077174783,0.709950633500302,0.7219484168077154,0.28405047484599133,0.0028144657077174783,0.2780515831922846,0.29004936649969804,0.1630990623114558,0.002450471030872541,0.15787600694629622,0.16832211767661537,0.1629300134778274,0.0008207204367017174,0.16118068927598828,0.16467933767966653,0.0005146939699645706,0.00805474039060779,-0.016653578775194727,0.017682966715123868,0.767608102170768,0.0016771789612389267,0.7640332798360137,0.7711829245055224
1.0,2.0,price_only,16,0.9800442213188394,0.0008818966369799077,0.9781645031327183,0.9819239395049605,0.019955778681160642,0.0008818966369799077,0.01807606049503952,0.021835496867281763,0.24358680498370364,0.000421914148523089,0.24268751626356905,0.24448609370383823,0.24362376091367563,0.00027491726017945937,0.2430377886443997,0.24420973318295155,-6.163885227122856e-05,0.0015746180843058146,-0.003417857852494349,0.0032945801479518917,0.5282635978726804,0.0009213966601576507,0.5262996873801075,0.5302275083652533
