beta,kappa,spectral_condition,spectral_enabled,expm_max_error,fallbacks,stationarity_error
0.0,0.02,4.2549834433939155,True,3.937822290467352e-16,0,5.989440746167959e-16
0.0,0.2,3.0189860440542264,True,1.7694179454963432e-16,0,5.854491140711045e-16
0.0,2.0,4.267739170906262,True,2.419939248987646e-16,0,3.473783760643556e-16
0.5,0.02,2838.048429911105,True,1.339206523454095e-15,0,8.6953481762788665e-16
0.5,0.2,37.93524607191935,True,4.996003610813204e-16,0,1.3726573948463666e-15
0.5,2.0,41.06053031633954,True,4.874572967494828e-16,0,3.212889969935127e-16
1.0,0.02,2153.1911818922463,True,8.07340305719606e-15,0,4.83631820730534e-16
1.0,0.2,102.22534405789058,True,1.5057399771478686e-15,0,5.611225888062821e-16
1.0,2.0,60.2877906245768,True,3.750526365170481e-16,0,2.4279891791729003e-16
