beta,kappa,horizon,comparison,replicas,r2_gain_mean,r2_gain_se,r2_gain_low95,r2_gain_high95
0.0,0.02,1.0,price_history_current_queue - current_queue,16,-3.5302540172536426e-34,5.729065740205108e-35,-4.7513754740976085e-34,-2.309132560409676e-34
0.0,0.02,1.0,queue_price_history - price_history_current_queue,16,-2.40707323280954e-34,4.734280373465341e-35,-3.4161612078668526e-34,-1.3979852577522278e-34
0.0,0.02,1.0,marked_history - queue_price_history,16,-6.98604023662475e-34,5.035289196411737e-35,-8.059286723569906e-34,-5.912793749679594e-34
0.0,0.02,4.0,price_history_current_queue - current_queue,16,-2.071013011191928e-35,4.1590260262368945e-35,-1.0935767144783955e-34,6.793741122400098e-35
0.0,0.02,4.0,queue_price_history - price_history_current_queue,16,2.6307719360152677e-35,4.360132086531855e-35,-6.662629618401677e-35,1.1924173490432212e-34
0.0,0.02,4.0,marked_history - queue_price_history,16,-2.342209961491177e-34,2.9205709463126734e-35,-2.964714923120368e-34,-1.719704999861986e-34
0.0,0.02,16.0,price_history_current_queue - current_queue,16,-8.630402422720134e-35,5.963552608802948e-36,-9.90150357251535e-35,-7.359301272924918e-35
0.0,0.02,16.0,queue_price_history - price_history_current_queue,16,7.366249122985271e-36,7.814254993027647e-36,-9.289441130788178e-36,2.402193937675872e-35
0.0,0.02,16.0,marked_history - queue_price_history,16,-6.323032137356821e-35,7.51672914618085e-36,-7.92518502962879e-35,-4.7208792450848516e-35
0.0,0.2,1.0,price_history_current_queue - current_queue,16,1.965564317258216e-34,6.421629807201285e-35,5.968263238272781e-35,3.3343023106891542e-34
0.0,0.2,1.0,queue_price_history - price_history_current_queue,16,-2.001701482635621e-34,5.675814722950725e-35,-3.211472753826845e-34,-7.919302114443974e-35
0.0,0.2,1.0,marked_history - queue_price_history,16,-6.3055706179360925e-34,3.4271369515761213e-35,-7.036047567736742e-34,-5.575093668135443e-34
0.0,0.2,4.0,price_history_current_queue - current_queue,16,1.2959599434328806e-34,3.9904211272711544e-35,4.4542181360163835e-35,2.1464980732641227e-34
0.0,0.2,4.0,queue_price_history - price_history_current_queue,16,1.6764264548371526e-35,3.943059272426222e-35,-6.728005439489193e-35,1.0080858349163499e-34
0.0,0.2,4.0,marked_history - queue_price_history,16,-2.349745037238574e-34,3.581743220640134e-35,-3.113175533232934e-34,-1.5863145412442141e-34
0.0,0.2,16.0,price_history_current_queue - current_queue,16,-3.361769294166859e-35,9.698044243081335e-36,-5.428858493639851e-35,-1.2946800946938669e-35
0.0,0.2,16.0,queue_price_history - price_history_current_queue,16,2.831025161503705e-35,1.0556151143572808e-35,5.8103480572132594e-36,5.081015517286084e-35
0.0,0.2,16.0,marked_history - queue_price_history,16,-1.1658903575198226e-34,1.1739534517581114e-35,-1.416112612645585e-34,-9.156681023940601e-35
0.0,2.0,1.0,price_history_current_queue - current_queue,16,8.147000317709127e-35,7.772303493503693e-35,-8.419272431468459e-35,2.4713273066886714e-34
0.0,2.0,1.0,queue_price_history - price_history_current_queue,16,1.35675268196241e-33,9.75526945024675e-35,1.1488240355970381e-33,1.5646813283277817e-33
0.0,2.0,1.0,marked_history - queue_price_history,16,0.0,0.0,0.0,0.0
0.0,2.0,4.0,price_history_current_queue - current_queue,16,-8.37920886943416e-36,4.1432439861836113e-35,-9.669036398435873e-35,7.99319462454904e-35
0.0,2.0,4.0,queue_price_history - price_history_current_queue,16,8.079888765423967e-34,4.4331841436970547e-35,7.134977932577578e-34,9.024799598270356e-34
0.0,2.0,4.0,marked_history - queue_price_history,16,0.0,0.0,0.0,0.0
0.0,2.0,16.0,price_history_current_queue - current_queue,16,-9.008544827346878e-35,1.5765972336727322e-35,-1.236898228458871e-34,-5.648107370105047e-35
0.0,2.0,16.0,queue_price_history - price_history_current_queue,16,2.654341886825497e-34,1.4049281773051772e-35,2.3548885343194363e-34,2.9537952393315575e-34
0.0,2.0,16.0,marked_history - queue_price_history,16,0.0,0.0,0.0,0.0
0.5,0.02,1.0,price_history_current_queue - current_queue,16,0.02270320664094568,0.0010158705040524832,0.020537929916735892,0.024868483365155465
0.5,0.02,1.0,queue_price_history - price_history_current_queue,16,0.0018387615223808295,0.00036438921054008044,0.0010620843051684546,0.0026154387395932047
0.5,0.02,1.0,marked_history - queue_price_history,16,0.0011102914568153926,0.0002965139762190952,0.0004782868769512143,0.0017422960366795708
0.5,0.02,4.0,price_history_current_queue - current_queue,16,0.10985580920421958,0.004053745704325095,0.1012154547649228,0.11849616364351637
0.5,0.02,4.0,queue_price_history - price_history_current_queue,16,0.008357010181424129,0.0013024341768809898,0.005580937446990212,0.011133082915858045
0.5,0.02,4.0,marked_history - queue_price_history,16,0.005589401026720862,0.0009371697347989566,0.003591871021371675,0.00758693103207005
0.5,0.02,16.0,price_history_current_queue - current_queue,16,0.14572361394441002,0.005688363426380199,0.13359915430427569,0.15784807358454436
0.5,0.02,16.0,queue_price_history - price_history_current_queue,16,0.012329302256671629,0.0018775618462275514,0.008327373912770391,0.016331230600572864
0.5,0.02,16.0,marked_history - queue_price_history,16,0.008135863705145659,0.001351946887601257,0.005254257125947619,0.0110174702843437
0.5,0.2,1.0,price_history_current_queue - current_queue,16,0.005619016939302374,0.000569318395621526,0.0044055435036763095,0.006832490374928438
0.5,0.2,1.0,queue_price_history - price_history_current_queue,16,0.003109761743381139,0.00041422156318349945,0.002226869380772797,0.003992654105989481
0.5,0.2,1.0,marked_history - queue_price_history,16,0.0027812643752988873,0.0006068848365866601,0.0014877199661494065,0.004074808784448368
0.5,0.2,4.0,price_history_current_queue - current_queue,16,0.017596765172001958,0.0010655730305601722,0.015325550020254208,0.019867980323749708
0.5,0.2,4.0,queue_price_history - price_history_current_queue,16,0.009628566595595049,0.000937491770061718,0.007630350188331395,0.011626783002858703
0.5,0.2,4.0,marked_history - queue_price_history,16,0.007070001816651763,0.000984719935921774,0.0049711209567280925,0.009168882676575434
0.5,0.2,16.0,price_history_current_queue - current_queue,16,0.0061912182268580515,0.0003562692634682376,0.005431848267141922,0.006950588186574181
0.5,0.2,16.0,queue_price_history - price_history_current_queue,16,0.0035808693502141498,0.00033953535620319473,0.0028571668695335276,0.004304571830894772
0.5,0.2,16.0,marked_history - queue_price_history,16,0.002495533091961993,0.00032600096386083013,0.0018006784856889253,0.0031903876982350607
0.5,2.0,1.0,price_history_current_queue - current_queue,16,0.00013472608468863064,2.402148804866084e-05,8.35254949036538e-05,0.0001859266744736075
0.5,2.0,1.0,queue_price_history - price_history_current_queue,16,0.0006289093941635104,0.00012481211054106125,0.0003628786778704654,0.0008949401104565555
0.5,2.0,1.0,marked_history - queue_price_history,16,0.00034486671499845485,0.00010177927994429207,0.0001279293150138384,0.0005618041149830713
0.5,2.0,4.0,price_history_current_queue - current_queue,16,8.697646484579098e-05,9.129178200032128e-06,6.751808212000242e-05,0.00010643484757157955
0.5,2.0,4.0,queue_price_history - price_history_current_queue,16,0.00037482948551725663,4.6745514124373486e-05,0.0002751937806799239,0.0004744651903545894
0.5,2.0,4.0,marked_history - queue_price_history,16,0.00017231703140030758,3.694537734472934e-05,9.356982364836651e-05,0.00025106423915224863
0.5,2.0,16.0,price_history_current_queue - current_queue,16,2.2522253233930325e-05,2.3534041307371695e-06,1.750609106895315e-05,2.7538415398907498e-05
0.5,2.0,16.0,queue_price_history - price_history_current_queue,16,9.755528411018014e-05,1.1789486170652856e-05,7.242658916936418e-05,0.0001226839790509961
0.5,2.0,16.0,marked_history - queue_price_history,16,4.4152712347248036e-05,9.271097882539623e-06,2.4391834978672955e-05,6.391358971582311e-05
1.0,0.02,1.0,price_history_current_queue - current_queue,16,0.03115844422851366,0.00157860514764148,0.027793727003955618,0.0345231614530717
1.0,0.02,1.0,queue_price_history - price_history_current_queue,16,0.00250578472824323,0.0004732622041242088,0.0014970502183322817,0.0035145192381541785
1.0,0.02,1.0,marked_history - queue_price_history,16,0.0007912747986012023,0.0005510609779146666,-0.0003832838723504899,0.0019658334695528946
1.0,0.02,4.0,price_history_current_queue - current_queue,16,0.10351377367829312,0.004083129586618691,0.09481078897643488,0.11221675838015135
1.0,0.02,4.0,queue_price_history - price_history_current_queue,16,0.009247742765821828,0.0010712264241072055,0.006964477690967386,0.01153100784067627
1.0,0.02,4.0,marked_history - queue_price_history,16,0.004096835952375305,0.001173927281767077,0.0015946691811331778,0.006599002723617433
1.0,0.02,16.0,price_history_current_queue - current_queue,16,0.1021145539115898,0.0038810570464782542,0.09384227663358391,0.11038683118959569
1.0,0.02,16.0,queue_price_history - price_history_current_queue,16,0.00988534313052603,0.0010214245257633041,0.007708228289264689,0.012062457971787371
1.0,0.02,16.0,marked_history - queue_price_history,16,0.004441529070225617,0.001138404754340653,0.002015076773923659,0.006867981366527574
1.0,0.2,1.0,price_history_current_queue - current_queue,16,0.018332320597111467,0.0011040841358364007,0.015979020967523714,0.02068562022669922
1.0,0.2,1.0,queue_price_history - price_history_current_queue,16,0.010946916206392623,0.0006539917074473405,0.009552965878754423,0.012340866534030822
1.0,0.2,1.0,marked_history - queue_price_history,16,0.004241361593466572,0.0007829885016912122,0.0025724611073586626,0.005910262079574481
1.0,0.2,4.0,price_history_current_queue - current_queue,16,0.037686297081305525,0.002022051142178478,0.033376397093211496,0.041996197069399555
1.0,0.2,4.0,queue_price_history - price_history_current_queue,16,0.02304169600268304,0.0008947101178995947,0.021134666528478622,0.02494872547688746
1.0,0.2,4.0,marked_history - queue_price_history,16,0.007304988452519937,0.0007970412316669866,0.0056061352814912955,0.00900384162354858
1.0,0.2,16.0,price_history_current_queue - current_queue,16,0.010626977400310097,0.0005695823096049412,0.009412941445344016,0.011841013355276177
1.0,0.2,16.0,queue_price_history - price_history_current_queue,16,0.006711341912395292,0.00025537044536290095,0.006167032692677255,0.007255651132113329
1.0,0.2,16.0,marked_history - queue_price_history,16,0.002062897384557193,0.00022037100290290927,0.001593187710565335,0.002532607058549051
1.0,2.0,1.0,price_history_current_queue - current_queue,16,0.0012185855353811208,8.54936316829719e-05,0.0010363601729822343,0.0014008108977800074
1.0,2.0,1.0,queue_price_history - price_history_current_queue,16,0.006699417978834005,0.00034498275469686644,0.005964104643109566,0.007434731314558444
1.0,2.0,1.0,marked_history - queue_price_history,16,0.0020471661927667162,0.0003624329059018157,0.0012746587401865463,0.002819673645346886
1.0,2.0,4.0,price_history_current_queue - current_queue,16,0.0006492799967902324,4.1862017626531385e-05,0.0005600532183439657,0.0007385067752364991
1.0,2.0,4.0,queue_price_history - price_history_current_queue,16,0.003070479519408039,0.00013409669525681411,0.0027846591792418953,0.0033562998595741823
1.0,2.0,4.0,marked_history - queue_price_history,16,0.0008281093608381834,0.00012670337976911292,0.0005580474996084773,0.0010981712220678895
1.0,2.0,16.0,price_history_current_queue - current_queue,16,0.00015676162924315395,1.0116702824764266e-05,0.00013519838760475144,0.00017832487088155645
1.0,2.0,16.0,queue_price_history - price_history_current_queue,16,0.0007409227643945116,3.2313067914202176e-05,0.0006720490904731579,0.0008097964383158654
1.0,2.0,16.0,marked_history - queue_price_history,16,0.00019949874108763472,3.047529554161026e-05,0.00013454218625468347,0.00026445529592058597
