beta,kappa,horizon,variance,oracle_r2,current_queue_r2,hidden_oracle_gap,queue_entropy_bits,mean_queue,cap_side_fraction,price_move_rate
0.0,0.02,1.0,0.12565553381681938,0.18368242717095273,0.18368242717095268,5.551115123125783e-17,1.0,4.413430293342829,0.060148963543664155,0.1256555338168194
0.0,0.02,4.0,0.5026221352672771,0.10446344065705099,0.10446344065705102,-2.7755575615628914e-17,1.0,4.413430293342829,0.060148963543664155,0.1256555338168194
0.0,0.02,16.0,2.0104885410691122,0.028523513419575333,0.02852351341957533,3.469446951953614e-18,1.0,4.413430293342829,0.060148963543664155,0.1256555338168194
0.0,0.2,1.0,0.1256555338168193,0.18368242717095268,0.18368242717095265,2.7755575615628914e-17,1.0,4.413430293342831,0.060148963543664155,0.12565553381681935
0.0,0.2,4.0,0.5026221352672762,0.10446344065705081,0.10446344065705085,-4.163336342344337e-17,1.0,4.413430293342831,0.060148963543664155,0.12565553381681935
0.0,0.2,16.0,2.010488541069107,0.02852351341957519,0.028523513419575184,6.938893903907228e-18,1.0,4.413430293342831,0.060148963543664155,0.12565553381681935
0.0,2.0,1.0,0.12565553381681893,0.18368242717095254,0.18368242717095254,0.0,0.9999999999999996,4.413430293342835,0.06014896354366468,0.125655533816819
0.0,2.0,4.0,0.5026221352672745,0.10446344065705047,0.10446344065705049,-1.3877787807814457e-17,0.9999999999999996,4.413430293342835,0.06014896354366468,0.125655533816819
0.0,2.0,16.0,2.010488541069104,0.02852351341957535,0.028523513419575357,-6.938893903907228e-18,0.9999999999999996,4.413430293342835,0.06014896354366468,0.125655533816819
0.5,0.02,1.0,0.31489616653344465,0.428109220500607,0.39451253939237046,0.03359668110823655,0.4835972878115017,4.396578318604373,0.10214101106048393,0.2978195127259736
0.5,0.02,4.0,2.0606492819756763,0.6310577902987335,0.46539123890202966,0.1656665513967039,0.4835972878115017,4.396578318604373,0.10214101106048393,0.2978195127259736
0.5,0.02,16.0,20.880678539712655,0.6162242116154009,0.3884672927211263,0.22775691889427457,0.4835972878115017,4.396578318604373,0.10214101106048393,0.2978195127259736
0.5,0.2,1.0,0.2639455706648408,0.38000952654716735,0.33359487473112887,0.04641465181603849,0.7138372957484849,4.445434953062094,0.09559494230277839,0.25219709800387985
0.5,0.2,4.0,1.467236007324298,0.3659270929029096,0.2470387690311893,0.1188883238717203,0.7138372957484849,4.445434953062094,0.09559494230277839,0.25219709800387985
0.5,0.2,16.0,8.246234919876951,0.10818670032124991,0.06538072283329666,0.042805977487953256,0.7138372957484849,4.445434953062094,0.09559494230277839,0.25219709800387985
0.5,2.0,1.0,0.15773749171131046,0.2212349639621439,0.2052793097925939,0.01595565416955,0.9720156252802097,4.562276406215975,0.08165967244566179,0.15587942288826329
0.5,2.0,4.0,0.6564113005433542,0.11156175495456896,0.10359938657749207,0.007962368377076895,0.9720156252802097,4.562276406215975,0.08165967244566179,0.15587942288826329
0.5,2.0,16.0,2.6837300112440503,0.028663996922102464,0.026617926539238588,0.0020460703828638765,0.9720156252802097,4.562276406215975,0.08165967244566179,0.15587942288826329
1.0,0.02,1.0,0.7854035831903954,0.630718741547654,0.5889507340875826,0.041768007460071366,0.2661032550463619,4.425895408860028,0.15253420996094058,0.6476923437021362
1.0,0.02,4.0,7.642721043793907,0.8114434043236162,0.6747723746883286,0.13667102963528754,0.2661032550463619,4.425895408860028,0.15253420996094058,0.6476923437021362
1.0,0.02,16.0,94.79673817247135,0.6681254249350949,0.5316715300732934,0.13645389486180148,0.2661032550463619,4.425895408860028,0.15253420996094058,0.6476923437021362
1.0,0.2,1.0,0.6533666745468084,0.5649387557948667,0.4967318727146431,0.06820688308022366,0.5091163897484212,4.507110453764158,0.14729483722046385,0.5513577467818451
1.0,0.2,4.0,5.078828068450836,0.4575058606902971,0.33215296450753073,0.12535289618276635,0.5091163897484212,4.507110453764158,0.14729483722046385,0.5513577467818451
1.0,0.2,16.0,32.30389027057787,0.11672241520044908,0.08097620814655847,0.035746207053890616,0.5091163897484212,4.507110453764158,0.14729483722046385,0.5513577467818451
1.0,2.0,1.0,0.27242426395211683,0.28407414079161986,0.244321303177296,0.039752837614323855,0.9149657467983752,4.833049458562399,0.13284337522731066,0.25610553631138555
1.0,2.0,4.0,1.2334412565733184,0.10661017098198886,0.08989918240264648,0.016710988579342376,0.9149657467983752,4.833049458562399,0.13284337522731066,0.25610553631138555
1.0,2.0,16.0,5.161188528717299,0.025652343150755565,0.021624037800655152,0.004028305350100413,0.9149657467983752,4.833049458562399,0.13284337522731066,0.25610553631138555
