beta,kappa,horizon,arm,replicas,oracle_gap_mean,oracle_gap_se,oracle_gap_low95,oracle_gap_high95,conditional_r2_mean,conditional_r2_se,conditional_r2_low95,conditional_r2_high95,hidden_recovery_mean,hidden_recovery_se,hidden_recovery_low95,hidden_recovery_high95,direct_risk_r2_mean,direct_risk_r2_se,direct_risk_r2_low95,direct_risk_r2_high95,projection_identity_residual_mean,projection_identity_residual_se,projection_identity_residual_low95,projection_identity_residual_high95,realized_r2_mean,realized_r2_se,realized_r2_low95,realized_r2_high95,risk_identity_residual_mean,risk_identity_residual_se,risk_identity_residual_low95,risk_identity_residual_high95
0.0,0.02,1.0,current_queue,16,5.551115123125783e-17,0.0,5.551115123125783e-17,5.551115123125783e-17,0.18368242717095268,0.0,0.18368242717095268,0.18368242717095268,,,,,0.18368242717095273,0.0,0.18368242717095273,0.18368242717095273,5.551115123125783e-17,0.0,5.551115123125783e-17,5.551115123125783e-17,0.19562805177754586,0.025644761329911007,0.14096753689492975,0.25028856666016197,1.3877787807814457e-17,9.480333893807274e-18,-6.329065561891705e-18,3.408464117752062e-17
0.0,0.02,1.0,price_history_current_queue,16,5.551115123125783e-17,0.0,5.551115123125783e-17,5.551115123125783e-17,0.18368242717095268,0.0,0.18368242717095268,0.18368242717095268,,,,,0.18368242717095273,0.0,0.18368242717095273,0.18368242717095273,5.551115123125783e-17,0.0,5.551115123125783e-17,5.551115123125783e-17,0.19562805177754589,0.025644761329911003,0.14096753689492977,0.25028856666016197,0.0,1.4332917616497526e-17,-3.0549890740222866e-17,3.0549890740222866e-17
0.0,0.02,1.0,queue_price_history,16,5.551115123125783e-17,0.0,5.551115123125783e-17,5.551115123125783e-17,0.18368242717095268,0.0,0.18368242717095268,0.18368242717095268,,,,,0.18368242717095273,0.0,0.18368242717095273,0.18368242717095273,5.551115123125783e-17,0.0,5.551115123125783e-17,5.551115123125783e-17,0.19562805177754589,0.02564476132991101,0.14096753689492977,0.250288566660162,-8.850051050139096e-34,1.0134903240813529e-17,-2.1602034906919707e-17,2.1602034906919707e-17
0.0,0.02,1.0,marked_history,16,5.551115123125783e-17,0.0,5.551115123125783e-17,5.551115123125783e-17,0.18368242717095268,0.0,0.18368242717095268,0.18368242717095268,,,,,0.18368242717095273,0.0,0.18368242717095273,0.18368242717095273,5.551115123125783e-17,0.0,5.551115123125783e-17,5.551115123125783e-17,0.19562805177754586,0.025644761329911003,0.14096753689492975,0.25028856666016197,1.3877787807814455e-17,9.480333893807274e-18,-6.329065561891707e-18,3.408464117752062e-17
0.0,0.02,1.0,price_only,16,0.18368242717095273,0.0,0.18368242717095273,0.18368242717095273,2.3816866615678225e-31,3.667758187949455e-33,2.303510246338559e-31,2.459863076797086e-31,,,,,-0.0011647233344233721,0.005621159276360972,-0.013145940719539539,0.010816494050692795,-0.0011647233344233721,0.005621159276360972,-0.013145940719539539,0.010816494050692795,0.008131315217751345,0.03220724865984958,-0.06051681030200115,0.07677944073750384,0.0026495860544184287,0.011361130569627143,-0.021566090535253477,0.026865262644090337
0.0,0.02,4.0,current_queue,16,-2.7755575615628914e-17,0.0,-2.7755575615628914e-17,-2.7755575615628914e-17,0.10446344065705102,0.0,0.10446344065705102,0.10446344065705102,,,,,0.10446344065705099,0.0,0.10446344065705099,0.10446344065705099,-2.7755575615628914e-17,0.0,-2.7755575615628914e-17,-2.7755575615628914e-17,0.09540741419876918,0.027574354851765757,0.03663406808088154,0.1541807603166568,-6.938893903907228e-18,6.938893903907228e-18,-2.1728796162074647e-17,7.85100835426019e-18
0.0,0.02,4.0,price_history_current_queue,16,-2.7755575615628914e-17,0.0,-2.7755575615628914e-17,-2.7755575615628914e-17,0.10446344065705102,0.0,0.10446344065705102,0.10446344065705102,,,,,0.10446344065705099,0.0,0.10446344065705099,0.10446344065705099,-2.7755575615628914e-17,0.0,-2.7755575615628914e-17,-2.7755575615628914e-17,0.09540741419876919,0.027574354851765754,0.036634068080881564,0.1541807603166568,-2.0816681711721685e-17,1.509641381540076e-17,-5.299392607813312e-17,1.1360562654689749e-17
0.0,0.02,4.0,queue_price_history,16,-2.7755575615628914e-17,0.0,-2.7755575615628914e-17,-2.7755575615628914e-17,0.10446344065705102,0.0,0.10446344065705102,0.10446344065705102,,,,,0.10446344065705099,0.0,0.10446344065705099,0.10446344065705099,-2.7755575615628914e-17,0.0,-2.7755575615628914e-17,-2.7755575615628914e-17,0.09540741419876918,0.027574354851765757,0.03663406808088154,0.1541807603166568,-6.938893903907228e-18,6.938893903907228e-18,-2.1728796162074647e-17,7.85100835426019e-18
0.0,0.02,4.0,marked_history,16,-2.7755575615628914e-17,0.0,-2.7755575615628914e-17,-2.7755575615628914e-17,0.10446344065705102,0.0,0.10446344065705102,0.10446344065705102,,,,,0.10446344065705099,0.0,0.10446344065705099,0.10446344065705099,-2.7755575615628914e-17,0.0,-2.7755575615628914e-17,-2.7755575615628914e-17,0.09540741419876916,0.02757435485176576,0.03663406808088152,0.1541807603166568,-9.677089398489136e-34,3.7384914898690693e-35,-1.047392999720502e-33,-8.880248799773253e-34
0.0,0.02,4.0,price_only,16,0.10446344065705099,0.0,0.10446344065705099,0.10446344065705099,3.139696955998954e-31,3.954638015321401e-33,3.0554058419928696e-31,3.223988070005038e-31,,,,,-0.0002108110889793768,0.0020034254779168867,-0.004481011413447295,0.004059389235488541,-0.0002108110889793768,0.0020034254779168867,-0.004481011413447295,0.004059389235488541,-0.01566964734558457,0.03187219098573023,-0.08360361433809921,0.05226431964693007,0.006402809798323376,0.007300506258797367,-0.009157850949343266,0.021963470545990016
0.0,0.02,16.0,current_queue,16,3.469446951953614e-18,0.0,3.469446951953614e-18,3.469446951953614e-18,0.02852351341957533,0.0,0.02852351341957533,0.02852351341957533,,,,,0.028523513419575333,0.0,0.028523513419575333,0.028523513419575333,3.469446951953614e-18,0.0,3.469446951953614e-18,3.469446951953614e-18,0.03412944256693862,0.03956197705389313,-0.05019491544601026,0.1184538005798875,-1.612238241302309e-34,9.020564520552545e-36,-1.8045070227825117e-34,-1.4199694598221064e-34
0.0,0.02,16.0,price_history_current_queue,16,3.469446951953614e-18,0.0,3.469446951953614e-18,3.469446951953614e-18,0.02852351341957533,0.0,0.02852351341957533,0.02852351341957533,,,,,0.028523513419575333,0.0,0.028523513419575333,0.028523513419575333,3.469446951953614e-18,0.0,3.469446951953614e-18,3.469446951953614e-18,0.03412944256693862,0.03956197705389313,-0.05019491544601026,0.1184538005798875,0.0,1.0134903240813529e-17,-2.1602034906919707e-17,2.1602034906919707e-17
0.0,0.02,16.0,queue_price_history,16,3.469446951953614e-18,0.0,3.469446951953614e-18,3.469446951953614e-18,0.02852351341957533,0.0,0.02852351341957533,0.02852351341957533,,,,,0.028523513419575333,0.0,0.028523513419575333,0.028523513419575333,3.469446951953614e-18,0.0,3.469446951953614e-18,3.469446951953614e-18,0.03412944256693861,0.03956197705389313,-0.05019491544601027,0.1184538005798875,6.938893903907228e-18,6.938893903907228e-18,-7.85100835426019e-18,2.1728796162074647e-17
0.0,0.02,16.0,marked_history,16,3.469446951953614e-18,0.0,3.469446951953614e-18,3.469446951953614e-18,0.02852351341957533,0.0,0.02852351341957533,0.02852351341957533,,,,,0.028523513419575333,0.0,0.028523513419575333,0.028523513419575333,3.469446951953614e-18,0.0,3.469446951953614e-18,3.469446951953614e-18,0.034129442566938624,0.03956197705389313,-0.050194915446010256,0.1184538005798875,-6.938893903907228e-18,1.5924219792849696e-17,-4.0880564944763486e-17,2.700277713694903e-17
0.0,0.02,16.0,price_only,16,0.028523513419575333,0.0,0.028523513419575333,0.028523513419575333,8.445494195654088e-32,1.1055006905442345e-33,8.209862301206485e-32,8.68112609010169e-32,,,,,-3.466990310917791e-05,0.0005142283839818872,-0.0011307217584610764,0.0010613819522427206,-3.466990310917791e-05,0.0005142283839818872,-0.0011307217584610764,0.0010613819522427206,0.009588517007344421,0.04145191999942016,-0.07876415903798109,0.09794119305266993,-0.004017257763090316,0.0034436597763895928,-0.011357244828536834,0.003322729302356201
0.0,0.2,1.0,current_queue,16,2.7755575615628914e-17,0.0,2.7755575615628914e-17,2.7755575615628914e-17,0.18368242717095265,0.0,0.18368242717095265,0.18368242717095265,,,,,0.18368242717095268,0.0,0.18368242717095268,0.18368242717095268,2.7755575615628914e-17,0.0,2.7755575615628914e-17,2.7755575615628914e-17,0.1705268163611171,0.02668476451345719,0.11364958716555124,0.22740404555668298,-6.938893903907228e-18,1.2282691574338805e-17,-3.3118831278277e-17,1.9241043470462543e-17
0.0,0.2,1.0,price_history_current_queue,16,2.7755575615628914e-17,0.0,2.7755575615628914e-17,2.7755575615628914e-17,0.18368242717095265,0.0,0.18368242717095265,0.18368242717095265,,,,,0.18368242717095268,0.0,0.18368242717095268,0.18368242717095268,2.7755575615628914e-17,0.0,2.7755575615628914e-17,2.7755575615628914e-17,0.1705268163611171,0.026684764513457186,0.11364958716555124,0.22740404555668298,-6.938893903907228e-18,1.2282691574338805e-17,-3.3118831278277e-17,1.9241043470462543e-17
0.0,0.2,1.0,queue_price_history,16,2.7755575615628914e-17,0.0,2.7755575615628914e-17,2.7755575615628914e-17,0.18368242717095265,0.0,0.18368242717095265,0.18368242717095265,,,,,0.18368242717095268,0.0,0.18368242717095268,0.18368242717095268,2.7755575615628914e-17,0.0,2.7755575615628914e-17,2.7755575615628914e-17,0.1705268163611171,0.026684764513457186,0.11364958716555124,0.22740404555668298,-6.93889390390723e-18,6.938893903907228e-18,-2.1728796162074647e-17,7.851008354260189e-18
0.0,0.2,1.0,marked_history,16,2.7755575615628914e-17,0.0,2.7755575615628914e-17,2.7755575615628914e-17,0.18368242717095265,0.0,0.18368242717095265,0.18368242717095265,,,,,0.18368242717095268,0.0,0.18368242717095268,0.18368242717095268,2.7755575615628914e-17,0.0,2.7755575615628914e-17,2.7755575615628914e-17,0.1705268163611171,0.02668476451345718,0.11364958716555126,0.22740404555668295,-2.0816681711721685e-17,1.818290333765418e-17,-5.957262276771377e-17,1.793925934427041e-17
0.0,0.2,1.0,price_only,16,0.18368242717095268,0.0,0.18368242717095268,0.18368242717095268,3.2631596913182855e-33,5.391746514833144e-35,3.1482373347301636e-33,3.3780820479064074e-33,,,,,0.007030545811095721,0.0044645970720211155,-0.0024855175891691696,0.016546609211360613,0.007030545811095721,0.0044645970720211155,-0.0024855175891691696,0.016546609211360613,-0.007412170537896667,0.03270351957861496,-0.07711807248192595,0.06229373140613262,0.0012871055391568097,0.00972802435271665,-0.01944768754663112,0.02202189862494474
0.0,0.2,4.0,current_queue,16,-4.163336342344337e-17,0.0,-4.163336342344337e-17,-4.163336342344337e-17,0.10446344065705085,0.0,0.10446344065705085,0.10446344065705085,,,,,0.10446344065705081,0.0,0.10446344065705081,0.10446344065705081,-4.163336342344337e-17,0.0,-4.163336342344337e-17,-4.163336342344337e-17,0.08313688663555915,0.023997920077769425,0.03198653079142856,0.13428724247968976,-1.1276867926074503e-33,3.027843419597935e-35,-1.1922237474147184e-33,-1.0631498378001823e-33
0.0,0.2,4.0,price_history_current_queue,16,-4.163336342344337e-17,0.0,-4.163336342344337e-17,-4.163336342344337e-17,0.10446344065705085,0.0,0.10446344065705085,0.10446344065705085,,,,,0.10446344065705081,0.0,0.10446344065705081,0.10446344065705081,-4.163336342344337e-17,0.0,-4.163336342344337e-17,-4.163336342344337e-17,0.08313688663555914,0.023997920077769425,0.03198653079142855,0.13428724247968973,6.9388939039072276e-18,6.938893903907228e-18,-7.85100835426019e-18,2.1728796162074647e-17
0.0,0.2,4.0,queue_price_history,16,-4.163336342344337e-17,0.0,-4.163336342344337e-17,-4.163336342344337e-17,0.10446344065705085,0.0,0.10446344065705085,0.10446344065705085,,,,,0.10446344065705081,0.0,0.10446344065705081,0.10446344065705081,-4.163336342344337e-17,0.0,-4.163336342344337e-17,-4.163336342344337e-17,0.08313688663555913,0.023997920077769425,0.03198653079142853,0.1342872424796897,1.3877787807814457e-17,9.480333893807274e-18,-6.329065561891705e-18,3.408464117752062e-17
0.0,0.2,4.0,marked_history,16,-4.163336342344337e-17,0.0,-4.163336342344337e-17,-4.163336342344337e-17,0.10446344065705085,0.0,0.10446344065705085,0.10446344065705085,,,,,0.10446344065705081,0.0,0.10446344065705081,0.10446344065705081,-4.163336342344337e-17,0.0,-4.163336342344337e-17,-4.163336342344337e-17,0.08313688663555913,0.02399792007776942,0.03198653079142855,0.1342872424796897,1.3877787807814457e-17,1.3877787807814457e-17,-1.570201670852038e-17,4.3457592324149294e-17
0.0,0.2,4.0,price_only,16,0.10446344065705081,0.0,0.10446344065705081,0.10446344065705081,1.468127831517673e-32,7.168757591171351e-35,1.452847986407746e-32,1.4834076766276003e-32,,,,,0.0026765372730925847,0.0018495647709994368,-0.0012657167175366977,0.006618791263721867,0.0026765372730925847,0.0018495647709994368,-0.0012657167175366977,0.006618791263721867,-0.020284119679294194,0.031149585839464214,-0.08667789026118132,0.04610965090259293,0.001634102930895118,0.009346428252270852,-0.018287337320010408,0.02155554318180064
0.0,0.2,16.0,current_queue,16,6.938893903907228e-18,0.0,6.938893903907228e-18,6.938893903907228e-18,0.028523513419575184,0.0,0.028523513419575184,0.028523513419575184,,,,,0.02852351341957519,0.0,0.02852351341957519,0.02852351341957519,6.938893903907228e-18,0.0,6.938893903907228e-18,6.938893903907228e-18,-0.008405633636536645,0.035462259040390874,-0.08399164955268476,0.06718038227961148,-1.3877787807814457e-17,1.7184564531560762e-17,-5.0505820069244504e-17,2.275024445361559e-17
0.0,0.2,16.0,price_history_current_queue,16,6.938893903907228e-18,0.0,6.938893903907228e-18,6.938893903907228e-18,0.028523513419575184,0.0,0.028523513419575184,0.028523513419575184,,,,,0.02852351341957519,0.0,0.02852351341957519,0.02852351341957519,6.938893903907228e-18,0.0,6.938893903907228e-18,6.938893903907228e-18,-0.008405633636536673,0.03546225904039087,-0.08399164955268479,0.06718038227961143,1.3877787807814457e-17,1.3877787807814457e-17,-1.570201670852038e-17,4.3457592324149294e-17
0.0,0.2,16.0,queue_price_history,16,6.938893903907228e-18,0.0,6.938893903907228e-18,6.938893903907228e-18,0.028523513419575184,0.0,0.028523513419575184,0.028523513419575184,,,,,0.02852351341957519,0.0,0.02852351341957519,0.02852351341957519,6.938893903907228e-18,0.0,6.938893903907228e-18,6.938893903907228e-18,-0.008405633636536632,0.035462259040390874,-0.08399164955268476,0.06718038227961148,-2.7755575615628914e-17,1.6024689053196365e-17,-6.191139181579377e-17,6.400240584535937e-18
0.0,0.2,16.0,marked_history,16,6.938893903907228e-18,0.0,6.938893903907228e-18,6.938893903907228e-18,0.028523513419575184,0.0,0.028523513419575184,0.028523513419575184,,,,,0.02852351341957519,0.0,0.02852351341957519,0.02852351341957519,6.938893903907228e-18,0.0,6.938893903907228e-18,6.938893903907228e-18,-0.008405633636536645,0.035462259040390874,-0.08399164955268476,0.06718038227961148,-1.3877787807814457e-17,1.7184564531560762e-17,-5.0505820069244504e-17,2.275024445361559e-17
0.0,0.2,16.0,price_only,16,0.02852351341957519,0.0,0.02852351341957519,0.02852351341957519,3.954806656531045e-33,2.1172781175346708e-35,3.909677941716625e-33,3.999935371345465e-33,,,,,0.0007030897357393916,0.00048300717975724954,-0.00032641569805608823,0.0017325951695348714,0.0007030897357393916,0.00048300717975724954,-0.00032641569805608823,0.0017325951695348714,-0.041109961922211294,0.037709736956210174,-0.12148636362068707,0.03926643977626448,0.004883904601838835,0.003869348711378652,-0.003363416950639745,0.013131226154317416
0.0,2.0,1.0,current_queue,16,0.0,0.0,0.0,0.0,0.18368242717095254,0.0,0.18368242717095254,0.18368242717095254,,,,,0.18368242717095254,0.0,0.18368242717095254,0.18368242717095254,0.0,0.0,0.0,0.0,0.17545593738356097,0.022276368137543103,0.12797498264008253,0.2229368921270394,-1.3877787807814457e-17,1.3877787807814457e-17,-4.3457592324149294e-17,1.570201670852038e-17
0.0,2.0,1.0,price_history_current_queue,16,0.0,0.0,0.0,0.0,0.18368242717095254,0.0,0.18368242717095254,0.18368242717095254,,,,,0.18368242717095254,0.0,0.18368242717095254,0.18368242717095254,0.0,0.0,0.0,0.0,0.17545593738356097,0.0222763681375431,0.12797498264008256,0.22293689212703938,-6.93889390390723e-18,6.938893903907228e-18,-2.1728796162074647e-17,7.851008354260189e-18
0.0,2.0,1.0,queue_price_history,16,0.0,0.0,0.0,0.0,0.18368242717095254,0.0,0.18368242717095254,0.18368242717095254,,,,,0.18368242717095254,0.0,0.18368242717095254,0.18368242717095254,0.0,0.0,0.0,0.0,0.17545593738356097,0.0222763681375431,0.12797498264008256,0.22293689212703938,-3.730969781985617e-34,2.0255037777229225e-35,-4.162695692641239e-34,-3.2992438713299954e-34
0.0,2.0,1.0,marked_history,16,0.0,0.0,0.0,0.0,0.18368242717095254,0.0,0.18368242717095254,0.18368242717095254,,,,,0.18368242717095254,0.0,0.18368242717095254,0.18368242717095254,0.0,0.0,0.0,0.0,0.17545593738356097,0.0222763681375431,0.12797498264008256,0.22293689212703938,-3.730969781985617e-34,2.0255037777229225e-35,-4.162695692641239e-34,-3.2992438713299954e-34
0.0,2.0,1.0,price_only,16,0.18368242717095254,0.0,0.18368242717095254,0.18368242717095254,4.626915527996792e-31,1.3680499060755351e-33,4.597756234490721e-31,4.656074821502864e-31,,,,,-0.0010550754909056381,0.003976141040474882,-0.0095300195047056,0.007419868522894323,-0.0010550754909056381,0.003976141040474882,-0.0095300195047056,0.007419868522894323,-0.03267033489082665,0.02710726095005504,-0.09044809392417945,0.025107424142526147,0.023388769612529448,0.01127635147273453,-0.000646204609597769,0.04742374383465667
0.0,2.0,4.0,current_queue,16,-1.3877787807814457e-17,0.0,-1.3877787807814457e-17,-1.3877787807814457e-17,0.10446344065705049,0.0,0.10446344065705049,0.10446344065705049,,,,,0.10446344065705047,0.0,0.10446344065705047,0.10446344065705047,-1.3877787807814457e-17,0.0,-1.3877787807814457e-17,-1.3877787807814457e-17,0.11032415668442017,0.022553888132835605,0.06225168207309191,0.15839663129574844,-6.938893903907228e-18,6.938893903907228e-18,-2.1728796162074647e-17,7.85100835426019e-18
0.0,2.0,4.0,price_history_current_queue,16,-1.3877787807814457e-17,0.0,-1.3877787807814457e-17,-1.3877787807814457e-17,0.10446344065705049,0.0,0.10446344065705049,0.10446344065705049,,,,,0.10446344065705047,0.0,0.10446344065705047,0.10446344065705047,-1.3877787807814457e-17,0.0,-1.3877787807814457e-17,-1.3877787807814457e-17,0.11032415668442017,0.02255388813283561,0.062251682073091896,0.15839663129574844,-6.938893903907228e-18,1.2282691574338805e-17,-3.3118831278277e-17,1.9241043470462543e-17
0.0,2.0,4.0,queue_price_history,16,-1.3877787807814457e-17,0.0,-1.3877787807814457e-17,-1.3877787807814457e-17,0.10446344065705049,0.0,0.10446344065705049,0.10446344065705049,,,,,0.10446344065705047,0.0,0.10446344065705047,0.10446344065705047,-1.3877787807814457e-17,0.0,-1.3877787807814457e-17,-1.3877787807814457e-17,0.11032415668442017,0.022553888132835605,0.06225168207309191,0.15839663129574844,-6.938893903907228e-18,6.938893903907228e-18,-2.1728796162074647e-17,7.85100835426019e-18
0.0,2.0,4.0,marked_history,16,-1.3877787807814457e-17,0.0,-1.3877787807814457e-17,-1.3877787807814457e-17,0.10446344065705049,0.0,0.10446344065705049,0.10446344065705049,,,,,0.10446344065705047,0.0,0.10446344065705047,0.10446344065705047,-1.3877787807814457e-17,0.0,-1.3877787807814457e-17,-1.3877787807814457e-17,0.11032415668442017,0.022553888132835605,0.06225168207309191,0.15839663129574844,-6.938893903907228e-18,6.938893903907228e-18,-2.1728796162074647e-17,7.85100835426019e-18
0.0,2.0,4.0,price_only,16,0.10446344065705047,0.0,0.10446344065705047,0.10446344065705047,1.1897349899756272e-31,5.76799511643879e-34,1.1774407994059054e-31,1.202029180545349e-31,,,,,-0.001220959436504139,0.0014609162423362425,-0.004334828697331957,0.0018929098243236787,-0.001220959436504139,0.0014609162423362425,-0.004334828697331957,0.0018929098243236787,-0.009597973222289946,0.02293218079425143,-0.05847675955488139,0.039280813110301495,0.014237729813155485,0.006091014207852235,0.0012550403478334589,0.02722041927847751
0.0,2.0,16.0,current_queue,16,-6.938893903907228e-18,0.0,-6.938893903907228e-18,-6.938893903907228e-18,0.028523513419575357,0.0,0.028523513419575357,0.028523513419575357,,,,,0.02852351341957535,0.0,0.02852351341957535,0.02852351341957535,-6.938893903907228e-18,0.0,-6.938893903907228e-18,-6.938893903907228e-18,0.054188957813621916,0.03125007404107908,-0.012418998299931289,0.12079691392717512,-2.6815027348136596e-34,1.0727547995472853e-35,-2.910155007812824e-34,-2.4528504618144953e-34
0.0,2.0,16.0,price_history_current_queue,16,-6.938893903907228e-18,0.0,-6.938893903907228e-18,-6.938893903907228e-18,0.028523513419575357,0.0,0.028523513419575357,0.028523513419575357,,,,,0.02852351341957535,0.0,0.02852351341957535,0.02852351341957535,-6.938893903907228e-18,0.0,-6.938893903907228e-18,-6.938893903907228e-18,0.054188957813621916,0.03125007404107908,-0.012418998299931289,0.12079691392717512,-3.5823572175483475e-34,1.5994451412171454e-35,-3.923270879487783e-34,-3.241443555608912e-34
0.0,2.0,16.0,queue_price_history,16,-6.938893903907228e-18,0.0,-6.938893903907228e-18,-6.938893903907228e-18,0.028523513419575357,0.0,0.028523513419575357,0.028523513419575357,,,,,0.02852351341957535,0.0,0.02852351341957535,0.02852351341957535,-6.938893903907228e-18,0.0,-6.938893903907228e-18,-6.938893903907228e-18,0.054188957813621916,0.03125007404107908,-0.012418998299931289,0.12079691392717512,-9.2801533072285e-35,4.676220978638961e-36,-1.0276866215214e-34,-8.283440399243002e-35
0.0,2.0,16.0,marked_history,16,-6.938893903907228e-18,0.0,-6.938893903907228e-18,-6.938893903907228e-18,0.028523513419575357,0.0,0.028523513419575357,0.028523513419575357,,,,,0.02852351341957535,0.0,0.02852351341957535,0.02852351341957535,-6.938893903907228e-18,0.0,-6.938893903907228e-18,-6.938893903907228e-18,0.054188957813621916,0.03125007404107908,-0.012418998299931289,0.12079691392717512,-9.2801533072285e-35,4.676220978638961e-36,-1.0276866215214e-34,-8.283440399243002e-35
0.0,2.0,16.0,price_only,16,0.02852351341957535,0.0,0.02852351341957535,0.02852351341957535,3.223480646900644e-32,1.7385309430245305e-34,3.18642473701614e-32,3.2605365567851486e-32,,,,,-0.000344287880453886,0.0003822099010840814,-0.0011589490004278251,0.00047037323952005305,-0.000344287880453886,0.0003822099010840814,-0.0011589490004278251,0.00047037323952005305,0.02324978378476473,0.031678886278829595,-0.04427216397807208,0.09077173154760154,0.002071372728827951,0.003323370579751403,-0.005012223983108402,0.009154969440764302
0.5,0.02,1.0,current_queue,16,0.03359668110823655,0.0,0.03359668110823655,0.03359668110823655,0.39451253939237046,0.0,0.39451253939237046,0.39451253939237046,0.0,0.0,0.0,0.0,0.39394471062790715,0.0011502898242184484,0.3914929259048152,0.3963964953509991,-0.000567828764463308,0.0011502898242184484,-0.003019613487555233,0.0018839559586286171,0.4002496137010998,0.007487756663740619,0.38428983816291107,0.4162093892392885,-0.0019945188148474437,0.003552609636323415,-0.009566727009738658,0.005577689380043771
0.5,0.02,1.0,price_history_current_queue,16,0.011170317327671615,0.0008693380325461445,0.009317367173263699,0.01302326748207953,0.4169389031729354,0.0008693380325461445,0.4150859530185275,0.4187918533273433,0.667517238036554,0.02587571164382121,0.6123644642123073,0.7226700118608008,0.41664791726885286,0.0007139705835507014,0.415126124993001,0.4181697095447047,-0.0002909859040825524,0.0012256783969533322,-0.002903457566270612,0.002321485758105507,0.42340588512975386,0.008226813931551833,0.4058708463139466,0.4409409239455611,-0.002447583602555806,0.0018526030528970723,-0.006396313537755085,0.0015011463326434727
0.5,0.02,1.0,queue_price_history,16,0.009904084254564419,0.0009403548451727576,0.007899765347156437,0.0119084031619724,0.4182051362460426,0.0009403548451727576,0.4162008173386346,0.4202094551534506,0.7052064689765937,0.027989516051995407,0.6455482277071427,0.7648647102460446,0.4184866787912337,0.0005706198283530971,0.41727043141740333,0.41970292616506405,0.0002815425451910755,0.0012298358660203404,-0.0023397905525505353,0.0029028756429326863,0.42565301041166237,0.008203279625269731,0.40816813378228517,0.44313788704103957,-0.0028559473620835387,0.001581360667411218,-0.006226537838002567,0.0005146431138354896
0.5,0.02,1.0,marked_history,16,0.00857290803232795,0.0008941158848515506,0.006667145135883741,0.010478670928772159,0.41953631246827905,0.0008941158848515504,0.4176305495718348,0.4214420753647233,0.7448287226732577,0.026613220572919906,0.6881039857772375,0.8015534595692779,0.4195969702480491,0.0005549374085022895,0.41841414916088304,0.42077979133521515,6.065777977001113e-05,0.0010585252838125414,-0.0021955354553752837,0.002316851014915306,0.4270869708164684,0.008048223872865563,0.4099325877000894,0.4442413539328474,-0.0031796163100741804,0.0015071216080598648,-0.006391969976676015,3.273735652765432e-05
0.5,0.02,1.0,price_only,16,0.2247701696838484,0.0012209127651103447,0.22216785572548636,0.2273724836422104,0.20333905081675863,0.0012209127651103447,0.2007367368583966,0.20594136477512065,,,,,0.20313020868747927,0.004705786439058084,0.19310006232044968,0.21316035505450887,-0.00020884212927933798,0.00511239509349269,-0.011105654328024045,0.010687970069465369,0.21865888112618675,0.014727679330536612,0.18726757570997105,0.25005018654240246,-0.011218288180362307,0.008309753724091469,-0.02893010897928696,0.006493532618562345
0.5,0.02,4.0,current_queue,16,0.1656665513967039,0.0,0.1656665513967039,0.1656665513967039,0.46539123890202966,0.0,0.46539123890202966,0.46539123890202966,0.0,0.0,0.0,0.0,0.467109060371225,0.00322623069376042,0.46023251242513985,0.4739856083173102,0.0017178214691953714,0.00322623069376042,-0.005158726476889815,0.008594369415280557,0.4668912184179035,0.01025020432011956,0.44504342507789446,0.4887390117579125,0.005629136907283181,0.005968764488750602,-0.007092983449814915,0.018351257264381277
0.5,0.02,4.0,price_history_current_queue,16,0.055263787188177954,0.002714929650657356,0.0494770516180588,0.06105052275829711,0.5757940031105556,0.002714929650657356,0.5700072675404365,0.5815807386806747,0.6664155393936841,0.016387916738582947,0.6314855217085675,0.7013455570788008,0.5769648695754446,0.002223287523056033,0.5722260443947791,0.5817036947561101,0.0011708664648890366,0.0027003063971464784,-0.004584700378179757,0.00692643330795783,0.5834537908456183,0.00946702285189434,0.5632753092901484,0.6036322724010883,-0.0010776263162120166,0.003155902854424788,-0.007804274021105101,0.005649021388681068
0.5,0.02,4.0,queue_price_history,16,0.04768782641654699,0.0032258636139915744,0.04081206088246829,0.054563591950625684,0.5833699638821865,0.0032258636139915744,0.5764941983481079,0.5902457294162652,0.7121457167152947,0.019472027315079108,0.6706420729434506,0.7536493604871388,0.5853218797568688,0.001740061444865427,0.581613026580965,0.5890307329327725,0.001951915874682214,0.0030868549601209137,-0.00462755972727505,0.008531391476639477,0.5927332550884806,0.00903874964920273,0.573467616256263,0.6119988939206983,-0.0020000803776502297,0.002594419507775829,-0.007529954658489263,0.0035297939031888035
0.5,0.02,4.0,marked_history,16,0.04175997165446457,0.003020139421661175,0.035322696856639066,0.04819724645229008,0.589297818644269,0.003020139421661175,0.5828605438464435,0.5957350934420945,0.7479275611015379,0.01823023052148392,0.7090707445410793,0.7867843776619965,0.5909112807835896,0.0017178773505469472,0.5872497118854396,0.5945728496817395,0.0016134621393206414,0.0025156605740469617,-0.0037485414480132604,0.006975465726654543,0.5971818683019101,0.008871781313960698,0.5782721140519669,0.6160916225518533,-0.0008592925643588053,0.002430098601747707,-0.006038925124718302,0.004320339996000691
0.5,0.02,4.0,price_only,16,0.1912992311778699,0.002625493692155362,0.1857031238408565,0.1968953385148833,0.4397585591208637,0.002625493692155362,0.43416245178385027,0.44535466645787714,,,,,0.4370481703726038,0.00791173902200684,0.42018469782956336,0.45391164291564423,-0.002710388748259889,0.006994695947251076,-0.017619230246353833,0.012198452749834054,0.4407580377650721,0.01320422601166111,0.41261389623305444,0.46890217929708977,0.001701427561493326,0.009718598899107266,-0.01901327564548219,0.022416130768468844
0.5,0.02,16.0,current_queue,16,0.22775691889427457,0.0,0.22775691889427457,0.22775691889427457,0.3884672927211263,0.0,0.3884672927211263,0.3884672927211263,0.0,0.0,0.0,0.0,0.3912646917964233,0.004100250708429067,0.3825252142872629,0.40000416930558375,0.002797399075297042,0.004100250708429067,-0.005942078433863384,0.011536876584457468,0.3991952448774685,0.011472022097211976,0.3747432085917195,0.4236472811632175,0.0014806357840923406,0.011886005841553126,-0.02385378596540153,0.02681505753358621
0.5,0.02,16.0,price_history_current_queue,16,0.0802572037971698,0.0034145381211154306,0.07297928807062333,0.08753511952371627,0.535967007818231,0.0034145381211154306,0.5286890920916846,0.5432449235447775,0.6476190309088901,0.014992028069630098,0.6156642794928644,0.6795737823249157,0.5369883057408333,0.0033595049510530724,0.529827690439607,0.5441489210420597,0.0010212979226022836,0.0029973681394495667,-0.005367441036101489,0.007410036881306056,0.5387213392036332,0.015449209926994983,0.5057921277254891,0.5716505506817773,0.007678155402337748,0.004550108926825021,-0.002020172201988861,0.017376483006664358
0.5,0.02,16.0,queue_price_history,16,0.06855013751395814,0.004247802052924851,0.0594961617586255,0.07760411326929077,0.5476740741014428,0.004247802052924851,0.5386200983461101,0.5567280498567754,0.6990206144043452,0.01865059500078983,0.6592678121655007,0.7387734166431896,0.5493176079975051,0.002564273893851043,0.5438519875717667,0.5547832284232435,0.0016435338960622617,0.003671565570574379,-0.006182222870829755,0.009469290662954278,0.5513380445129303,0.01572699421786754,0.5178167498342424,0.5848593391916183,0.007390752349712116,0.003698254934535178,-0.0004918914498654135,0.015273396149289645
0.5,0.02,16.0,marked_history,16,0.06007635182648543,0.0038891458534083935,0.05178683366462418,0.06836586998834668,0.5561478597889156,0.0038891458534083935,0.5478583416270543,0.5644373779507769,0.7362260074550225,0.017075862600748237,0.6998296678746243,0.7726223470354208,0.5574534717026506,0.0024949621930742054,0.5521355856700348,0.5627713577352663,0.0013056119137352176,0.0029649449076042745,-0.005014018562186342,0.007625242389656777,0.5586643514690309,0.01531262341386553,0.5260262672522262,0.5913024356858356,0.008200309098757177,0.002906436038721759,0.0020053873248264452,0.01439523087268791
0.5,0.02,16.0,price_only,16,0.1679103129420853,0.0028573547975126097,0.1618200053574253,0.1740006205267453,0.44831389867331556,0.0028573547975126097,0.44222359108865555,0.45440420625797556,,,,,0.4451252492109765,0.008219828820709053,0.42760509880650077,0.46264539961545226,-0.003188649462339061,0.006844632991406415,-0.017777639341392613,0.011400340416714491,0.44303184883508917,0.01889495772528223,0.40275819977817373,0.4833054978920046,0.011504589241024777,0.008581375028311286,-0.006786178663343434,0.02979535714539299
0.5,0.2,1.0,current_queue,16,0.04641465181603849,0.0,0.04641465181603849,0.04641465181603849,0.33359487473112887,0.0,0.33359487473112887,0.33359487473112887,0.0,0.0,0.0,0.0,0.3365181732148697,0.0013115560888865663,0.3337226575852369,0.3393136888445025,0.00292329848374083,0.0013115560888865663,0.00012778285410799516,0.005718814113373665,0.33785594594765705,0.016335144124996485,0.3030384104257873,0.37267348146952683,-0.0013760986373123722,0.004366963125225728,-0.01068406020604907,0.007931862931424326
0.5,0.2,1.0,price_history_current_queue,16,0.0407468771942828,0.00019481237565907857,0.040331644444714924,0.041162109943850674,0.3392626493528846,0.0001948123756590786,0.3388474166033167,0.3396778821024525,0.12211175566326676,0.004197217215615556,0.11316559893642922,0.1310579123901043,0.34213719015417204,0.0015053598079213725,0.33892859167567474,0.34534578863266935,0.0028745408012875173,0.0014925593089260168,-0.00030677405944317835,0.006055855662018213,0.3426340725329906,0.01590327575788416,0.3087370426459438,0.3765311024200374,-0.0005352082833435527,0.004136107622236483,-0.009351112995143955,0.00828069642845685
0.5,0.2,1.0,queue_price_history,16,0.03768321848087016,0.0002594143086671295,0.03713028997055002,0.0382361469911903,0.3423263080662972,0.0002594143086671295,0.3417733795559771,0.34287923657661734,0.1881180401778043,0.005589060749508614,0.17620523918316072,0.2000308411724479,0.3452469518975532,0.0013612743143464074,0.342345464378858,0.34814843941624846,0.002920643831256023,0.0014228934024119984,-0.00011218166469439007,0.005953469327206436,0.3473760018382904,0.015674071863414286,0.31396750848795185,0.380784495188629,-0.0021673758452622587,0.0034948145894240653,-0.009616396813704273,0.005281645123179757
0.5,0.2,1.0,marked_history,16,0.034874186870810425,0.00033418006838917605,0.03416189891590733,0.03558647482571352,0.3451353396763569,0.000334180068389176,0.3444230517214538,0.34584762763126,0.24863840390245648,0.007199883125562966,0.23329221628639507,0.2639845915185179,0.3480282162728521,0.0010864430058398927,0.34571251782177853,0.3503439147239256,0.002892876596495172,0.001180747551549544,0.00037617276432461285,0.00540958042866573,0.351576898998823,0.015348636393025809,0.31886205493395287,0.3842917430636931,-0.0035870086304959125,0.0034924490820176885,-0.011030987639251588,0.003856970378259764
0.5,0.2,1.0,price_only,16,0.3316400245821842,0.0004665899755087213,0.33064551159092365,0.3326345375734448,0.04836950196498315,0.000466589975508721,0.047374988973722554,0.04936401495624375,,,,,0.04226275196421472,0.005766897456893277,0.029970901000432332,0.05455460292799712,-0.006106750000768429,0.005664134023766784,-0.01817956589171324,0.005966065890176383,0.032142570310455615,0.023344733107785946,-0.017615550463338424,0.08190069108424966,0.010081855749234099,0.012234498798112711,-0.01599536115414932,0.036159072652617516
0.5,0.2,4.0,current_queue,16,0.1188883238717203,0.0,0.1188883238717203,0.1188883238717203,0.2470387690311893,0.0,0.2470387690311893,0.2470387690311893,0.0,0.0,0.0,0.0,0.249518918914653,0.0018665026099510653,0.2455405627748875,0.2534972750544185,0.0024801498834636747,0.0018665026099510653,-0.0014982062563018133,0.006458506023229163,0.2625547837083746,0.017522781714460773,0.22520585858615197,0.29990370883059725,0.0021067523277933887,0.006257562800145848,-0.011230927058886404,0.015444431714473184
0.5,0.2,4.0,price_history_current_queue,16,0.1002004689070381,0.00043598130433895155,0.09927119675403248,0.10112974106004372,0.2657266239958715,0.00043598130433895155,0.26479735184286585,0.26665589614887714,0.15718831215793966,0.0036671498944620706,0.14937196718189055,0.16500465713398876,0.26711568408665487,0.002617557304327669,0.2615364927598702,0.27269487541343956,0.0013890600907834252,0.002535871826272532,-0.0040160227609218535,0.006794142942488704,0.28188054667137463,0.016530382594614607,0.24664687020216158,0.3171142231405877,0.00037775453679530276,0.005322239497842068,-0.010966330422238053,0.011721839495828657
0.5,0.2,4.0,queue_price_history,16,0.09036129666173984,0.000483964275165147,0.08932975122737213,0.09139284209610754,0.2755657962411697,0.000483964275165147,0.27453425080680205,0.2765973416755374,0.23994809818970053,0.004070746894264748,0.2312715065718329,0.24862468980756816,0.27674425068225,0.0022145920981130134,0.2720239593611278,0.28146454200337223,0.0011784544410802199,0.0021903595645514423,-0.003490186457394468,0.005847095339554908,0.2938695177620595,0.01659638690631163,0.25849515643267484,0.32924387909144415,-0.0019826499582945058,0.0049948930667461,-0.012629012515527895,0.008663712598938883
0.5,0.2,4.0,marked_history,16,0.08345134439954374,0.0005905319447845381,0.08219265535419447,0.08471003344489302,0.2824757485033659,0.0005905319447845381,0.2812170594580166,0.28373443754871513,0.2980694682045717,0.0049671147304736,0.28748231376956274,0.30865662263958066,0.28381425249890174,0.0017803435142262436,0.2800195401245647,0.2876089648732388,0.0013385039955358877,0.001898348277216677,-0.0027077295772509223,0.005384737568322698,0.2982848919532892,0.01689296760857094,0.26227838382085233,0.3342914000857261,0.0006719776671275301,0.005495742844695283,-0.011041920921709133,0.012385876255964191
0.5,0.2,4.0,price_only,16,0.2970320728850805,0.0006924094791240233,0.29555623701546063,0.29850790875470035,0.06889502001782907,0.0006924094791240242,0.0674191841482092,0.07037085588744894,,,,,0.06283973471406357,0.0038652721820782742,0.05460110207810974,0.0710783673500174,-0.006055285303765506,0.003832638472091896,-0.014224360833398956,0.002113790225867943,0.054779904789543914,0.018129762667709787,0.016137230390355507,0.09342257918873231,0.023202447046034698,0.00837171364322722,0.005358561805625255,0.04104633228644414
0.5,0.2,16.0,current_queue,16,0.042805977487953256,0.0,0.042805977487953256,0.042805977487953256,0.06538072283329666,0.0,0.06538072283329666,0.06538072283329666,0.0,0.0,0.0,0.0,0.06605061999520606,0.0006401519145533196,0.06468616848784246,0.06741507150256966,0.0006698971619093956,0.0006401519145533196,-0.000694554345454208,0.002034348669272999,0.061104385654592,0.027822152371154017,0.0018028716266135364,0.12040589968257047,0.0034549391118861208,0.004833098916400263,-0.006846567377118477,0.013756445600890718
0.5,0.2,16.0,price_history_current_queue,16,0.036207206782231584,0.0001463263470626421,0.03589531955628156,0.03651909400818161,0.07197949353901834,0.0001463263470626421,0.07166760631306832,0.07229138076496835,0.15415535616675827,0.0034183624729472004,0.14686928902723792,0.16144142330627861,0.0722418382220641,0.0009047564845886254,0.07031339542414583,0.07417028101998238,0.00026234468304577735,0.0008722452041950482,-0.001596801961052057,0.0021214913271436118,0.06725205210483695,0.026308847916576405,0.011176070168860831,0.12332803404081308,0.0034984908884992233,0.003914805645490724,-0.004845719825535052,0.0118427016025335
0.5,0.2,16.0,queue_price_history,16,0.03252806743992887,0.0001606720013526109,0.03218560317566174,0.032870531704196,0.07565863288132105,0.0001606720013526109,0.07531616861705392,0.07600109714558817,0.24010455200834657,0.003753494506645205,0.23210416784789822,0.24810493616879492,0.07582270757227826,0.0007582036948273001,0.07420663465149721,0.0774387804930593,0.00016407469095721348,0.0007397517867827312,-0.001412668918807536,0.001740818300721963,0.07193924991928513,0.02648522417394537,0.015487330889692473,0.12839116894887778,0.0023921624242651926,0.004173353261781915,-0.006503129489018388,0.011287454337548773
0.5,0.2,16.0,marked_history,16,0.03006763887843298,0.00019824419255986842,0.029645091384291472,0.030490186372574488,0.07811906144281694,0.00019824419255986842,0.07769651394867544,0.07854160893695844,0.29758317312354765,0.004631226856474885,0.2877119467449321,0.3074543995021632,0.07831824066424026,0.0006299744045722612,0.07697548200590071,0.0796609993225798,0.00019917922142331356,0.0006572217101987822,-0.0012016556941116018,0.001600014136958229,0.07443093942443214,0.025708833256759794,0.019633858462451068,0.12922802038641323,0.0023960060110801732,0.0035830415149718984,-0.005241066197726868,0.010033078219887213
0.5,0.2,16.0,price_only,16,0.08728429843100696,0.00021547244157542962,0.08682502979333045,0.08774356706868347,0.020902401890242943,0.00021547244157542979,0.020443133252566435,0.02136167052791945,,,,,0.019157430326953898,0.0010299135710722987,0.016962221513926467,0.021352639139981328,-0.0017449715632890444,0.0010213078860616483,-0.0039218377929112975,0.0004318946663332086,0.012475213717670547,0.027859502605067976,-0.046905910449410365,0.07185633788475146,0.0051909213805554225,0.0064202370026021065,-0.008493489861023988,0.01887533262213483
0.5,2.0,1.0,current_queue,16,0.01595565416955,0.0,0.01595565416955,0.01595565416955,0.2052793097925939,0.0,0.2052793097925939,0.2052793097925939,0.0,0.0,0.0,0.0,0.20512825243512928,0.00031017278422551157,0.20446713479514694,0.2057893700751116,-0.00015105735746461825,0.00031017278422551157,-0.0008121749974469548,0.0005100602825177183,0.2035503907889633,0.017163153661050583,0.1669679947177522,0.24013278686017442,-0.0043901641017734085,0.0037545191645028623,-0.012392732268746803,0.0036124040651999865
0.5,2.0,1.0,price_history_current_queue,16,0.015873355180844696,4.294160735251339e-06,0.015864202393896985,0.015882507967792406,0.2053616087812992,4.294160735251339e-06,0.20535245599435148,0.2053707615682469,0.005157982733316175,0.0002691309732349538,0.004584343642718595,0.005731621823913756,0.2052629785198179,0.00030761930803543583,0.2046073034855005,0.2059186535541353,-9.863026148129207e-05,0.00030763260454526607,-0.0007543336366385303,0.0005570731136759462,0.20380202066516415,0.01707333217036816,0.16741107456944956,0.24019296676087873,-0.004507067893285593,0.0036683695515479205,-0.012326012506876066,0.00331187672030488
0.5,2.0,1.0,queue_price_history,16,0.014983718176593441,2.143530277371488e-05,0.01493802991023748,0.015029406442949403,0.20625124578555049,2.143530277371488e-05,0.20620555751919453,0.20629693405190644,0.06091483198547974,0.0013434298929982027,0.05805137895055791,0.06377828502040157,0.20589188791398141,0.00033611719297854805,0.20517547107575262,0.2066083047522102,-0.0003593578715690351,0.00033358434995211107,-0.0010703760826801644,0.00035166033954209426,0.20527852949505224,0.016985781176743743,0.1690741939249117,0.2414828650651928,-0.005354667329010174,0.0033332658821041187,-0.012459355378649393,0.0017500207206290457
0.5,2.0,1.0,marked_history,16,0.014582725102587702,4.973692495567234e-05,0.014476713356493415,0.014688736848681988,0.2066522388595562,4.973692495567234e-05,0.2065462271134619,0.20675825060565048,0.08604655455508772,0.003117197479160147,0.07940240540471316,0.09269070370546229,0.2062367546289799,0.0004027690416464457,0.2053782727381972,0.20709523651976258,-0.0004154842305763226,0.00041675438102630505,-0.0013037751666246974,0.0004728067054720522,0.20443779773387638,0.016861441074575746,0.16849848681799662,0.24037710864975614,-0.0041690688528358555,0.0033445613021873995,-0.011297832520478486,0.0029596948148067747
0.5,2.0,1.0,price_only,16,0.22071508057689787,9.498741112740463e-06,0.22069483448946972,0.22073532666432602,0.0005198833852460154,9.498741112741096e-06,0.0004996372978178777,0.000540129472674153,,,,,0.005404899765401431,0.004823659202038786,-0.004876486448717186,0.01568628597952005,0.004885016380155416,0.004821046786342835,-0.0053908016017152555,0.015160834362026088,0.007602201314376014,0.021716691336307072,-0.03868583056544778,0.05389023319419981,-0.008165327296913948,0.012585985563797624,-0.03499172050728659,0.0186610659134587
0.5,2.0,4.0,current_queue,16,0.007962368377076895,0.0,0.007962368377076895,0.007962368377076895,0.10359938657749207,0.0,0.10359938657749207,0.10359938657749207,0.0,0.0,0.0,0.0,0.10352233986137349,9.36750321024319e-05,0.10332267625676851,0.10372200346597847,-7.704671611858532e-05,9.36750321024319e-05,-0.0002767103207235688,0.00012261688848639815,0.0680473578545736,0.020839172650702564,0.02362971277840134,0.11246500293074585,-0.001831995129213906,0.001577220787669841,-0.005193761660339506,0.0015297714019116941
0.5,2.0,4.0,price_history_current_queue,16,0.00789181286763309,2.9170360192967153e-06,0.00788559535253538,0.0078980303827308,0.10366994208693588,2.9170360192967153e-06,0.10366372457183817,0.10367615960203358,0.00886112097588064,0.0003663528087565829,0.00808025844814204,0.00964198350361924,0.10360931632621928,9.590941362654025e-05,0.10340489025013012,0.10381374240230844,-6.0625760716599e-05,9.617370326425285e-05,-0.0002656151568339479,0.00014436363540074992,0.06818792773104354,0.02090972461152722,0.02361990471003326,0.11275595075205383,-0.0018855885408380674,0.0014252739421641313,-0.00492348803716135,0.0011523109554852152
0.5,2.0,4.0,queue_price_history,16,0.00739537064385487,1.0070133781075377e-05,0.007373906661783475,0.0074168346259262646,0.1041663843107141,1.0070133781075377e-05,0.1041449203286427,0.10418784829278549,0.07120968364819347,0.0012647158865528743,0.06851400554653869,0.07390536174984824,0.10398414581173653,0.00010484012028256289,0.10376068438500387,0.10420760723846918,-0.00018223849897756363,0.00010356397319395566,-0.0004029798825781383,3.850288462301109e-05,0.06845667330900096,0.02094930718612734,0.023804282027347183,0.11310906459065473,-0.0017795046332782151,0.0014682107597737836,-0.004908921789983354,0.001349912523426924
0.5,2.0,4.0,marked_history,16,0.007199740752559342,1.8921257061178903e-05,0.007159411047794881,0.0072400704573238025,0.10436201420200962,1.8921257061178903e-05,0.10432168449724516,0.10440234390677408,0.09577899293294506,0.0023763353018998574,0.09071395413361404,0.10084403173227609,0.10415646284313684,0.00013234404916934037,0.10387437817967737,0.10443854750659631,-0.00020555135887278392,0.00013607290098659652,-0.0004955838818436039,8.448116409803602e-05,0.06836634638704714,0.021016495663571527,0.023570746255678128,0.11316194651841616,-0.0015168606799240939,0.001579262222322619,-0.004882978426012647,0.0018492570661644587
0.5,2.0,4.0,price_only,16,0.11116781602322262,7.613488874684383e-06,0.11115158825582055,0.11118404379062469,0.0003939389313463453,7.613488874684185e-06,0.0003777111639442787,0.0004101666987484119,,,,,0.0025146619758959305,0.0018261733500724497,-0.001377734381228539,0.0064070583330204,0.002120723044549585,0.001823673861589002,-0.001766345778982709,0.006007791868081879,-0.03849884546301954,0.020379965708095447,-0.08193771411005417,0.004940023184015083,0.003706530302901678,0.007116855427374879,-0.011462687963587907,0.018875748569391265
0.5,2.0,16.0,current_queue,16,0.0020460703828638765,0.0,0.0020460703828638765,0.0020460703828638765,0.026617926539238588,0.0,0.026617926539238588,0.026617926539238588,0.0,0.0,0.0,0.0,0.026598405202257903,2.3223617645104923e-05,0.026548905232982,0.026647905171533808,-1.9521336980684667e-05,2.3223617645104923e-05,-6.902130625658703e-05,2.9978632295217693e-05,0.02010796003267517,0.04233817658541797,-0.07013372721012434,0.11034964727547467,-0.0017176553697857454,0.001025156377975771,-0.003902724465749444,0.00046741372617795335
0.5,2.0,16.0,price_history_current_queue,16,0.00202752832318923,7.591970411486656e-07,0.0020259101330008834,0.0020291465133775765,0.026636468598913235,7.591970411486658e-07,0.02663485040872489,0.02663808678910158,0.009062278516877485,0.000371051283233972,0.008271401427849233,0.009853155605905738,0.026620927455491834,2.386289783308591e-05,0.026570064892749774,0.026671790018233894,-1.5541143421400833e-05,2.3934892735929003e-05,-6.655715966640786e-05,3.547487282360618e-05,0.020112322610804673,0.0423414261603007,-0.07013629093690188,0.11036093615851122,-0.0016994956946813182,0.0009974686319141055,-0.003825549756884318,0.00042655836752168155
0.5,2.0,16.0,queue_price_history,16,0.0018990139379894974,2.5676636384862143e-06,0.001893541092494097,0.001904486783484898,0.026764982984112968,2.5676636384862143e-06,0.026759510138617566,0.02677045582960837,0.07187262281199965,0.0012549243955588005,0.06919781477937453,0.07454743084462476,0.026718482739602013,2.617820763461382e-05,0.026662685210835656,0.02677428026836837,-4.65002445109526e-05,2.5852284958917668e-05,-0.00010160308553830778,8.602596516402581e-06,0.020324517548137945,0.04234018218107232,-0.06992144452060758,0.11057047961688349,-0.0018141353479044107,0.0010319683021532487,-0.0040137237165605785,0.0003854530207517571
0.5,2.0,16.0,marked_history,16,0.0018488781870359182,4.75470873256211e-06,0.0018387437652686318,0.0018590126088032046,0.026815118735066548,4.75470873256211e-06,0.026804984313299262,0.026825253156833834,0.09637605699171951,0.0023238246212757174,0.09142294205874182,0.1013291719246972,0.026762635451949263,3.3159274851726406e-05,0.026691958130635473,0.026833312773263052,-5.248328311728383e-05,3.407874386382148e-05,-0.0001251204062390587,2.0153840004491036e-05,0.020388159313464854,0.042368251126238564,-0.06991763029569961,0.11069394892262932,-0.0018336244008840719,0.001043132845195939,-0.00405700942973496,0.000389760627966816
0.5,2.0,16.0,price_only,16,0.02856110124260821,1.9938301956702625e-06,0.028556851494143727,0.028565350991072692,0.00010289567949425704,1.993830195670167e-06,9.86459310297734e-05,0.00010714542795874068,,,,,0.0006384655126546106,0.00046056455562358756,-0.0003432046001300166,0.0016201356254392377,0.0005355698331603535,0.00045991090978950025,-0.0004447070665082515,0.0015158467328289585,-0.005545280001483306,0.041776478873385536,-0.09458973691122957,0.08349917690826295,-0.0020243550252305635,0.003846304544766764,-0.010222559099256442,0.0061738490487953145
1.0,0.02,1.0,current_queue,16,0.041768007460071366,0.0,0.041768007460071366,0.041768007460071366,0.5889507340875826,0.0,0.5889507340875826,0.5889507340875826,0.0,0.0,0.0,0.0,0.5896266442038625,0.002108037649919687,0.5851334683129192,0.5941198200948057,0.0006759101162798001,0.002108037649919687,-0.0038172657746634604,0.0051690860072230605,0.58892892130046,0.009056799063277015,0.5696248110528161,0.6082330315481039,0.0011102125648962576,0.002814328750032183,-0.004888387170414376,0.007108812300206891
1.0,0.02,1.0,price_history_current_queue,16,0.010629861196831507,0.0012784998465309495,0.00790480327994545,0.013354919113717563,0.6200888803508224,0.0012784998465309495,0.6173638224339364,0.6228139382677085,0.7455023152111517,0.030609548414612477,0.6802596071530499,0.8107450232692536,0.620785088432376,0.0009723226169915915,0.6187126318322522,0.6228575450324998,0.0006962080815535732,0.0019488567544920224,-0.0034576817621686648,0.004850097925275811,0.6211298250093531,0.007898085306481773,0.6042954546720638,0.6379641953466424,6.775308451686674e-05,0.0013622863670970696,-0.0028358915735538434,0.002971397742587577
1.0,0.02,1.0,queue_price_history,16,0.008661062732148783,0.0014355028121864138,0.005601360915464921,0.011720764548832644,0.6220576788155052,0.0014355028121864138,0.6189979769988213,0.6251173806321891,0.7926388339106569,0.03436847720252637,0.7193841587957661,0.8658935090255477,0.6232908731606193,0.0009159089696139255,0.6213386594035619,0.6252430869176766,0.001233194345114083,0.001803465194838597,-0.0026108007248567006,0.005077189415084867,0.6234466993222443,0.007895152935163833,0.606618579186468,0.6402748194580206,0.0002566634998689843,0.0014558729973433036,-0.0028464563387104896,0.003359783338448458
1.0,0.02,1.0,marked_history,16,0.007025587274072473,0.0018484612628775522,0.0030856853553281023,0.010965489192816844,0.6236931542735815,0.001848461262877552,0.6197532523548371,0.6276330561923259,0.8317950100734715,0.04425543317201834,0.737466787150442,0.9261232329965009,0.6240821479592205,0.0007536041902477201,0.6224758786503853,0.6256884172680556,0.00038899368563897335,0.0018559324370082538,-0.0035668326638110762,0.004344820035089023,0.6245196536542816,0.00775041172257807,0.608000042110295,0.6410392651982683,-2.5016033567163364e-05,0.0010305018770720249,-0.0022214787911503603,0.0021714467240160334
1.0,0.02,1.0,price_only,16,0.1473281952677024,0.0017590760731098884,0.14357881337106806,0.15107757716433676,0.48339054627995154,0.0017590760731098884,0.47964116438331716,0.4871399281765859,,,,,0.4819927455543805,0.005097367757115992,0.47112796336492685,0.4928575277438341,-0.001397800725571021,0.004890507792388603,-0.011821671337212037,0.009026069886069995,0.4932991565836112,0.010251356829605419,0.4714489067277822,0.5151494064394401,-0.010893921367736726,0.004723026827135596,-0.020960814752099384,-0.000827027983374069
1.0,0.02,4.0,current_queue,16,0.13667102963528754,0.0,0.13667102963528754,0.13667102963528754,0.6747723746883286,0.0,0.6747723746883286,0.6747723746883286,0.0,0.0,0.0,0.0,0.6728582631810947,0.004922221972836101,0.662366795393951,0.6833497309682383,-0.0019141115072339385,0.004922221972836101,-0.01240557929437756,0.008577356279909683,0.6751805841231879,0.00823915451201139,0.6576192419827682,0.6927419262636076,0.0017952065074502551,0.002985998962317617,-0.00456929962382224,0.008159712638722751
1.0,0.02,4.0,price_history_current_queue,16,0.031774436709842736,0.003100299676936123,0.02516630437233952,0.03838256904734595,0.7796689676137735,0.003100299676936123,0.7730608352762702,0.7862770999512767,0.7675115436341252,0.022684395407054473,0.719160899352471,0.8158621879157795,0.7763720368593878,0.002122953805886401,0.7718470679345878,0.7808970057841879,-0.003296930754385627,0.0042478223230539335,-0.012350949714475682,0.005757088205704428,0.780998095234793,0.005505770866872951,0.7692628224226429,0.7927333680469432,-0.0005085309258617721,0.0015887492326159011,-0.003894869755728658,0.0028778079040051134
1.0,0.02,4.0,queue_price_history,16,0.024142670481818423,0.003481260371002014,0.0167225396460725,0.031562801317564344,0.7873007338417977,0.003481260371002014,0.7798806030060518,0.7947208646775435,0.8233519528883029,0.025471823694398925,0.7690600458503091,0.8776438599262967,0.7856197796252096,0.0022329543844372044,0.7808603500172462,0.790379209233173,-0.001680954216588107,0.00411914991407298,-0.010460714429029684,0.0070988059958534706,0.7903566134797735,0.005251586470768428,0.7791631218831886,0.8015501050763584,-0.0006193064050203247,0.0011957677884681253,-0.003168025114345187,0.0019294123043045379
1.0,0.02,4.0,marked_history,16,0.01995885931800173,0.004295077321306021,0.010804118713361859,0.029113599922641606,0.7914845450056144,0.004295077321306021,0.7823298044009745,0.8006392856102542,0.8539642280352844,0.03142639177276719,0.7869804595726505,0.9209479964979183,0.789716615577585,0.0017455595706290835,0.7859960434240209,0.7934371877311491,-0.001767929428029509,0.0042977080277745855,-0.010928277250776304,0.007392418394717286,0.7950839135667764,0.0046686818857365475,0.7851328536830622,0.8050349734504907,-0.0012497705396480314,0.0008917413511186131,-0.003150472237246256,0.0006509311579501931
1.0,0.02,4.0,price_only,16,0.1157819532639962,0.0015843548496512136,0.11240498083970242,0.11915892568829,0.69566145105962,0.0015843548496512136,0.6922844786353262,0.6990384234839138,,,,,0.6885542696999453,0.0058907091010487545,0.6759985204634927,0.7011100189363978,-0.007107181359674718,0.0052642601603387846,-0.01832768628613487,0.004113323566785433,0.6996026793274757,0.00897036210165338,0.680482805102404,0.7187225535525473,-0.006930882177986889,0.003287606866843883,-0.013938250340298993,7.648598432521449e-05
1.0,0.02,16.0,current_queue,16,0.13645389486180148,0.0,0.13645389486180148,0.13645389486180148,0.5316715300732934,0.0,0.5316715300732934,0.5316715300732934,0.0,0.0,0.0,0.0,0.5289301160295592,0.004634746071641008,0.5190513886213771,0.5388088434377413,-0.0027414140437342083,0.004634746071641008,-0.012620141451916292,0.007137313364447876,0.5289081857281934,0.012473516099966409,0.5023215155053932,0.5554948559509937,-7.048992875604773e-05,0.0053049162814929034,-0.01137765132617435,0.011236671468662255
1.0,0.02,16.0,price_history_current_queue,16,0.032691986008775535,0.002903325891228169,0.026503693357306637,0.03888027866024443,0.6354334389263194,0.002903325891228169,0.6292451462748505,0.6416217315777883,0.760417347984933,0.021276973399466652,0.715066552701762,0.805768143268104,0.6310446699411489,0.002072756265778192,0.6266266945404008,0.6354626453418971,-0.004388768985170356,0.003973310007523883,-0.012857678795073447,0.004080140824732735,0.6335247871223406,0.013183382256093152,0.605425073003656,0.6616245012410252,-0.002572537411313379,0.002604452108830312,-0.008123795675110769,0.0029787208524840103
1.0,0.02,16.0,queue_price_history,16,0.024448397890727523,0.0033060361997077335,0.017401748535257805,0.03149504724619724,0.6436770270443674,0.0033060361997077335,0.6366303776888976,0.6507236763998371,0.8208303404201946,0.02422822890512608,0.7691890929306564,0.8724715879097329,0.6409300130716751,0.0022180978817461176,0.6362022493496212,0.6456577767937289,-0.002747013972692329,0.00399710280407304,-0.011266636927987706,0.005772608982603048,0.6433440767784173,0.012792437248642591,0.6160776422182019,0.6706105113386327,-0.0025064839368641057,0.002024936927204119,-0.006822534830139617,0.0018095669564114052
1.0,0.02,16.0,marked_history,16,0.020338299075578187,0.004004335844752649,0.011803259259013245,0.02887333889214313,0.6477871258595167,0.004004335844752649,0.6392520860429518,0.6563221656760816,0.8509511282460899,0.029345705733120942,0.7884022370971117,0.9135000193950681,0.6453715421419006,0.0017362233775001072,0.6416708696129385,0.6490722146708627,-0.0024155837176160697,0.004098367917408499,-0.011151048152711325,0.006319880717479185,0.6477081595770617,0.012036211413492103,0.622053582229518,0.6733627369246055,-0.0024290376652829643,0.001510925253531498,-0.005649498610296781,0.0007914232797308521
1.0,0.02,16.0,price_only,16,0.09247993368294052,0.001378815223167558,0.08954105860210976,0.09541880876377129,0.5756454912521544,0.001378815223167558,0.5727066161713236,0.5785843663329852,,,,,0.5684119793208576,0.0048253610160152675,0.5581269657761122,0.578696992865603,-0.007233511931296691,0.004348481451263613,-0.016502080744465665,0.002035056881872282,0.5719882190879952,0.015414363830138007,0.5391332803071616,0.6048431578688289,-0.0036686599972593735,0.004514437411969778,-0.013290955567458363,0.005953635572939616
1.0,0.2,1.0,current_queue,16,0.06820688308022366,0.0,0.06820688308022366,0.06820688308022366,0.4967318727146431,0.0,0.4967318727146431,0.4967318727146431,0.0,0.0,0.0,0.0,0.4962552671376424,0.0017635817816991633,0.49249628155048303,0.5000142527248018,-0.0004766055770006952,0.0017635817816991633,-0.004235591164160078,0.0032823800101586874,0.494538228273241,0.009518996074003637,0.474248968417125,0.5148274881293571,0.0016162579006318155,0.0030344130975288263,-0.0048514405171352585,0.00808395631839889
1.0,0.2,1.0,price_history_current_queue,16,0.04901416307480152,0.00047736560281847195,0.047996682377608436,0.0500316437719946,0.5159245927200653,0.00047736560281847195,0.5149071120228722,0.5169420734172584,0.28138978265357795,0.006998789290180631,0.266472216401557,0.2963073489055989,0.5145875877347539,0.0016548786536280437,0.5110602973805226,0.5181148780889852,-0.00133700498531137,0.0016701805738366152,-0.004896910610417433,0.002222900639794693,0.5111105566888748,0.009630525723066862,0.4905835770129466,0.531637536364803,0.0033762500821094936,0.003026902621085303,-0.003075440134055099,0.009827940298274086
1.0,0.2,1.0,queue_price_history,16,0.04027827666697645,0.0005515589592202167,0.03910265657399734,0.041453896759955554,0.5246604791278903,0.0005515589592202167,0.5234848590349112,0.5258360992208694,0.40946903233209037,0.008086558633261154,0.39223294060808706,0.4267051240560937,0.5255345039411464,0.0016035236868890187,0.5221166741074332,0.5289523337748596,0.0008740248132561718,0.0016900186879995529,-0.0027281647512672385,0.004476214377779582,0.5223278001000378,0.009183467643815382,0.5027537021639688,0.5419018980361068,0.003105922877339135,0.0027334793195477724,-0.0027203503761067714,0.008932196130785042
1.0,0.2,1.0,marked_history,16,0.03436795978027601,0.0007283271455323566,0.03281556721691255,0.03592035234363947,0.5305707960145907,0.0007283271455323566,0.5290184034512272,0.5321231885779542,0.4961218248332348,0.010678205961643374,0.4733617675889012,0.5188818820775685,0.529775865534613,0.0014322990176989414,0.5267229924442335,0.5328287386249925,-0.0007949304799776957,0.0016574093656912326,-0.004327614919286039,0.002737753959330648,0.5283462936719635,0.009269230930230209,0.50858939561804,0.5481031917258871,0.0013287908988799647,0.00292855733625508,-0.004913281304625346,0.007570863102385276
1.0,0.2,1.0,price_only,16,0.36131989752158794,0.0011260723460527974,0.3589197311313268,0.3637200639118491,0.2036188582732788,0.001126072346052795,0.20121869188301766,0.20601902466353994,,,,,0.20236682230649802,0.006191914343559793,0.18916906929277524,0.2155645753202208,-0.0012520359667807842,0.0063199155204393615,-0.014722617030794574,0.012218545097233005,0.20268992413420162,0.01202114580783162,0.17706745836499654,0.2283123899034067,-0.0004238827914731305,0.009547645555966877,-0.02077420757290022,0.01992644198995396
1.0,0.2,4.0,current_queue,16,0.12535289618276635,0.0,0.12535289618276635,0.12535289618276635,0.33215296450753073,0.0,0.33215296450753073,0.33215296450753073,0.0,0.0,0.0,0.0,0.3313033157275512,0.0029358413401028346,0.3250457180373547,0.33756091341774763,-0.000849648779979572,0.0029358413401028346,-0.007107246470176033,0.005407948910216889,0.33539848935827227,0.009856361342958036,0.3143901524529559,0.35640682626358866,0.0009915637371245654,0.003402096208763716,-0.006259832680993952,0.008242960155243083
1.0,0.2,4.0,price_history_current_queue,16,0.0873584291431535,0.0009075096396635115,0.08542411813410201,0.089292740152205,0.3701474315471436,0.0009075096396635115,0.3682131205380921,0.3720817425561951,0.3031000335581904,0.007239638391284946,0.28766910959907227,0.3185309575173085,0.36898961280885667,0.0025865208480888666,0.36347657412261797,0.3745026514950954,-0.001157818738286881,0.0026830420815314236,-0.006876587563683574,0.004560950087109812,0.36904179199795684,0.009865692562570307,0.3480135660688384,0.3900700179270753,0.005034558178745584,0.003712515898397313,-0.0028784821457751315,0.0129475985032663
1.0,0.2,4.0,queue_price_history,16,0.06810137290683585,0.0012186247649872437,0.06550393570529645,0.07069881010837525,0.38940448778346126,0.0012186247649872437,0.3868070505819219,0.39200192498500064,0.456722780401156,0.009721552529671681,0.4360017816796562,0.4774437791226558,0.3920313088115397,0.002401726102292451,0.3869121508022505,0.3971504668208289,0.0026268210280784993,0.002663517874453286,-0.0030503329350140915,0.00830397499117109,0.391486987818781,0.009229021359891378,0.37181579443528323,0.41115818120227876,0.00563105836060447,0.0027716708092679304,-0.000276618126249701,0.011538734847458642
1.0,0.2,4.0,marked_history,16,0.059022746311257125,0.0013712513995029468,0.056099993138938986,0.061945499483575264,0.39848311437903994,0.0013712513995029468,0.3955603612067218,0.4014058675513581,0.5291473263992154,0.010939128183393883,0.5058311266039053,0.5524635261945254,0.39933629726405967,0.002098953439668872,0.39486248390892725,0.4038101106191921,0.0008531828850197112,0.002757182206437004,-0.005023611875914693,0.0067299776459541156,0.3994529555312899,0.00931500634080451,0.3795984894992999,0.4193074215632799,0.0049700791006154505,0.0027274567641437063,-0.0008433573798513538,0.010783515581082256
1.0,0.2,4.0,price_only,16,0.2761557414525513,0.001455500788777402,0.27305341495775043,0.27925806794735214,0.1813501192377458,0.0014555007887774014,0.17824779274294497,0.18445244573254663,,,,,0.1803151070606685,0.004157747892663901,0.1714530772042998,0.1891771369170372,-0.0010350121770772366,0.0038081834835928096,-0.00915196313258765,0.007081938778433177,0.1807963114854133,0.011506423617956006,0.15627095009390793,0.2053216728769187,0.004605532943100907,0.00695931503302843,-0.010227895921451704,0.019438961807653518
1.0,0.2,16.0,current_queue,16,0.035746207053890616,0.0,0.035746207053890616,0.035746207053890616,0.08097620814655847,0.0,0.08097620814655847,0.08097620814655847,0.0,0.0,0.0,0.0,0.08072635765764086,0.0008464049066378747,0.07892228830402838,0.08253042701125334,-0.0002498504889176089,0.0008464049066378747,-0.002053919842530088,0.0015542188646948704,0.07701120208174614,0.0284588988496769,0.01635249506148357,0.13766990910200871,0.005272556089268383,0.003175101957427045,-0.0014950135349940082,0.012040125713530775
1.0,0.2,16.0,price_history_current_queue,16,0.02506886657860693,0.00025387999449042045,0.024527734179723718,0.02560999897749014,0.09165354862184216,0.00025387999449042045,0.09111241622295896,0.09219468102072537,0.2986985572815219,0.00710229183498192,0.28356038057742,0.3138367339856238,0.09135333505795096,0.0007319713334751908,0.0897931750918528,0.09291349502404911,-0.0003002135638912025,0.000761580964118197,-0.0019234849637675647,0.0013230578359851597,0.08661360828021836,0.02751850332075225,0.027959306882728255,0.14526790967770847,0.006297127291106274,0.002863727759733861,0.0001932360590159183,0.01240101852319663
1.0,0.2,16.0,queue_price_history,16,0.019434567502937497,0.0003555126371937406,0.018676810253950304,0.02019232475192469,0.09728784769751159,0.0003555126371937406,0.0965300904485244,0.09804560494649878,0.45631805148898336,0.009945464609931159,0.4351197954657693,0.4775163075121974,0.09806467697034624,0.0006752765712448812,0.09662535902943947,0.099503994911253,0.0007768292728346574,0.0007624462213501115,-0.0008482863791754607,0.0024019449248447755,0.09497627240739309,0.026813080588838148,0.03782554397126852,0.15212700084351766,0.00464580507632683,0.001871833656526014,0.000656086079761811,0.008635524072891847
1.0,0.2,16.0,marked_history,16,0.016892056187155436,0.0003968728496168452,0.016046141732194777,0.017737970642116095,0.09983035901329365,0.00039687284961684513,0.098984444558333,0.10067627346825431,0.5274447954243329,0.011102516387781328,0.5037803419150314,0.5511092489336343,0.10012757435490344,0.0005896116531169083,0.09887084686481092,0.10138430184499596,0.0002972153416097899,0.0007874607368325151,-0.001381217488057684,0.001975648171277264,0.09773919812927118,0.0269661396614319,0.04026223200242292,0.15521616425611945,0.003945776739005932,0.0016762466942892595,0.0003729414842177721,0.007518611993794092
1.0,0.2,16.0,price_only,16,0.07061754335603951,0.00039403256948672665,0.06977768281487146,0.07145740389720756,0.046104871844409576,0.00039403256948672687,0.045265011303241516,0.046944732385577635,,,,,0.04580741580679643,0.0010527015698205174,0.04356363552419291,0.04805119608939996,-0.00029745603761315107,0.0009467720458998901,-0.0023154528845947425,0.0017205408093684403,0.04306499146003773,0.02958371164403171,-0.019991197279591713,0.10612118019966717,0.004299824860132374,0.005436125225270731,-0.007287001780874498,0.015886651501139246
1.0,2.0,1.0,current_queue,16,0.039752837614323855,0.0,0.039752837614323855,0.039752837614323855,0.244321303177296,0.0,0.244321303177296,0.244321303177296,0.0,0.0,0.0,0.0,0.24346719113527893,0.0007811283480235631,0.2418022554728606,0.24513212679769725,-0.0008541120420170814,0.0007811283480235631,-0.0025190477044354093,0.0008108236204012467,0.23352136744127,0.015177690858474523,0.2011708851583346,0.2658718497242054,0.004617629839953197,0.0042959363535856,-0.004538941748648606,0.013774201428555
1.0,2.0,1.0,price_history_current_queue,16,0.038634024227197035,4.54657939871896e-05,0.03853711618126455,0.03873093227312952,0.24544011656442283,4.54657939871896e-05,0.24534320851849034,0.24553702461035531,0.028144239613317128,0.0011437119138083172,0.025706475374379607,0.03058200385225465,0.24468577667066005,0.0007794284279922835,0.24302446430201988,0.24634708903930022,-0.000754339893762777,0.0007952268678731977,-0.002449325839907668,0.0009406460523821139,0.23405232556215272,0.015167641605539494,0.2017232627548189,0.26638138836948655,0.005305257254451571,0.004410116335065768,-0.004094683203788107,0.01470519771269125
1.0,2.0,1.0,queue_price_history,16,0.03234061208293945,0.0001268221034948625,0.03207029716807845,0.03261092699780045,0.25173352870868043,0.0001268221034948625,0.2514632137938194,0.25200384362354145,0.18645777197836094,0.0031902654277229654,0.1796578821822272,0.1932576617744947,0.25138519464949405,0.0007994338812836427,0.2496812416665273,0.2530891476324608,-0.00034833405918636116,0.0007924255840863426,-0.002037349210276777,0.0013406810919040547,0.24017290260310978,0.014535078251528392,0.20919211666922038,0.27115368853699917,0.0058840981923285384,0.004240191917511231,-0.003153656943335089,0.014921853327992167
1.0,2.0,1.0,marked_history,16,0.030199609236366037,0.00019883507583899114,0.029775802304327765,0.03062341616840431,0.2538745315552538,0.00019883507583899114,0.25345072462321555,0.25429833848729205,0.24031563408483755,0.005001783212762307,0.22965458552900908,0.250976682640666,0.25343236084226073,0.00082093888437275,0.25168257103023245,0.255182150654289,-0.00044217071299305563,0.0008177929790231965,-0.0021852551864936526,0.0013009137605075416,0.24260135273301292,0.014165382798620105,0.21240855400422026,0.2727941514618056,0.005502814255192133,0.004135847221882268,-0.0033125354263916166,0.014318163936775883
1.0,2.0,1.0,price_only,16,0.2780015478077648,0.00014182149510157729,0.27769926244648,0.2783038331690496,0.006072592983855051,0.0001418214951015768,0.005770307622570251,0.006374878345139851,,,,,0.008125402740414497,0.004927189660889578,-0.002376653423173187,0.01862745890400218,0.0020528097565594462,0.004985489991748668,-0.008573510620743805,0.012679130133862697,0.0035036428658846847,0.022809164798931417,-0.04511294107938539,0.05212022681115476,-0.0007064339795259181,0.01327257745642859,-0.028996263167431553,0.027583395208379716
1.0,2.0,4.0,current_queue,16,0.016710988579342376,0.0,0.016710988579342376,0.016710988579342376,0.08989918240264648,0.0,0.08989918240264648,0.08989918240264648,0.0,0.0,0.0,0.0,0.08957848461040263,0.00023605739076684734,0.08907534019212672,0.09008162902867854,-0.00032069779224384344,0.00023605739076684734,-0.0008238422105197597,0.00018244662603207281,0.10777590710475937,0.020397744908597075,0.06429914298889514,0.1512526712206236,0.0009840389120451857,0.00287952796478176,-0.005153529659914259,0.00712160748400463
1.0,2.0,4.0,price_history_current_queue,16,0.016107438579382138,2.4387922881644798e-05,0.01605545695223892,0.016159420206525357,0.09050273240260673,2.4387922881644798e-05,0.09045075077546351,0.09055471402974995,0.036116953649667785,0.0014593943838722037,0.033006328153371546,0.039227579145964024,0.09022776460719287,0.00024348735595101575,0.08970878359300163,0.0907467456213841,-0.00027496779541384946,0.00024860242155175846,-0.0008048513138552922,0.0002549157230275933,0.10853345072489409,0.020380884034484174,0.06509262471149554,0.15197427673829264,0.0008757752887006967,0.0028105270012622682,-0.005114721210921972,0.006866271788323365
1.0,2.0,4.0,queue_price_history,16,0.013172779247827978,5.367838649508903e-05,0.013058366475326662,0.013287192020329294,0.09343739173416088,5.367838649508903e-05,0.09332297896165956,0.0935518045066622,0.21172950449431976,0.0032121610424319627,0.2048829453001648,0.21857606368847474,0.0932982441266009,0.0002327931636287676,0.09280205724377505,0.09379443100942675,-0.00013914760755997287,0.0002354498938154195,-0.0006409971767348397,0.00036270196161489394,0.11075756186754629,0.02034009790780346,0.06740366942532647,0.1541114543097661,0.0017221436654565254,0.0028109743861405006,-0.004269306412461541,0.007713593743374592
1.0,2.0,4.0,marked_history,16,0.012316331562389026,7.668092010030154e-05,0.012152890050088168,0.012479773074689884,0.09429383941959983,7.668092010030154e-05,0.09413039790729898,0.09445728093190069,0.2629800742240883,0.004588652534601825,0.2531995928644816,0.272760555583695,0.09412635348743909,0.0002602743611213094,0.09357159181870632,0.09468111515617185,-0.00016748593216074116,0.00026205792405677847,-0.0007260491753017812,0.0003910773109802989,0.11185502846867179,0.020336697299373405,0.06850838425174484,0.15520167268559876,0.001452786425169214,0.0027516046047902274,-0.004412119959269856,0.007317692809608285
1.0,2.0,4.0,price_only,16,0.10391841925632592,6.606430075067748e-05,0.1037776065325132,0.10405923198013864,0.0026917517256629378,6.606430075067706e-05,0.0025509390018502126,0.002832564449475663,,,,,0.003474269503833195,0.001448548268724999,0.0003867619547385519,0.006561777052927839,0.0007825177781702573,0.0014803450186629352,-0.0023727629391298633,0.0039377984954703776,0.027776372701011028,0.024782362026051268,-0.02504598157730257,0.08059872697932463,-0.0051206417907759165,0.007426903134683521,-0.020950711102110216,0.010709427520558385
1.0,2.0,16.0,current_queue,16,0.004028305350100413,0.0,0.004028305350100413,0.004028305350100413,0.021624037800655152,0.0,0.021624037800655152,0.021624037800655152,0.0,0.0,0.0,0.0,0.021546853902622655,5.664762947966883e-05,0.021426112338511202,0.021667595466734108,-7.718389803249622e-05,5.664762947966883e-05,-0.00019792546214394925,4.355766607895682e-05,0.0575391137122517,0.03508014251920284,-0.017232440118459487,0.1323106675429629,-0.0010051815416190519,0.001581281730813017,-0.004375603768161717,0.002365240684923613
1.0,2.0,16.0,price_history_current_queue,16,0.0038825744439565666,5.8896128219010145e-06,0.0038700210313838052,0.003895127856529328,0.021769768706799,5.8896128219010145e-06,0.021757215294226237,0.021782322119371762,0.0361767277994986,0.0014620571952804434,0.033060426655036355,0.03929302894396084,0.021703615531865807,5.846466788854051e-05,0.021579001042063502,0.021828230021668112,-6.615317493318903e-05,5.968868359394738e-05,-0.0001933765924545424,6.107024258816433e-05,0.05765884034437782,0.03513938037462574,-0.017238975986354405,0.13255665667511005,-0.000968146544502021,0.0015325036535849838,-0.004234600760503737,0.0022983076714996947
1.0,2.0,16.0,queue_price_history,16,0.003174238533359749,1.2944843603726055e-05,0.0031466472523432507,0.003201829814376247,0.022478104617395814,1.2944843603726053e-05,0.022450513336379315,0.022505695898412312,0.2120164045457415,0.0032134712934319583,0.20516705261768803,0.21886575647379497,0.022444538296260322,5.5828329568525446e-05,0.02232554302857215,0.022563533563948492,-3.3566321135495e-05,5.6480902383538526e-05,-0.00015395251485366866,8.681987258267868e-05,0.05818072088802616,0.03489322775417752,-0.016192433551713473,0.1325538753277658,-0.0007491043237558462,0.001362592715784279,-0.0036534019485966913,0.0021551933010849986
1.0,2.0,16.0,marked_history,16,0.0029679523049165467,1.8466465924014708e-05,0.002928591964514719,0.0030073126453183745,0.022684390845839016,1.8466465924014708e-05,0.02264503050543719,0.022723751186240843,0.26322558818869957,0.004584177295188011,0.2534546455761077,0.27299653080129144,0.022644037037347957,6.252313274354445e-05,0.022510772134474784,0.02277730194022113,-4.035380849106286e-05,6.295928698295883e-05,-0.00017454835211962947,9.384073513750375e-05,0.058327615282083134,0.034907208476259825,-0.016075338361385416,0.13273056892555168,-0.0006964999767251877,0.0012998925309678781,-0.0034671553211326296,0.0020741553676822547
1.0,2.0,16.0,price_only,16,0.025003831778478793,1.5925755571728662e-05,0.024969886834002742,0.025037776722954843,0.0006485113722767735,1.5925755571728536e-05,0.0006145664278007239,0.0006824563167528231,,,,,0.0008372992870969798,0.0003474775120594284,9.666850192582691e-05,0.0015779300722681326,0.00018878791482020624,0.00035515939157606434,-0.0005682164089557218,0.0009457922385961342,0.03725498725499817,0.037797200351937024,-0.04330783825855269,0.11781781276854902,-0.0014306096998912016,0.004302844528666261,-0.010601905715129324,0.0077406863153469205
