beta,kappa,replica,seed,events,book_events,flips,price_moves,query_count,end
0.0,0.02,0,202610010000,10260,10230,30,147,512,1290.0
0.0,0.02,1,202610010001,10211,10189,22,146,512,1290.0
0.0,0.02,2,202610010002,10516,10492,24,154,512,1290.0
0.0,0.02,3,202610010003,10162,10138,24,191,512,1290.0
0.0,0.02,4,202610010004,10283,10262,21,150,512,1290.0
0.0,0.02,5,202610010005,10418,10391,27,152,512,1290.0
0.0,0.02,6,202610010006,10054,10031,23,179,512,1290.0
0.0,0.02,7,202610010007,10382,10352,30,174,512,1290.0
0.0,0.02,8,202610010008,10354,10338,16,176,512,1290.0
0.0,0.02,9,202610010009,10322,10300,22,143,512,1290.0
0.0,0.02,10,202610010010,10210,10189,21,157,512,1290.0
0.0,0.02,11,202610010011,10271,10246,25,169,512,1290.0
0.0,0.02,12,202610010012,10352,10330,22,174,512,1290.0
0.0,0.02,13,202610010013,10404,10382,22,154,512,1290.0
0.0,0.02,14,202610010014,10189,10162,27,165,512,1290.0
0.0,0.02,15,202610010015,10296,10267,29,173,512,1290.0
0.0,0.2,0,202610010100,8873,8681,192,128,512,1090.0
0.0,0.2,1,202610010101,8852,8657,195,157,512,1090.0
0.0,0.2,2,202610010102,8987,8775,212,134,512,1090.0
0.0,0.2,3,202610010103,8726,8515,211,134,512,1090.0
0.0,0.2,4,202610010104,8756,8548,208,142,512,1090.0
0.0,0.2,5,202610010105,8947,8716,231,153,512,1090.0
0.0,0.2,6,202610010106,8844,8608,236,142,512,1090.0
0.0,0.2,7,202610010107,8966,8761,205,123,512,1090.0
0.0,0.2,8,202610010108,8793,8556,237,135,512,1090.0
0.0,0.2,9,202610010109,8966,8732,234,143,512,1090.0
0.0,0.2,10,202610010110,8823,8615,208,153,512,1090.0
0.0,0.2,11,202610010111,8887,8665,222,141,512,1090.0
0.0,0.2,12,202610010112,8906,8680,226,140,512,1090.0
0.0,0.2,13,202610010113,8945,8719,226,136,512,1090.0
0.0,0.2,14,202610010114,8956,8735,221,144,512,1090.0
0.0,0.2,15,202610010115,8923,8712,211,149,512,1090.0
0.0,2.0,0,202610010200,10931,8726,2205,130,512,1090.0
0.0,2.0,1,202610010201,10805,8611,2194,134,512,1090.0
0.0,2.0,2,202610010202,10827,8687,2140,129,512,1090.0
0.0,2.0,3,202610010203,10737,8622,2115,132,512,1090.0
0.0,2.0,4,202610010204,10886,8682,2204,144,512,1090.0
0.0,2.0,5,202610010205,11063,8834,2229,141,512,1090.0
0.0,2.0,6,202610010206,10760,8618,2142,124,512,1090.0
0.0,2.0,7,202610010207,10735,8660,2075,153,512,1090.0
0.0,2.0,8,202610010208,10777,8642,2135,133,512,1090.0
0.0,2.0,9,202610010209,10691,8492,2199,141,512,1090.0
0.0,2.0,10,202610010210,10962,8755,2207,135,512,1090.0
0.0,2.0,11,202610010211,11022,8803,2219,134,512,1090.0
0.0,2.0,12,202610010212,10941,8757,2184,149,512,1090.0
0.0,2.0,13,202610010213,10766,8533,2233,140,512,1090.0
0.0,2.0,14,202610010214,10851,8721,2130,155,512,1090.0
0.0,2.0,15,202610010215,10794,8716,2078,152,512,1090.0
0.5,0.02,0,202610010300,10831,10802,29,366,512,1290.0
0.5,0.02,1,202610010301,10604,10571,33,362,512,1290.0
0.5,0.02,2,202610010302,10679,10656,23,370,512,1290.0
0.5,0.02,3,202610010303,10787,10764,23,375,512,1290.0
0.5,0.02,4,202610010304,10754,10730,24,412,512,1290.0
0.5,0.02,5,202610010305,10603,10588,15,382,512,1290.0
0.5,0.02,6,202610010306,10659,10629,30,402,512,1290.0
0.5,0.02,7,202610010307,10830,10801,29,386,512,1290.0
0.5,0.02,8,202610010308,10662,10636,26,378,512,1290.0
0.5,0.02,9,202610010309,10694,10671,23,391,512,1290.0
0.5,0.02,10,202610010310,10849,10828,21,403,512,1290.0
0.5,0.02,11,202610010311,10625,10605,20,378,512,1290.0
0.5,0.02,12,202610010312,10746,10725,21,413,512,1290.0
0.5,0.02,13,202610010313,10851,10819,32,397,512,1290.0
0.5,0.02,14,202610010314,10725,10707,18,362,512,1290.0
0.5,0.02,15,202610010315,10802,10773,29,377,512,1290.0
0.5,0.2,0,202610010400,9358,9149,209,282,512,1090.0
0.5,0.2,1,202610010401,9396,9176,220,275,512,1090.0
0.5,0.2,2,202610010402,9424,9190,234,311,512,1090.0
0.5,0.2,3,202610010403,9324,9110,214,283,512,1090.0
0.5,0.2,4,202610010404,9420,9225,195,258,512,1090.0
0.5,0.2,5,202610010405,9446,9223,223,282,512,1090.0
0.5,0.2,6,202610010406,9481,9253,228,267,512,1090.0
0.5,0.2,7,202610010407,9384,9162,222,258,512,1090.0
0.5,0.2,8,202610010408,9429,9234,195,287,512,1090.0
0.5,0.2,9,202610010409,9321,9113,208,256,512,1090.0
0.5,0.2,10,202610010410,9439,9241,198,293,512,1090.0
0.5,0.2,11,202610010411,9311,9083,228,284,512,1090.0
0.5,0.2,12,202610010412,9452,9244,208,263,512,1090.0
0.5,0.2,13,202610010413,9385,9186,199,282,512,1090.0
0.5,0.2,14,202610010414,9362,9143,219,287,512,1090.0
0.5,0.2,15,202610010415,9527,9301,226,278,512,1090.0
0.5,2.0,0,202610010500,11540,9354,2186,171,512,1090.0
0.5,2.0,1,202610010501,11806,9536,2270,181,512,1090.0
0.5,2.0,2,202610010502,11575,9398,2177,180,512,1090.0
0.5,2.0,3,202610010503,11576,9409,2167,165,512,1090.0
0.5,2.0,4,202610010504,11479,9278,2201,172,512,1090.0
0.5,2.0,5,202610010505,11536,9292,2244,173,512,1090.0
0.5,2.0,6,202610010506,11583,9430,2153,170,512,1090.0
0.5,2.0,7,202610010507,11497,9333,2164,165,512,1090.0
0.5,2.0,8,202610010508,11717,9501,2216,179,512,1090.0
0.5,2.0,9,202610010509,11751,9539,2212,178,512,1090.0
0.5,2.0,10,202610010510,11685,9453,2232,158,512,1090.0
0.5,2.0,11,202610010511,11441,9243,2198,171,512,1090.0
0.5,2.0,12,202610010512,11480,9355,2125,171,512,1090.0
0.5,2.0,13,202610010513,11483,9310,2173,186,512,1090.0
0.5,2.0,14,202610010514,11569,9353,2216,179,512,1090.0
0.5,2.0,15,202610010515,11263,9122,2141,173,512,1090.0
1.0,0.02,0,202610010600,12536,12523,13,842,512,1290.0
1.0,0.02,1,202610010601,12676,12648,28,832,512,1290.0
1.0,0.02,2,202610010602,12699,12664,35,845,512,1290.0
1.0,0.02,3,202610010603,12803,12774,29,818,512,1290.0
1.0,0.02,4,202610010604,12715,12689,26,850,512,1290.0
1.0,0.02,5,202610010605,12838,12812,26,847,512,1290.0
1.0,0.02,6,202610010606,12830,12801,29,835,512,1290.0
1.0,0.02,7,202610010607,12716,12681,35,848,512,1290.0
1.0,0.02,8,202610010608,12848,12826,22,832,512,1290.0
1.0,0.02,9,202610010609,12651,12629,22,839,512,1290.0
1.0,0.02,10,202610010610,12811,12792,19,839,512,1290.0
1.0,0.02,11,202610010611,12555,12528,27,822,512,1290.0
1.0,0.02,12,202610010612,12738,12713,25,831,512,1290.0
1.0,0.02,13,202610010613,12712,12688,24,837,512,1290.0
1.0,0.02,14,202610010614,12830,12800,30,830,512,1290.0
1.0,0.02,15,202610010615,12529,12504,25,794,512,1290.0
1.0,0.2,0,202610010700,11100,10883,217,605,512,1090.0
1.0,0.2,1,202610010701,11003,10793,210,598,512,1090.0
1.0,0.2,2,202610010702,11013,10804,209,575,512,1090.0
1.0,0.2,3,202610010703,11223,11012,211,645,512,1090.0
1.0,0.2,4,202610010704,11091,10894,197,582,512,1090.0
1.0,0.2,5,202610010705,11249,11012,237,591,512,1090.0
1.0,0.2,6,202610010706,11157,10956,201,595,512,1090.0
1.0,0.2,7,202610010707,11119,10904,215,603,512,1090.0
1.0,0.2,8,202610010708,11094,10873,221,574,512,1090.0
1.0,0.2,9,202610010709,11226,10978,248,581,512,1090.0
1.0,0.2,10,202610010710,10942,10715,227,595,512,1090.0
1.0,0.2,11,202610010711,11395,11154,241,623,512,1090.0
1.0,0.2,12,202610010712,11300,11057,243,571,512,1090.0
1.0,0.2,13,202610010713,11112,10900,212,632,512,1090.0
1.0,0.2,14,202610010714,11150,10937,213,585,512,1090.0
1.0,0.2,15,202610010715,11162,10957,205,615,512,1090.0
1.0,2.0,0,202610010800,13776,11538,2238,254,512,1090.0
1.0,2.0,1,202610010801,13602,11466,2136,302,512,1090.0
1.0,2.0,2,202610010802,13555,11440,2115,282,512,1090.0
1.0,2.0,3,202610010803,13797,11620,2177,304,512,1090.0
1.0,2.0,4,202610010804,13565,11367,2198,254,512,1090.0
1.0,2.0,5,202610010805,13559,11418,2141,269,512,1090.0
1.0,2.0,6,202610010806,13715,11490,2225,262,512,1090.0
1.0,2.0,7,202610010807,13593,11435,2158,305,512,1090.0
1.0,2.0,8,202610010808,13720,11523,2197,298,512,1090.0
1.0,2.0,9,202610010809,13796,11610,2186,296,512,1090.0
1.0,2.0,10,202610010810,13590,11413,2177,270,512,1090.0
1.0,2.0,11,202610010811,13659,11482,2177,260,512,1090.0
1.0,2.0,12,202610010812,13739,11526,2213,286,512,1090.0
1.0,2.0,13,202610010813,13806,11592,2214,261,512,1090.0
1.0,2.0,14,202610010814,13687,11474,2213,261,512,1090.0
1.0,2.0,15,202610010815,13756,11495,2261,272,512,1090.0
