b,basis,lag,target_memory_kernel_norm,event_horizon,target_distance
1,baseline,1,0.038656309102822035,1,2
1,baseline,2,0.028888469726131648,2,3
1,baseline,3,0.024407634103955026,3,4
1,baseline,4,0.021331325218794942,4,5
1,baseline,5,0.018730333318604003,5,6
1,baseline,6,0.01627711883166355,6,7
1,baseline,7,0.013911537932426788,7,8
1,baseline,8,0.01168091329214207,8,9
1,baseline,9,0.009648474151324643,9,10
1,baseline,10,0.00785652649279089,10,11
1,baseline,11,0.006320046212764322,11,12
1,baseline,12,0.005032167242741203,12,13
1,baseline,13,0.003972221227727675,13,14
1,baseline,14,0.0031126582305387356,14,15
1,baseline,15,0.002423928272136412,15,16
1,baseline,16,0.0018775149140475029,16,17
1,baseline,17,0.0014475634976930294,17,18
1,baseline,18,0.0011115861814412727,18,19
1,baseline,19,0.0008505817133896182,19,20
1,baseline,20,0.000648840473503331,20,21
1,baseline,21,0.0004935844015509706,21,22
1,baseline,22,0.0003745561909668897,22,23
1,baseline,23,0.00028360611512294687,23,24
1,baseline,24,0.0002143155570406569,24,25
1,baseline,25,0.00016166432261787822,25,26
1,baseline,26,0.00012175033607248952,26,27
1,baseline,27,9.155561132407026e-05,27,28
1,baseline,28,6.87567306840459e-05,28,29
1,baseline,29,5.157155827377988e-05,29,30
1,baseline,30,3.863801135952505e-05,30,31
1,baseline,31,2.891797196694916e-05,31,32
1,baseline,32,2.1622468414205516e-05,32,33
1,baseline,33,1.6153197163049243e-05,33,34
1,baseline,34,1.2057480875141903e-05,34,35
1,baseline,35,8.993424867259191e-06,35,36
1,baseline,36,6.703289044985512e-06,36,37
1,baseline,37,4.993052842115105e-06,37,38
1,baseline,38,3.7168882872345205e-06,38,39
1,baseline,39,2.7653209607961837e-06,39,40
1,baseline,40,2.056272746669227e-06,40,41
1,baseline,41,1.5282690913869563e-06,41,42
1,baseline,42,1.1353156421559728e-06,42,43
1,baseline,43,8.430313293892317e-07,43,44
1,baseline,44,6.25738113741922e-07,44,45
1,baseline,45,4.6427382756169966e-07,45,46
1,baseline,46,3.4434842043488807e-07,46,47
1,baseline,47,2.553135301358637e-07,47,48
1,baseline,48,1.8923844717171647e-07,48,49
1,baseline,49,1.4022104946238778e-07,49,50
1,baseline,50,1.0387041918733912e-07,50,51
1,baseline,51,7.692244017118018e-08,51,52
1,baseline,52,5.6951084264921524e-08,52,53
1,baseline,53,4.2154676200901874e-08,53,54
1,baseline,54,3.1195250983868734e-08,54,55
1,baseline,55,2.308005035773911e-08,55,56
1,baseline,56,1.7072365252427345e-08,56,57
1,baseline,57,1.2625992967127633e-08,57,58
1,baseline,58,9.335864034686217e-09,58,59
1,baseline,59,6.901867246187961e-09,59,60
1,baseline,60,5.101562315893753e-09,60,61
1,baseline,61,3.770249498482437e-09,61,62
1,baseline,62,2.7859157363402935e-09,62,63
1,baseline,63,2.0582706185685115e-09,63,64
1,baseline,64,1.520455369925794e-09,64,65
1,baseline,65,1.1230188025862928e-09,65,66
1,baseline,66,8.293582135810449e-10,66,67
1,baseline,67,6.12412809901607e-10,67,68
1,baseline,68,4.521605639876307e-10,68,69
1,baseline,69,3.3380459712064353e-10,69,70
1,baseline,70,2.464009208759537e-10,70,71
1,baseline,71,1.818641970936003e-10,71,72
1,baseline,72,1.3421658815362628e-10,72,73
1,baseline,73,9.904286139211431e-11,73,74
1,baseline,74,7.307985862681214e-11,74,75
1,baseline,75,5.391788611793812e-11,75,76
1,baseline,76,3.97767013031519e-11,76,77
1,baseline,77,2.934184976090655e-11,77,78
1,baseline,78,2.1642628899222813e-11,78,79
1,baseline,79,1.5962359880408025e-11,79,80
1,baseline,80,1.1772018048970643e-11,80,81
1,baseline,81,8.681017533100091e-12,81,82
1,baseline,82,6.401178649517261e-12,82,83
1,baseline,83,4.719718523255694e-12,83,84
1,baseline,84,3.479722982782828e-12,84,85
1,baseline,85,2.5653147806477203e-12,85,86
1,baseline,86,1.8910885884463263e-12,86,87
1,baseline,87,1.3939614380127145e-12,87,88
1,baseline,88,1.027466427716994e-12,88,89
1,baseline,89,7.572724690139294e-13,89,90
1,baseline,90,5.581069560161785e-13,90,91
1,baseline,91,4.1129183826474045e-13,91,92
1,baseline,92,3.0308620672038446e-13,92,93
1,baseline,93,2.2333110777672914e-13,93,94
1,baseline,94,1.6455772411473873e-13,94,95
1,baseline,95,1.2124219490315064e-13,95,96
1,baseline,96,8.93259652625549e-14,96,97
1,baseline,97,6.580632411186641e-14,97,98
1,baseline,98,4.8478380157455577e-14,98,99
1,baseline,99,3.57103591454836e-14,99,100
1,baseline,100,2.6304658005203598e-14,100,101
1,baseline,101,1.9374776403651333e-14,101,102
1,baseline,102,1.427034021166271e-14,102,103
1,baseline,103,1.0509884505195082e-14,103,104
1,baseline,104,7.740263678523926e-15,104,105
1,baseline,105,5.700074968555041e-15,105,106
1,baseline,106,4.197583618546511e-15,106,107
1,baseline,107,3.0909143235793266e-15,107,108
1,baseline,108,2.2759741717448734e-15,108,109
1,baseline,109,1.675789033366412e-15,109,110
1,baseline,110,1.2338480912921732e-15,110,111
1,baseline,111,9.08405451608117e-16,111,112
1,baseline,112,6.687816006431986e-16,112,113
1,baseline,113,4.923455507032439e-16,113,114
1,baseline,114,3.62440682062378e-16,114,115
1,baseline,115,2.6680376777601146e-16,115,116
1,baseline,116,1.9639082708976203e-16,116,117
1,baseline,117,1.4455968481290232e-16,117,118
1,baseline,118,1.0639926961941086e-16,118,119
1,baseline,119,7.831360965374406e-17,119,120
1,baseline,120,5.763559104032335e-17,120,121
1,baseline,121,4.241930042206053e-17,121,122
1,baseline,122,3.1216118207459644e-17,122,123
1,baseline,123,2.2973502836523857e-17,123,124
1,baseline,124,1.6904579230150605e-17,124,125
1,baseline,125,1.2440259862638251e-17,125,126
1,baseline,126,9.153102093268213e-18,126,127
1,baseline,127,6.735518462921216e-18,127,128
1,baseline,128,4.9553199143914745e-18,128,129
1,polynomial,1,0.01848941022796803,1,2
1,polynomial,2,0.011035581201149064,2,3
1,polynomial,3,0.007880924939429573,3,4
1,polynomial,4,0.006028480359092692,4,5
1,polynomial,5,0.004560980902631519,5,6
1,polynomial,6,0.0033642490126532393,6,7
1,polynomial,7,0.002411877989447463,7,8
1,polynomial,8,0.001692516363491701,8,9
1,polynomial,9,0.0011676637421901015,9,10
1,polynomial,10,0.0007966311008271495,10,11
1,polynomial,11,0.0005391662615692141,11,12
1,polynomial,12,0.0003629263773251027,12,13
1,polynomial,13,0.00024360051668138023,13,14
1,polynomial,14,0.00016295756346510108,14,15
1,polynomial,15,0.00010904677344430985,15,16
1,polynomial,16,7.271877231005595e-05,16,17
1,polynomial,17,4.863382626080543e-05,17,18
1,polynomial,18,3.2365515848980555e-05,18,19
1,polynomial,19,2.166137109759792e-05,19,20
1,polynomial,20,1.438858591784533e-05,20,21
1,polynomial,21,9.644919669652195e-06,21,22
1,polynomial,22,6.3929997332447995e-06,22,23
1,polynomial,23,4.295067208627513e-06,23,24
1,polynomial,24,2.8394403765427666e-06,24,25
1,polynomial,25,1.913286159720033e-06,25,26
1,polynomial,26,1.2607573051251185e-06,26,27
1,polynomial,27,8.526057096795032e-07,27,28
1,polynomial,28,5.59656381672951e-07,28,29
1,polynomial,29,3.800571568818217e-07,29,30
1,polynomial,30,2.4839885378983085e-07,30,31
1,polynomial,31,1.6943402646859744e-07,31,32
1,polynomial,32,1.1026043422895402e-07,32,33
1,polynomial,33,7.551582955253862e-08,33,34
1,polynomial,34,4.8969718578393216e-08,34,35
1,polynomial,35,3.3625298663887206e-08,35,36
1,polynomial,36,2.1777620398981002e-08,36,37
1,polynomial,37,1.4941765013419815e-08,37,38
1,polynomial,38,9.710144203556829e-09,38,39
1,polynomial,39,6.614744501953794e-09,39,40
1,polynomial,40,4.3500144742069515e-09,40,41
1,polynomial,41,2.9106809407385893e-09,41,42
1,polynomial,42,1.964870706983806e-09,42,43
1,polynomial,43,1.2696985006306437e-09,43,44
1,polynomial,44,9.001344311321711e-10,44,45
1,polynomial,45,5.482699834581877e-10,45,46
1,polynomial,46,4.221522195588966e-10,46,47
1,polynomial,47,2.354794416770379e-10,47,48
1,polynomial,48,2.052990628303826e-10,48,49
1,polynomial,49,1.0308777687125763e-10,49,50
1,polynomial,50,1.0484897858585073e-10,50,51
1,polynomial,51,4.8897812837417015e-11,51,52
1,polynomial,52,5.6509633287418427e-11,52,53
1,polynomial,53,2.6739629968578497e-11,53,54
1,polynomial,54,3.1884243230696224e-11,54,55
1,polynomial,55,1.6422604575425635e-11,55,56
1,polynomial,56,1.8513196458204735e-11,56,57
1,polynomial,57,1.047982719470254e-11,57,58
1,polynomial,58,1.0862673704251203e-11,58,59
1,polynomial,59,6.618071209710536e-12,59,60
1,polynomial,60,6.346962808409237e-12,60,61
1,polynomial,61,4.0598112709924595e-12,61,62
1,polynomial,62,3.652380068095638e-12,62,63
1,polynomial,63,2.4023055677245438e-12,63,64
1,polynomial,64,2.0510012979348596e-12,64,65
1,polynomial,65,1.3640305424250004e-12,65,66
1,polynomial,66,1.113021742419924e-12,66,67
1,polynomial,67,7.371697021875362e-13,67,68
1,polynomial,68,5.759230481053176e-13,68,69
1,polynomial,69,3.733226724271014e-13,69,70
1,polynomial,70,2.7767434515249553e-13,70,71
1,polynomial,71,1.7135048653052675e-13,71,72
1,polynomial,72,1.1874617207672782e-13,72,73
1,polynomial,73,6.529756983454577e-14,73,74
1,polynomial,74,3.893332697878795e-14,74,75
1,polynomial,75,1.4086909741065847e-14,75,76
1,polynomial,76,4.846014081310546e-15,76,77
1,polynomial,77,9.310863250486627e-15,77,78
1,polynomial,78,1.3116888705603204e-14,78,79
1,polynomial,79,1.600870674897148e-14,79,80
1,polynomial,80,1.6230827197761828e-14,80,81
1,polynomial,81,1.606959186990949e-14,81,82
1,polynomial,82,1.4787821126571155e-14,82,83
1,polynomial,83,1.3474106538635423e-14,83,84
1,polynomial,84,1.1805548089261614e-14,84,85
1,polynomial,85,1.0272317813257144e-14,85,86
1,polynomial,86,8.721182267287435e-15,86,87
1,polynomial,87,7.359577566006007e-15,87,88
1,polynomial,88,6.104667692378531e-15,88,89
1,polynomial,89,5.034488510640245e-15,89,90
1,polynomial,90,4.097751934094002e-15,90,91
1,polynomial,91,3.3160509403584593e-15,91,92
1,polynomial,92,2.6545343200499437e-15,92,93
1,polynomial,93,2.1123113642247102e-15,93,94
1,polynomial,94,1.664725128784569e-15,94,95
1,polynomial,95,1.3036248619275217e-15,95,96
1,polynomial,96,1.011492631423857e-15,96,97
1,polynomial,97,7.792769254064975e-16,97,98
1,polynomial,98,5.9470863952400005e-16,98,99
1,polynomial,99,4.501213341706734e-16,99,100
1,polynomial,100,3.3711077701814554e-16,100,101
1,polynomial,101,2.499101054990795e-16,101,102
1,polynomial,102,1.8290505851885214e-16,102,103
1,polynomial,103,1.320534385544129e-16,103,104
1,polynomial,104,9.370094247608257e-17,104,105
1,polynomial,105,6.515285237495458e-17,105,106
1,polynomial,106,4.409266392318263e-17,106,107
1,polynomial,107,2.879542947963747e-17,107,108
1,polynomial,108,1.7832900772355014e-17,108,109
1,polynomial,109,1.0142861990317768e-17,109,110
1,polynomial,110,4.880957932022304e-18,110,111
1,polynomial,111,1.5117936137118892e-18,111,112
1,polynomial,112,1.2238468830776121e-18,112,113
1,polynomial,113,2.4119363180089546e-18,113,114
1,polynomial,114,3.0885043930512597e-18,114,115
1,polynomial,115,3.356611575781803e-18,115,116
1,polynomial,116,3.3525272641266182e-18,116,117
1,polynomial,117,3.17793112523391e-18,117,118
1,polynomial,118,2.9066223324172e-18,118,119
1,polynomial,119,2.5888983842283807e-18,119,120
1,polynomial,120,2.258886207607768e-18,120,121
1,polynomial,121,1.9380919272777737e-18,121,122
1,polynomial,122,1.6395920537813094e-18,122,123
1,polynomial,123,1.3702113541183344e-18,123,124
1,polynomial,124,1.1327787773352281e-18,124,125
1,polynomial,125,9.273359315103247e-19,125,126
1,polynomial,126,7.523079706176445e-19,126,127
1,polynomial,127,6.051249729228776e-19,127,128
1,polynomial,128,4.827812704010434e-19,128,129
1,complete,1,3.8665111889792727e-16,1,2
1,complete,2,2.1782095354023295e-31,2,3
1,complete,3,2.6042054730992163e-46,3,4
1,complete,4,3.502932461439086e-61,4,5
1,complete,5,4.697035632954691e-76,5,6
1,complete,6,6.362106515060102e-91,6,7
1,complete,7,8.632302114389377e-106,7,8
1,complete,8,1.1704220454755694e-120,8,9
1,complete,9,1.5866987945654726e-135,9,10
1,complete,10,2.151080681186847e-150,10,11
1,complete,11,0.0,11,12
1,complete,12,0.0,12,13
1,complete,13,0.0,13,14
1,complete,14,0.0,14,15
1,complete,15,0.0,15,16
1,complete,16,0.0,16,17
1,complete,17,0.0,17,18
1,complete,18,0.0,18,19
1,complete,19,0.0,19,20
1,complete,20,0.0,20,21
1,complete,21,0.0,21,22
1,complete,22,0.0,22,23
1,complete,23,0.0,23,24
1,complete,24,0.0,24,25
1,complete,25,0.0,25,26
1,complete,26,0.0,26,27
1,complete,27,0.0,27,28
1,complete,28,0.0,28,29
1,complete,29,0.0,29,30
1,complete,30,0.0,30,31
1,complete,31,0.0,31,32
1,complete,32,0.0,32,33
1,complete,33,0.0,33,34
1,complete,34,0.0,34,35
1,complete,35,0.0,35,36
1,complete,36,0.0,36,37
1,complete,37,0.0,37,38
1,complete,38,0.0,38,39
1,complete,39,0.0,39,40
1,complete,40,0.0,40,41
1,complete,41,0.0,41,42
1,complete,42,0.0,42,43
1,complete,43,0.0,43,44
1,complete,44,0.0,44,45
1,complete,45,0.0,45,46
1,complete,46,0.0,46,47
1,complete,47,0.0,47,48
1,complete,48,0.0,48,49
1,complete,49,0.0,49,50
1,complete,50,0.0,50,51
1,complete,51,0.0,51,52
1,complete,52,0.0,52,53
1,complete,53,0.0,53,54
1,complete,54,0.0,54,55
1,complete,55,0.0,55,56
1,complete,56,0.0,56,57
1,complete,57,0.0,57,58
1,complete,58,0.0,58,59
1,complete,59,0.0,59,60
1,complete,60,0.0,60,61
1,complete,61,0.0,61,62
1,complete,62,0.0,62,63
1,complete,63,0.0,63,64
1,complete,64,0.0,64,65
2,baseline,1,0.06341498365243914,2,4
2,baseline,2,0.04144926915973637,4,6
2,baseline,3,0.029890838642729615,6,8
2,baseline,4,0.02073442979815227,8,10
2,baseline,5,0.013689470163840133,10,12
2,baseline,6,0.00869189595185822,12,14
2,baseline,7,0.005362826287635538,14,16
2,baseline,8,0.0032397208510541154,16,18
2,baseline,9,0.0019262756736298993,18,20
2,baseline,10,0.0011313535040664694,20,22
2,baseline,11,0.0006580635375620838,22,24
2,baseline,12,0.00037979434683271227,24,26
2,baseline,13,0.00021780030583096364,26,28
2,baseline,14,0.00012424345205630532,28,30
2,baseline,15,7.056133060835782e-05,30,32
2,baseline,16,3.992416325690044e-05,32,34
2,baseline,17,2.2517558806752832e-05,34,36
2,baseline,18,1.2665434669454591e-05,36,38
2,baseline,19,7.107141852653595e-06,38,40
2,baseline,20,3.979987901685223e-06,40,42
2,baseline,21,2.2248184283035163e-06,42,44
2,baseline,22,1.2417383642584782e-06,44,46
2,baseline,23,6.921028688713636e-07,46,48
2,baseline,24,3.852890930767337e-07,48,50
2,baseline,25,2.1425893754856688e-07,50,52
2,baseline,26,1.1903639193694036e-07,52,54
2,baseline,27,6.607765155440633e-08,54,56
2,baseline,28,3.665245367511813e-08,56,58
2,baseline,29,2.031700424512128e-08,58,60
2,baseline,30,1.1255238778860222e-08,60,62
2,baseline,31,6.231817805487165e-09,62,64
2,baseline,32,3.448761499844123e-09,64,66
2,baseline,33,1.907746148108858e-09,66,68
2,baseline,34,1.0548853420840966e-09,68,70
2,baseline,35,5.830869685253061e-10,70,72
2,baseline,36,3.2219526809083014e-10,72,74
2,baseline,37,1.7798175086636548e-10,74,76
2,baseline,38,9.829097475132011e-11,76,78
2,baseline,39,5.426799683443728e-11,78,80
2,baseline,40,2.9955389798637104e-11,80,82
2,baseline,41,1.653161557149711e-11,82,84
2,baseline,42,9.121620935544817e-12,84,86
2,baseline,43,5.032127801405151e-12,86,88
2,baseline,44,2.7756204712802e-12,88,90
2,baseline,45,1.5307439462798286e-12,90,92
2,baseline,46,8.440804022386163e-13,92,94
2,baseline,47,4.653804794665414e-13,94,96
2,baseline,48,2.5655439049301043e-13,96,98
2,baseline,49,1.4141685384291118e-13,98,100
2,baseline,50,7.794288437573318e-14,100,102
2,baseline,51,4.2954454243805215e-14,102,104
2,baseline,52,2.3670037216347096e-14,104,106
2,baseline,53,1.3042204485745045e-14,106,108
2,baseline,54,7.185657306785409e-15,108,110
2,baseline,55,3.958652053834456e-15,110,112
2,baseline,56,2.1806964473544173e-15,112,114
2,baseline,57,1.2011900263602422e-15,114,116
2,baseline,58,6.616042032227445e-16,116,118
2,baseline,59,3.643813398238852e-16,118,120
2,baseline,60,2.006718851864662e-16,120,122
2,baseline,61,1.1050719956557853e-16,122,124
2,baseline,62,6.085122190263277e-17,124,126
2,baseline,63,3.350608790637916e-17,126,128
2,baseline,64,1.844823461640972e-17,128,130
2,polynomial,1,0.015880908735341134,2,4
2,polynomial,2,0.009068247335536727,4,6
2,polynomial,3,0.005289869409558294,6,8
2,polynomial,4,0.0027580520212202343,8,10
2,polynomial,5,0.001329085757209172,10,12
2,polynomial,6,0.0006157079696601841,12,14
2,polynomial,7,0.00028048028054086116,14,16
2,polynomial,8,0.00012698173827339145,16,18
2,polynomial,9,5.738090812949828e-05,18,20
2,polynomial,10,2.59213434628166e-05,20,22
2,polynomial,11,1.1711791768091625e-05,22,24
2,polynomial,12,5.293110271789621e-06,24,26
2,polynomial,13,2.392847311696255e-06,26,28
2,polynomial,14,1.0819936718486137e-06,28,30
2,polynomial,15,4.893768051333672e-07,30,32
2,polynomial,16,2.2140945451617942e-07,32,34
2,polynomial,17,1.0021520110116489e-07,34,36
2,polynomial,18,4.53872599854128e-08,36,38
2,polynomial,19,2.057338631315266e-08,38,40
2,polynomial,20,9.336627126464523e-09,40,42
2,polynomial,21,4.243850812755649e-09,42,44
2,polynomial,22,1.932934450396348e-09,44,46
2,polynomial,23,8.826249103171209e-10,46,48
2,polynomial,24,4.042399221506157e-10,48,50
2,polynomial,25,1.8575833280092273e-10,50,52
2,polynomial,26,8.564733370563453e-11,52,54
2,polynomial,27,3.960154437275764e-11,54,56
2,polynomial,28,1.833785865723252e-11,56,58
2,polynomial,29,8.481664705129723e-12,58,60
2,polynomial,30,3.9010933097530146e-12,60,62
2,polynomial,31,1.7718514804663253e-12,62,64
2,polynomial,32,7.861989682449897e-13,64,66
2,polynomial,33,3.3528959945463074e-13,66,68
2,polynomial,34,1.3443438564740701e-13,68,70
2,polynomial,35,5.074034701306107e-14,70,72
2,polynomial,36,2.291095332211096e-14,72,74
2,polynomial,37,1.7099081558823596e-14,74,76
2,polynomial,38,1.4145587065183215e-14,76,78
2,polynomial,39,1.0837153051814278e-14,78,80
2,polynomial,40,7.724916111213371e-15,80,82
2,polynomial,41,5.211327308718399e-15,82,84
2,polynomial,42,3.3635660938826723e-15,84,86
2,polynomial,43,2.0888369676118364e-15,86,88
2,polynomial,44,1.2505194677712306e-15,88,90
2,polynomial,45,7.207871088964953e-16,90,92
2,polynomial,46,3.980800041431613e-16,92,94
2,polynomial,47,2.0857411348618586e-16,94,96
2,polynomial,48,1.0170042550547071e-16,96,98
2,polynomial,49,4.440193192129512e-17,98,100
2,polynomial,50,1.6165081075498083e-17,100,102
2,polynomial,51,6.323484396562587e-18,102,104
2,polynomial,52,6.74001952109705e-18,104,106
2,polynomial,53,6.935858739322978e-18,106,108
2,polynomial,54,6.011936492805729e-18,108,110
2,polynomial,55,4.699847853023811e-18,110,112
2,polynomial,56,3.433606595315819e-18,112,114
2,polynomial,57,2.387257864136481e-18,114,116
2,polynomial,58,1.5951855646017481e-18,116,118
2,polynomial,59,1.0300026704160521e-18,118,120
2,polynomial,60,6.443614441503093e-19,120,122
2,polynomial,61,3.9078907708783765e-19,122,124
2,polynomial,62,2.2945381772950755e-19,124,126
2,polynomial,63,1.2997161602309434e-19,126,128
2,polynomial,64,7.054170761390607e-20,128,130
2,complete,1,2.4276420389926654e-16,2,4
2,complete,2,1.822314657699384e-31,4,6
2,complete,3,1.6582505381053805e-46,6,8
2,complete,4,1.2949177965028688e-61,8,10
2,complete,5,8.922335639363777e-77,10,12
2,complete,6,5.406306053214883e-92,12,14
2,complete,7,2.7855774625914774e-107,14,16
2,complete,8,1.1536605872500142e-122,16,18
2,complete,9,6.422300790673698e-138,18,20
2,complete,10,7.916266541220285e-153,20,22
2,complete,11,0.0,22,24
2,complete,12,0.0,24,26
2,complete,13,0.0,26,28
2,complete,14,0.0,28,30
2,complete,15,0.0,30,32
2,complete,16,0.0,32,34
2,complete,17,0.0,34,36
2,complete,18,0.0,36,38
2,complete,19,0.0,38,40
2,complete,20,0.0,40,42
2,complete,21,0.0,42,44
2,complete,22,0.0,44,46
2,complete,23,0.0,46,48
2,complete,24,0.0,48,50
2,complete,25,0.0,50,52
2,complete,26,0.0,52,54
2,complete,27,0.0,54,56
2,complete,28,0.0,56,58
2,complete,29,0.0,58,60
2,complete,30,0.0,60,62
2,complete,31,0.0,62,64
2,complete,32,0.0,64,66
2,complete,33,0.0,66,68
2,complete,34,0.0,68,70
2,complete,35,0.0,70,72
2,complete,36,0.0,72,74
2,complete,37,0.0,74,76
2,complete,38,0.0,76,78
2,complete,39,0.0,78,80
2,complete,40,0.0,80,82
2,complete,41,0.0,82,84
2,complete,42,0.0,84,86
2,complete,43,0.0,86,88
2,complete,44,0.0,88,90
2,complete,45,0.0,90,92
2,complete,46,0.0,92,94
2,complete,47,0.0,94,96
2,complete,48,0.0,96,98
2,complete,49,0.0,98,100
2,complete,50,0.0,100,102
2,complete,51,0.0,102,104
2,complete,52,0.0,104,106
2,complete,53,0.0,106,108
2,complete,54,0.0,108,110
2,complete,55,0.0,110,112
2,complete,56,0.0,112,114
2,complete,57,0.0,114,116
2,complete,58,0.0,116,118
2,complete,59,0.0,118,120
2,complete,60,0.0,120,122
2,complete,61,0.0,122,124
2,complete,62,0.0,124,126
2,complete,63,0.0,126,128
2,complete,64,0.0,128,130
4,baseline,1,0.08005867503491944,4,8
4,baseline,2,0.03323036302846123,8,12
4,baseline,3,0.013236546567346187,12,16
4,baseline,4,0.00482137030092152,16,20
4,baseline,5,0.0016478055098965228,20,24
4,baseline,6,0.0005369036883813091,24,28
4,baseline,7,0.00016815992185630763,28,32
4,baseline,8,5.08324639674687e-05,32,36
4,baseline,9,1.4849123519700424e-05,36,40
4,baseline,10,4.187056788182424e-06,40,44
4,baseline,11,1.1352397049782572e-06,44,48
4,baseline,12,2.9364572613325966e-07,48,52
4,baseline,13,7.137920390984964e-08,52,56
4,baseline,14,1.5808968473642136e-08,56,60
4,baseline,15,2.9592143341157697e-09,60,64
4,baseline,16,3.706687018642412e-10,64,68
4,baseline,17,1.0430797350843153e-10,68,72
4,baseline,18,7.53532655960188e-11,72,76
4,baseline,19,3.584345814240613e-11,76,80
4,baseline,20,1.433119513765344e-11,80,84
4,baseline,21,5.210068216168765e-12,84,88
4,baseline,22,1.7782056085556887e-12,88,92
4,baseline,23,5.786631474284562e-13,92,96
4,baseline,24,1.80996590236739e-13,96,100
4,baseline,25,5.4629966507284127e-14,100,104
4,baseline,26,1.5929888813025175e-14,104,108
4,baseline,27,4.481887611571141e-15,108,112
4,baseline,28,1.2116930394387348e-15,112,116
4,baseline,29,3.1217073732757677e-16,116,120
4,baseline,30,7.541631995176313e-17,120,124
4,baseline,31,1.6518073424203648e-17,124,128
4,baseline,32,3.009505911198732e-18,128,132
4,baseline,33,3.3234661463898533e-19,132,136
4,baseline,34,1.1525626841258693e-19,136,140
4,baseline,35,8.434986307447678e-20,140,144
4,baseline,36,3.9733721552144573e-20,144,148
4,baseline,37,1.5800863932225712e-20,148,152
4,baseline,38,5.727655292673924e-21,152,156
4,baseline,39,1.952081940199728e-21,156,160
4,baseline,40,6.349545551554174e-22,160,164
4,baseline,41,1.986301178775569e-22,164,168
4,baseline,42,5.997277425643467e-23,168,172
4,baseline,43,1.7488212896549186e-23,172,176
4,baseline,44,4.914702623738176e-24,176,180
4,baseline,45,1.3236861677002453e-24,180,184
4,baseline,46,3.3787697192465597e-25,184,188
4,baseline,47,7.993071353687229e-26,188,192
4,baseline,48,1.6664496067840182e-26,192,196
4,baseline,49,2.6512577944143976e-27,196,200
4,baseline,50,3.1337076492317395e-28,200,204
4,baseline,51,2.719349657287544e-28,204,208
4,baseline,52,1.5094005958335654e-28,208,212
4,baseline,53,6.521741310510092e-29,212,216
4,baseline,54,2.4684487061720484e-29,216,220
4,baseline,55,8.458179148230815e-30,220,224
4,baseline,56,2.6207122921373232e-30,224,228
4,baseline,57,7.12444924459184e-31,228,232
4,baseline,58,1.5880430372910865e-31,232,236
4,baseline,59,3.618280051851941e-32,236,240
4,baseline,60,2.2071607377201516e-32,240,244
4,baseline,61,1.301255747728539e-32,244,248
4,baseline,62,6.261606808455382e-33,248,252
4,baseline,63,2.616915699238686e-33,252,256
4,baseline,64,9.749330832285756e-34,256,260
4,polynomial,1,0.013075470824175144,4,8
4,polynomial,2,0.004370571811975746,8,12
4,polynomial,3,0.0010186329547501643,12,16
4,polynomial,4,0.00021922816627937964,16,20
4,polynomial,5,4.7466059542813594e-05,20,24
4,polynomial,6,1.039856114347218e-05,24,28
4,polynomial,7,2.2910070356036236e-06,28,32
4,polynomial,8,5.058167547109531e-07,32,36
4,polynomial,9,1.1180641547796801e-07,36,40
4,polynomial,10,2.4753229475025507e-08,40,44
4,polynomial,11,5.495111312603468e-09,44,48
4,polynomial,12,1.2250023738372913e-09,48,52
4,polynomial,13,2.7455761595076905e-10,52,56
4,polynomial,14,6.183823053225557e-11,56,60
4,polynomial,15,1.3927663812460144e-11,60,64
4,polynomial,16,3.0937068675586125e-12,64,68
4,polynomial,17,6.578641002601358e-13,68,72
4,polynomial,18,1.270379714677402e-13,72,76
4,polynomial,19,2.2774497580166174e-14,76,80
4,polynomial,20,7.8082221565056e-15,80,84
4,polynomial,21,3.896345170275479e-15,84,88
4,polynomial,22,1.6402383614977825e-15,88,92
4,polynomial,23,5.800835936159745e-16,92,96
4,polynomial,24,1.7016899115977933e-16,96,100
4,polynomial,25,3.813901726978902e-17,100,104
4,polynomial,26,9.394125532124266e-18,104,108
4,polynomial,27,7.124038126373657e-18,108,112
4,polynomial,28,4.361810886802276e-18,112,116
4,polynomial,29,2.1421722639964445e-18,116,120
4,polynomial,30,9.087310343650547e-19,120,124
4,polynomial,31,3.4112564661814355e-19,124,128
4,polynomial,32,1.1270483870177766e-19,128,132
4,polynomial,33,3.1495678187066313e-20,132,136
4,polynomial,34,6.7635938355233135e-21,136,140
4,polynomial,35,1.830004104513747e-21,140,144
4,polynomial,36,1.3837261853864505e-21,144,148
4,polynomial,37,8.206846463257928e-22,148,152
4,polynomial,38,3.9680381762505095e-22,152,156
4,polynomial,39,1.6704757839454692e-22,156,160
4,polynomial,40,6.457147836925611e-23,160,164
4,polynomial,41,2.9580366056971765e-23,164,168
4,polynomial,42,1.467753438407131e-23,168,172
4,polynomial,43,1.2246522677266881e-23,172,176
4,polynomial,44,1.212230683897093e-23,176,180
4,polynomial,45,8.213715894665469e-24,180,184
4,polynomial,46,7.561609739587245e-24,184,188
4,polynomial,47,4.720624557031963e-24,188,192
4,polynomial,48,3.233998372385867e-24,192,196
4,polynomial,49,2.482825436082855e-24,196,200
4,polynomial,50,3.475214628854317e-24,200,204
4,polynomial,51,1.5313040756703719e-24,204,208
4,polynomial,52,1.5124486509785646e-24,208,212
4,polynomial,53,1.0996519825350006e-24,212,216
4,polynomial,54,1.0696760164750005e-24,216,220
4,polynomial,55,1.0160179024566288e-24,220,224
4,polynomial,56,6.027760359689936e-25,224,228
4,polynomial,57,5.413645413693083e-25,228,232
4,polynomial,58,6.375871738071477e-25,232,236
4,polynomial,59,4.208018874338068e-25,236,240
4,polynomial,60,2.695499005412561e-25,240,244
4,polynomial,61,2.2022539377393584e-25,244,248
4,polynomial,62,1.9239223185191635e-25,248,252
4,polynomial,63,1.108199643119993e-25,252,256
4,polynomial,64,8.132919499854947e-26,256,260
4,complete,1,1.2577564266808113e-16,4,8
4,complete,2,6.656353607739331e-32,8,12
4,complete,3,3.803099398347265e-47,12,16
4,complete,4,1.7444095647559917e-62,16,20
4,complete,5,7.986858346160129e-78,20,24
4,complete,6,3.718588967349992e-93,24,28
4,complete,7,1.7393680496547383e-108,28,32
4,complete,8,8.142256152950646e-124,32,36
4,complete,9,3.811136276557957e-139,36,40
4,complete,10,1.7837536417221453e-154,40,44
4,complete,11,0.0,44,48
4,complete,12,0.0,48,52
4,complete,13,0.0,52,56
4,complete,14,0.0,56,60
4,complete,15,0.0,60,64
4,complete,16,0.0,64,68
4,complete,17,0.0,68,72
4,complete,18,0.0,72,76
4,complete,19,0.0,76,80
4,complete,20,0.0,80,84
4,complete,21,0.0,84,88
4,complete,22,0.0,88,92
4,complete,23,0.0,92,96
4,complete,24,0.0,96,100
4,complete,25,0.0,100,104
4,complete,26,0.0,104,108
4,complete,27,0.0,108,112
4,complete,28,0.0,112,116
4,complete,29,0.0,116,120
4,complete,30,0.0,120,124
4,complete,31,0.0,124,128
4,complete,32,0.0,128,132
4,complete,33,0.0,132,136
4,complete,34,0.0,136,140
4,complete,35,0.0,140,144
4,complete,36,0.0,144,148
4,complete,37,0.0,148,152
4,complete,38,0.0,152,156
4,complete,39,0.0,156,160
4,complete,40,0.0,160,164
4,complete,41,0.0,164,168
4,complete,42,0.0,168,172
4,complete,43,0.0,172,176
4,complete,44,0.0,176,180
4,complete,45,0.0,180,184
4,complete,46,0.0,184,188
4,complete,47,0.0,188,192
4,complete,48,0.0,192,196
4,complete,49,0.0,196,200
4,complete,50,0.0,200,204
4,complete,51,0.0,204,208
4,complete,52,0.0,208,212
4,complete,53,0.0,212,216
4,complete,54,0.0,216,220
4,complete,55,0.0,220,224
4,complete,56,0.0,224,228
4,complete,57,0.0,228,232
4,complete,58,0.0,232,236
4,complete,59,0.0,236,240
4,complete,60,0.0,240,244
4,complete,61,0.0,244,248
4,complete,62,0.0,248,252
4,complete,63,0.0,252,256
4,complete,64,0.0,256,260
8,baseline,1,0.056782033660166584,8,16
8,baseline,2,0.008454579149390396,16,24
8,baseline,3,0.000765269853066935,24,32
8,baseline,4,2.885450419570374e-05,32,40
8,baseline,5,1.1734552251429672e-05,40,48
8,baseline,6,2.2874353600325445e-06,48,56
8,baseline,7,2.555248268277056e-07,56,64
8,baseline,8,1.3321813446872388e-08,64,72
8,baseline,9,2.229663751003626e-09,72,80
8,baseline,10,5.848802352832631e-10,80,88
8,baseline,11,7.914441427543435e-11,88,96
8,baseline,12,5.917498592328371e-12,96,104
8,baseline,13,3.440018683407134e-13,104,112
8,baseline,14,1.376981949581148e-13,112,120
8,baseline,15,2.2736401377481127e-14,120,128
8,baseline,16,2.1867602323285916e-15,128,136
8,baseline,17,8.389167011043202e-17,136,144
8,baseline,18,2.913466309589253e-17,144,152
8,baseline,19,6.104230689559708e-18,152,160
8,baseline,20,7.199793723486717e-19,160,168
8,baseline,21,4.2191154328372205e-20,168,176
8,baseline,22,5.230454122318433e-21,176,184
8,baseline,23,1.5257366024965643e-21,184,192
8,baseline,24,2.178796764930867e-22,192,200
8,baseline,25,1.7613845336003845e-23,200,208
8,baseline,26,7.923578355551153e-25,208,216
8,baseline,27,3.4996109446960093e-25,216,224
8,baseline,28,6.142187492461753e-26,224,232
8,baseline,29,6.274447292620424e-27,232,240
8,baseline,30,2.6878809051476603e-28,240,248
8,baseline,31,7.123000852332754e-29,248,256
8,baseline,32,1.6175596908896667e-29,256,264
8,baseline,33,2.0136112749876125e-30,264,272
8,baseline,34,1.309098671905694e-31,272,280
8,baseline,35,1.202848642325314e-32,280,288
8,baseline,36,3.9543762411921434e-33,288,296
8,baseline,37,5.969884462008514e-34,296,304
8,baseline,38,5.189641465518844e-35,304,312
8,baseline,39,1.973630249459254e-36,312,320
8,baseline,40,8.805188302660922e-37,320,328
8,baseline,41,1.6514012185785725e-37,328,336
8,baseline,42,1.7896445589010486e-38,336,344
8,baseline,43,8.744131362690045e-40,344,352
8,baseline,44,1.7018137750036733e-40,352,360
8,baseline,45,4.2267287564066897e-41,360,368
8,baseline,46,5.6975688341319617e-42,368,376
8,baseline,47,7.35358190472889e-43,376,384
8,baseline,48,3.5526620553733114e-43,384,392
8,baseline,49,2.5024618341852406e-43,392,400
8,baseline,50,7.185994400003339e-44,400,408
8,baseline,51,1.6118248812329982e-43,408,416
8,baseline,52,6.31600619166295e-44,416,424
8,baseline,53,3.44302918489184e-44,424,432
8,baseline,54,1.8894560115530453e-44,432,440
8,baseline,55,1.1661803527151203e-44,440,448
8,baseline,56,5.530180276390452e-45,448,456
8,baseline,57,6.09792021939833e-45,456,464
8,baseline,58,2.8860060875824124e-45,464,472
8,baseline,59,1.149785783000178e-45,472,480
8,baseline,60,1.1100509988268218e-45,480,488
8,baseline,61,1.2886216596897551e-45,488,496
8,baseline,62,3.559427653069175e-46,496,504
8,baseline,63,4.451335881318228e-46,504,512
8,baseline,64,2.1379342494910892e-46,512,520
8,polynomial,1,0.009776406521149954,8,16
8,polynomial,2,0.00040875450711885895,16,24
8,polynomial,3,1.9547188478089402e-05,24,32
8,polynomial,4,1.0898672632206052e-06,32,40
8,polynomial,5,6.415014048676689e-08,40,48
8,polynomial,6,3.8198387689540235e-09,48,56
8,polynomial,7,2.2845606658725013e-10,56,64
8,polynomial,8,1.3707298198246937e-11,64,72
8,polynomial,9,8.137655169604697e-13,72,80
8,polynomial,10,4.573597999310053e-14,80,88
8,polynomial,11,2.284726541058674e-15,88,96
8,polynomial,12,1.0374596817401086e-16,96,104
8,polynomial,13,3.3514317930909615e-18,104,112
8,polynomial,14,2.617611007992357e-18,112,120
8,polynomial,15,6.1801384042596715e-19,120,128
8,polynomial,16,9.009923776068864e-20,128,136
8,polynomial,17,8.212968848777282e-21,136,144
8,polynomial,18,8.469568330422419e-22,144,152
8,polynomial,19,2.4726638530070805e-22,152,160
8,polynomial,20,4.701376497862669e-23,160,168
8,polynomial,21,1.3643969971386467e-23,168,176
8,polynomial,22,6.3720637596540476e-24,176,184
8,polynomial,23,4.3951946168174726e-24,184,192
8,polynomial,24,2.3404681031311472e-24,192,200
8,polynomial,25,1.674096091026278e-24,200,208
8,polynomial,26,1.0810253156640962e-24,208,216
8,polynomial,27,3.55509780053531e-25,216,224
8,polynomial,28,5.331227967230646e-25,224,232
8,polynomial,29,2.158752011333484e-25,232,240
8,polynomial,30,1.8561547363394305e-25,240,248
8,polynomial,31,7.293182357769402e-26,248,256
8,polynomial,32,6.117264710475732e-26,256,264
8,polynomial,33,4.2823807122479825e-26,264,272
8,polynomial,34,2.6783966831310566e-26,272,280
8,polynomial,35,2.4439308793971555e-26,280,288
8,polynomial,36,1.1902453823442951e-26,288,296
8,polynomial,37,8.08950181081944e-27,296,304
8,polynomial,38,4.109993261589019e-27,304,312
8,polynomial,39,1.708788163905894e-27,312,320
8,polynomial,40,1.901400805304259e-27,320,328
8,polynomial,41,3.9634177024266357e-28,328,336
8,polynomial,42,1.5683371722807424e-27,336,344
8,polynomial,43,1.8923318861588483e-28,344,352
8,polynomial,44,3.5493236996324654e-28,352,360
8,polynomial,45,1.7335293677381033e-28,360,368
8,polynomial,46,9.526792393709675e-29,368,376
8,polynomial,47,6.523004570443219e-29,376,384
8,polynomial,48,3.328223605572074e-29,384,392
8,polynomial,49,2.218541523473259e-29,392,400
8,polynomial,50,2.640421437461554e-29,400,408
8,polynomial,51,1.1596816175572326e-29,408,416
8,polynomial,52,6.46881658591719e-30,416,424
8,polynomial,53,3.212011584386319e-30,424,432
8,polynomial,54,2.6112707296230493e-30,432,440
8,polynomial,55,1.2442990086969582e-30,440,448
8,polynomial,56,7.810237654286135e-31,448,456
8,polynomial,57,1.0680649564892805e-30,456,464
8,polynomial,58,4.206867888100691e-31,464,472
8,polynomial,59,2.680344554354203e-31,472,480
8,polynomial,60,8.587950836260205e-32,480,488
8,polynomial,61,6.423405983039353e-32,488,496
8,polynomial,62,1.8872750234409962e-31,496,504
8,polynomial,63,2.7254077600972744e-32,504,512
8,polynomial,64,5.712951971672705e-32,512,520
8,complete,1,6.275692813824334e-17,8,16
8,complete,2,1.0322483603944924e-32,16,24
8,complete,3,3.308853890702137e-48,24,32
8,complete,4,8.65567300177166e-64,32,40
8,complete,5,2.5777920861935683e-79,40,48
8,complete,6,7.595670654069943e-95,48,56
8,complete,7,2.1211110826708915e-110,56,64
8,complete,8,6.675333502418777e-126,64,72
8,complete,9,1.7952977809349135e-141,72,80
8,complete,10,5.6136925126858335e-157,80,88
8,complete,11,0.0,88,96
8,complete,12,0.0,96,104
8,complete,13,0.0,104,112
8,complete,14,0.0,112,120
8,complete,15,0.0,120,128
8,complete,16,0.0,128,136
8,complete,17,0.0,136,144
8,complete,18,0.0,144,152
8,complete,19,0.0,152,160
8,complete,20,0.0,160,168
8,complete,21,0.0,168,176
8,complete,22,0.0,176,184
8,complete,23,0.0,184,192
8,complete,24,0.0,192,200
8,complete,25,0.0,200,208
8,complete,26,0.0,208,216
8,complete,27,0.0,216,224
8,complete,28,0.0,224,232
8,complete,29,0.0,232,240
8,complete,30,0.0,240,248
8,complete,31,0.0,248,256
8,complete,32,0.0,256,264
8,complete,33,0.0,264,272
8,complete,34,0.0,272,280
8,complete,35,0.0,280,288
8,complete,36,0.0,288,296
8,complete,37,0.0,296,304
8,complete,38,0.0,304,312
8,complete,39,0.0,312,320
8,complete,40,0.0,320,328
8,complete,41,0.0,328,336
8,complete,42,0.0,336,344
8,complete,43,0.0,344,352
8,complete,44,0.0,352,360
8,complete,45,0.0,360,368
8,complete,46,0.0,368,376
8,complete,47,0.0,376,384
8,complete,48,0.0,384,392
8,complete,49,0.0,392,400
8,complete,50,0.0,400,408
8,complete,51,0.0,408,416
8,complete,52,0.0,416,424
8,complete,53,0.0,424,432
8,complete,54,0.0,432,440
8,complete,55,0.0,440,448
8,complete,56,0.0,448,456
8,complete,57,0.0,456,464
8,complete,58,0.0,464,472
8,complete,59,0.0,472,480
8,complete,60,0.0,480,488
8,complete,61,0.0,488,496
8,complete,62,0.0,496,504
8,complete,63,0.0,504,512
8,complete,64,0.0,512,520
16,baseline,1,0.025445690857462854,16,32
16,baseline,2,0.0006010735671955598,32,48
16,baseline,3,2.0156904051168367e-05,48,64
16,baseline,4,6.081347983587042e-07,64,80
16,baseline,5,1.719103557673909e-08,80,96
16,baseline,6,6.313283659489894e-10,96,112
16,baseline,7,1.521012787325177e-11,112,128
16,baseline,8,5.977707110934832e-13,128,144
16,baseline,9,1.5546727917015218e-14,144,160
16,baseline,10,5.175963024347941e-16,160,176
16,baseline,11,1.6664578471707065e-17,176,192
16,baseline,12,4.355764176243626e-19,192,208
16,baseline,13,1.6796493365872916e-20,208,224
16,baseline,14,4.0491148748590774e-22,224,240
16,baseline,15,1.53899291045283e-23,240,256
16,baseline,16,4.274337850053216e-25,256,272
16,baseline,17,1.3054536878522891e-26,272,288
16,baseline,18,4.523195888006778e-28,288,304
16,baseline,19,1.1195411870343765e-29,304,320
16,baseline,20,4.418075019469033e-31,320,336
16,baseline,21,1.0955872753883756e-32,336,352
16,baseline,22,3.9250049304919745e-34,352,368
16,baseline,23,1.1746058980963096e-35,368,384
16,baseline,24,3.2943472043276064e-37,384,400
16,baseline,25,1.2157739379277296e-38,400,416
16,baseline,26,2.92671843747784e-40,416,432
16,baseline,27,1.1497403349984963e-41,432,448
16,baseline,28,3.054534670833068e-43,448,464
16,baseline,29,8.658438398192533e-45,464,480
16,baseline,30,2.234882202641095e-45,480,496
16,baseline,31,7.03866131427502e-46,496,512
16,baseline,32,3.212444877376878e-46,512,528
16,baseline,33,2.7605095670195337e-47,528,544
16,baseline,34,4.942054290612531e-47,544,560
16,baseline,35,1.1885898229739195e-47,560,576
16,baseline,36,4.700481630666629e-48,576,592
16,baseline,37,1.0904742166095198e-48,592,608
16,baseline,38,3.175140423814715e-49,608,624
16,baseline,39,7.547169402858784e-49,624,640
16,baseline,40,2.00837730261368e-49,640,656
16,baseline,41,4.605545441726745e-50,656,672
16,baseline,42,2.805879817812055e-50,672,688
16,baseline,43,1.0038117176295335e-50,688,704
16,baseline,44,2.02979909322188e-51,704,720
16,baseline,45,2.086165093122583e-51,720,736
16,baseline,46,5.689302153030536e-52,736,752
16,baseline,47,1.833377216239382e-52,752,768
16,baseline,48,6.963550855911946e-53,768,784
16,baseline,49,6.493207546987623e-54,784,800
16,baseline,50,1.6662708673276379e-53,800,816
16,baseline,51,2.5694853785952646e-54,816,832
16,baseline,52,9.851605178386732e-55,832,848
16,baseline,53,8.623682105917859e-55,848,864
16,baseline,54,2.718556845962849e-55,864,880
16,baseline,55,3.562767162682476e-55,880,896
16,baseline,56,8.822164314182768e-56,896,912
16,baseline,57,2.200007730910692e-56,912,928
16,baseline,58,8.594506136229542e-57,928,944
16,baseline,59,2.9869608714562493e-57,944,960
16,baseline,60,2.3511242492680618e-57,960,976
16,baseline,61,4.63029168876274e-58,976,992
16,baseline,62,8.101333554078277e-59,992,1008
16,baseline,63,4.4321702535920935e-59,1008,1024
16,baseline,64,2.1150747036412568e-59,1024,1040
16,polynomial,1,0.0007345426712703401,16,32
16,polynomial,2,4.518848244028199e-06,32,48
16,polynomial,3,3.170218064085222e-08,48,64
16,polynomial,4,1.2099371991724463e-10,64,80
16,polynomial,5,1.1044007820084217e-12,80,96
16,polynomial,6,4.504704678980302e-15,96,112
16,polynomial,7,3.27153754003648e-17,112,128
16,polynomial,8,1.7893445116571454e-19,128,144
16,polynomial,9,8.807273093479628e-22,144,160
16,polynomial,10,1.731453176777562e-23,160,176
16,polynomial,11,8.435520063403802e-24,176,192
16,polynomial,12,3.2167635128597176e-24,192,208
16,polynomial,13,1.4960304795273692e-24,208,224
16,polynomial,14,5.314310601709903e-25,224,240
16,polynomial,15,1.5406219791489633e-25,240,256
16,polynomial,16,6.477900994696139e-26,256,272
16,polynomial,17,3.6184400453480156e-26,272,288
16,polynomial,18,1.117770437367458e-26,288,304
16,polynomial,19,4.927885624900029e-27,304,320
16,polynomial,20,6.857157395794494e-28,320,336
16,polynomial,21,8.086947648269202e-28,336,352
16,polynomial,22,3.046999310268464e-28,352,368
16,polynomial,23,8.54842850474453e-29,368,384
16,polynomial,24,3.756947901053808e-29,384,400
16,polynomial,25,1.2658027417574037e-29,400,416
16,polynomial,26,1.0830887760476404e-29,416,432
16,polynomial,27,2.144667041836634e-30,432,448
16,polynomial,28,1.852969610292229e-30,448,464
16,polynomial,29,3.3309207383008e-31,464,480
16,polynomial,30,2.396589798289813e-31,480,496
16,polynomial,31,1.5257383704553537e-31,496,512
16,polynomial,32,2.5295816148492574e-32,512,528
16,polynomial,33,7.879710500639879e-33,528,544
16,polynomial,34,3.464955963964006e-33,544,560
16,polynomial,35,2.0450859974195243e-33,560,576
16,polynomial,36,1.7035453702783768e-33,576,592
16,polynomial,37,2.3667841862202455e-34,592,608
16,polynomial,38,9.754882146886252e-35,608,624
16,polynomial,39,1.040259640208788e-34,624,640
16,polynomial,40,3.2934974362573176e-35,640,656
16,polynomial,41,4.2985170705184826e-36,656,672
16,polynomial,42,3.490188794388541e-36,672,688
16,polynomial,43,1.1083970052743825e-36,688,704
16,polynomial,44,7.493012715586021e-37,704,720
16,polynomial,45,2.1162180702134114e-37,720,736
16,polynomial,46,7.703981029610734e-38,736,752
16,polynomial,47,1.2952766579198804e-38,752,768
16,polynomial,48,9.695141523269991e-39,768,784
16,polynomial,49,1.631402471026794e-39,784,800
16,polynomial,50,1.299813745589981e-39,800,816
16,polynomial,51,2.075432419019547e-40,816,832
16,polynomial,52,4.925520626531264e-40,832,848
16,polynomial,53,6.256709503845285e-41,848,864
16,polynomial,54,8.164442875938904e-41,864,880
16,polynomial,55,1.236314958599477e-41,880,896
16,polynomial,56,7.298569238050708e-42,896,912
16,polynomial,57,1.0243993295904149e-41,912,928
16,polynomial,58,3.6702803889148075e-43,928,944
16,polynomial,59,7.37085459373328e-43,944,960
16,polynomial,60,2.5906579390049992e-43,960,976
16,polynomial,61,8.047769861600899e-44,976,992
16,polynomial,62,1.7411845014414214e-44,992,1008
16,polynomial,63,1.0759294083106726e-44,1008,1024
16,polynomial,64,6.656943762641822e-45,1024,1040
16,complete,1,2.0281961584141556e-17,16,32
16,complete,2,2.3194599794998782e-33,32,48
16,complete,3,5.384910028858954e-49,48,64
16,complete,4,1.4998688111839247e-64,64,80
16,complete,5,3.97601160642075e-80,80,96
16,complete,6,1.0528484980042901e-95,96,112
16,complete,7,2.78425827759215e-111,112,128
16,complete,8,7.360900707407661e-127,128,144
16,complete,9,1.9460097795332255e-142,144,160
16,complete,10,5.144620584236057e-158,160,176
16,complete,11,0.0,176,192
16,complete,12,0.0,192,208
16,complete,13,0.0,208,224
16,complete,14,0.0,224,240
16,complete,15,0.0,240,256
16,complete,16,0.0,256,272
16,complete,17,0.0,272,288
16,complete,18,0.0,288,304
16,complete,19,0.0,304,320
16,complete,20,0.0,320,336
16,complete,21,0.0,336,352
16,complete,22,0.0,352,368
16,complete,23,0.0,368,384
16,complete,24,0.0,384,400
16,complete,25,0.0,400,416
16,complete,26,0.0,416,432
16,complete,27,0.0,432,448
16,complete,28,0.0,448,464
16,complete,29,0.0,464,480
16,complete,30,0.0,480,496
16,complete,31,0.0,496,512
16,complete,32,0.0,512,528
16,complete,33,0.0,528,544
16,complete,34,0.0,544,560
16,complete,35,0.0,560,576
16,complete,36,0.0,576,592
16,complete,37,0.0,592,608
16,complete,38,0.0,608,624
16,complete,39,0.0,624,640
16,complete,40,0.0,640,656
16,complete,41,0.0,656,672
16,complete,42,0.0,672,688
16,complete,43,0.0,688,704
16,complete,44,0.0,704,720
16,complete,45,0.0,720,736
16,complete,46,0.0,736,752
16,complete,47,0.0,752,768
16,complete,48,0.0,768,784
16,complete,49,0.0,784,800
16,complete,50,0.0,800,816
16,complete,51,0.0,816,832
16,complete,52,0.0,832,848
16,complete,53,0.0,848,864
16,complete,54,0.0,864,880
16,complete,55,0.0,880,896
16,complete,56,0.0,896,912
16,complete,57,0.0,912,928
16,complete,58,0.0,928,944
16,complete,59,0.0,944,960
16,complete,60,0.0,960,976
16,complete,61,0.0,976,992
16,complete,62,0.0,992,1008
16,complete,63,0.0,1008,1024
16,complete,64,0.0,1024,1040
