seed,observation,mode,b,history_lags,history_events,horizon_kind,target_events,n_train_blocks,population_memory,estimated_memory,population_theta,kernel_rmse,r2_current,r2_history,delta_r2,train_targets,test_targets
0,full,endpoint,1,32,32,one_block,1,65536,9.986970744585617e-16,0.1442305750027708,8.20692176033715,0.0024606889222143955,0.6389822692658454,0.6385979387839308,-0.0003843304819146631,65503,32735
0,full,endpoint,1,32,32,fixed_events,16,65536,9.986970744585617e-16,0.1442305750027708,8.20692176033715,0.0024606889222143955,0.010982541298966364,0.010283128814808307,-0.0006994124841580573,65488,32720
0,full,endpoint,2,16,32,one_block,2,32768,6.353545554159425e-16,0.1531356751356619,3.9267557261460153,0.004996020980651559,0.4567326877411295,0.4557068186962445,-0.0010258690448849972,32751,16367
0,full,endpoint,2,16,32,fixed_events,16,32768,6.353545554159425e-16,0.1531356751356619,3.9267557261460153,0.004996020980651559,0.01050796943497423,0.00956648536076854,-0.0009414840742056896,32744,16360
0,full,endpoint,4,8,32,one_block,4,16384,2.1793572646254344e-16,0.10735566732105356,2.4182616904793184,0.008022666124292994,0.26703620108182713,0.2664365590282429,-0.000599642053584204,16375,8183
0,full,endpoint,4,8,32,fixed_events,16,16384,2.1793572646254344e-16,0.10735566732105356,2.4182616904793184,0.008022666124292994,0.010104372870663014,0.009033425604830447,-0.001070947265832567,16372,8180
0,full,endpoint,8,4,32,one_block,8,8192,4.6542728890961157e-17,0.08907194251714334,1.8032881065050606,0.012213209826087965,0.10166071537641674,0.10019944150864846,-0.0014612738677682868,8187,4091
0,full,endpoint,8,4,32,fixed_events,16,8192,4.6542728890961157e-17,0.08907194251714334,1.8032881065050606,0.012213209826087965,0.010250679798152307,0.00802239207800648,-0.0022282877201458273,8186,4090
0,full,endpoint,16,2,32,one_block,16,4096,9.496080048796392e-18,0.07378901290417561,1.1926004027034536,0.018231099476116393,0.012413270932100984,0.010807507659908566,-0.0016057632721924175,4093,2045
0,full,endpoint,16,2,32,fixed_events,16,4096,9.496080048796392e-18,0.07378901290417561,1.1926004027034536,0.018231099476116393,0.012413270932100984,0.010807507659908566,-0.0016057632721924175,4093,2045
0,full,mean,1,32,32,one_block,1,65536,9.986970744585617e-16,0.1442305750027708,8.20692176033715,0.0024606889222143955,0.6389822692658454,0.6385979387839308,-0.0003843304819146631,65503,32735
0,full,mean,1,32,32,fixed_events,16,65536,9.986970744585617e-16,0.1442305750027708,8.20692176033715,0.0024606889222143955,0.010982541298966364,0.010283128814808307,-0.0006994124841580573,65488,32720
0,full,mean,2,16,32,one_block,2,32768,0.06906604504971565,0.1818321234148827,1.1127884867738884,0.004065929819056053,0.5653090339376424,0.5698428968216482,0.004533862884005813,32751,16367
0,full,mean,2,16,32,fixed_events,16,32768,0.06906604504971565,0.1818321234148827,1.1127884867738884,0.004065929819056053,0.013261060197179764,0.01278456955557894,-0.0004764906416008241,32744,16360
0,full,mean,4,8,32,one_block,4,16384,0.10000355597567423,0.179434330014582,1.1339187738658694,0.006347756266072629,0.4281312053446159,0.43652130006062717,0.008390094716011265,16375,8183
0,full,mean,4,8,32,fixed_events,16,16384,0.10000355597567423,0.179434330014582,1.1339187738658694,0.006347756266072629,0.01766680104290741,0.017407351611071764,-0.0002594494318356455,16372,8180
0,full,mean,8,4,32,one_block,8,8192,0.11727035778535595,0.16505981824955437,1.2084295627068489,0.011096422156219837,0.2508036430185563,0.2611936910440278,0.010390048025471499,8187,4091
0,full,mean,8,4,32,fixed_events,16,8192,0.11727035778535595,0.16505981824955437,1.2084295627068489,0.011096422156219837,0.0310518378940996,0.03251962776940165,0.0014677898753020502,8186,4090
0,full,mean,16,2,32,one_block,16,4096,0.07552518151132803,0.1177562591694632,1.1605713793100951,0.011933209808608116,0.09199528095413267,0.09752492632002019,0.005529645365887514,4093,2045
0,full,mean,16,2,32,fixed_events,16,4096,0.07552518151132803,0.1177562591694632,1.1605713793100951,0.011933209808608116,0.09199528095413267,0.09752492632002019,0.005529645365887514,4093,2045
0,partial,endpoint,1,32,32,one_block,1,65536,0.10980614861814181,0.1450420915059062,2.783379979538229,0.0016379522102414944,0.4958017441036795,0.5021318904629399,0.006330146359260436,65503,32735
0,partial,endpoint,1,32,32,fixed_events,16,65536,0.10980614861814181,0.1450420915059062,2.783379979538229,0.0016379522102414944,0.005999559485781347,0.0059726846867097505,-2.6874799071596733e-05,65488,32720
0,partial,endpoint,2,16,32,one_block,2,32768,0.13071952358661162,0.1741115102305541,1.8180765043432134,0.004356642126181697,0.27898853145605174,0.2904156429048349,0.011427111448783167,32751,16367
0,partial,endpoint,2,16,32,fixed_events,16,32768,0.13071952358661162,0.1741115102305541,1.8180765043432134,0.004356642126181697,0.005572815315312174,0.005034577739065793,-0.0005382375762463809,32744,16360
0,partial,endpoint,4,8,32,one_block,4,16384,0.09760177904020392,0.14206230080716037,1.3778785077182207,0.008170523148125945,0.13652200793451685,0.14399783436816238,0.007475826433645527,16375,8183
0,partial,endpoint,4,8,32,fixed_events,16,16384,0.09760177904020392,0.14206230080716037,1.3778785077182207,0.008170523148125945,0.006571366213471763,0.00589723427415445,-0.0006741319393173129,16372,8180
0,partial,endpoint,8,4,32,one_block,8,8192,0.03402215935339012,0.03561677070911523,1.1692863643949702,0.009006542819183273,0.043377825126822644,0.04485115990125943,0.0014733347744367853,8187,4091
0,partial,endpoint,8,4,32,fixed_events,16,8192,0.03402215935339012,0.03561677070911523,1.1692863643949702,0.009006542819183273,0.007859798626528192,0.007541993671783542,-0.0003178049547446493,8186,4090
0,partial,endpoint,16,2,32,one_block,16,4096,0.003762430363060636,0.01660664421583153,1.0479929507776353,0.008804824804823724,0.010350528848463991,0.01056635973315645,0.00021583088469245837,4093,2045
0,partial,endpoint,16,2,32,fixed_events,16,4096,0.003762430363060636,0.01660664421583153,1.0479929507776353,0.008804824804823724,0.010350528848463991,0.01056635973315645,0.00021583088469245837,4093,2045
0,partial,mean,1,32,32,one_block,1,65536,0.10980614861814181,0.1450420915059062,2.783379979538229,0.0016379522102414944,0.4958017441036795,0.5021318904629399,0.006330146359260436,65503,32735
0,partial,mean,1,32,32,fixed_events,16,65536,0.10980614861814181,0.1450420915059062,2.783379979538229,0.0016379522102414944,0.005999559485781347,0.0059726846867097505,-2.6874799071596733e-05,65488,32720
0,partial,mean,2,16,32,one_block,2,32768,0.056386829617571035,0.09066432668012134,2.472232303245049,0.0031144690193423826,0.41666697966176847,0.41953986995960135,0.0028728902978328863,32751,16367
0,partial,mean,2,16,32,fixed_events,16,32768,0.056386829617571035,0.09066432668012134,2.472232303245049,0.0031144690193423826,0.007918881119567733,0.007693846401970794,-0.00022503471759693916,32744,16360
0,partial,mean,4,8,32,one_block,4,16384,0.028156060629300525,0.04481923522848428,1.6709940328808184,0.004914020488590408,0.3041984619565765,0.30413402141144374,-6.44405451327712e-05,16375,8183
0,partial,mean,4,8,32,fixed_events,16,16384,0.028156060629300525,0.04481923522848428,1.6709940328808184,0.004914020488590408,0.011500477644326046,0.011018871355123472,-0.0004816062892025741,16372,8180
0,partial,mean,8,4,32,one_block,8,8192,0.04684868123232829,0.07326296257299673,1.1666725509346574,0.012357530215364723,0.19213529357064651,0.19416918401721972,0.0020338904465732055,8187,4091
0,partial,mean,8,4,32,fixed_events,16,8192,0.04684868123232829,0.07326296257299673,1.1666725509346574,0.012357530215364723,0.022323752061912727,0.022522478772260213,0.00019872671034748546,8186,4090
0,partial,mean,16,2,32,one_block,16,4096,0.045184417249328944,0.07355865732132931,1.130649636321632,0.015955080234239714,0.07248026392234985,0.07529370094873222,0.0028134370263823705,4093,2045
0,partial,mean,16,2,32,fixed_events,16,4096,0.045184417249328944,0.07355865732132931,1.130649636321632,0.015955080234239714,0.07248026392234985,0.07529370094873222,0.0028134370263823705,4093,2045
1,full,endpoint,1,32,32,one_block,1,65536,9.986970744585617e-16,0.15771667740049022,8.20692176033715,0.0027112671279610452,0.6486345820483187,0.6482226056233947,-0.00041197642492396547,65503,32735
1,full,endpoint,1,32,32,fixed_events,16,65536,9.986970744585617e-16,0.15771667740049022,8.20692176033715,0.0027112671279610452,0.009128928817886184,0.008062675550877363,-0.001066253267008821,65488,32720
1,full,endpoint,2,16,32,one_block,2,32768,6.353545554159425e-16,0.14973672942456262,3.9267557261460153,0.0052478643368699986,0.46918183231474264,0.4683732197721451,-0.0008086125425975643,32751,16367
1,full,endpoint,2,16,32,fixed_events,16,32768,6.353545554159425e-16,0.14973672942456262,3.9267557261460153,0.0052478643368699986,0.009117756064492166,0.008149922688312716,-0.00096783337617945,32744,16360
1,full,endpoint,4,8,32,one_block,4,16384,2.1793572646254344e-16,0.10734885075172906,2.4182616904793184,0.0075180424210140135,0.26409303159214237,0.2626530755189317,-0.0014399560732106798,16375,8183
1,full,endpoint,4,8,32,fixed_events,16,16384,2.1793572646254344e-16,0.10734885075172906,2.4182616904793184,0.0075180424210140135,0.008824757429117702,0.007946196456266152,-0.0008785609728515498,16372,8180
1,full,endpoint,8,4,32,one_block,8,8192,4.6542728890961157e-17,0.06093997113578494,1.8032881065050606,0.007632226991464184,0.08052625099072896,0.07968175243035813,-0.0008444985603708322,8187,4091
1,full,endpoint,8,4,32,fixed_events,16,8192,4.6542728890961157e-17,0.06093997113578494,1.8032881065050606,0.007632226991464184,0.007975232125755904,0.007482786359381266,-0.0004924457663746384,8186,4090
1,full,endpoint,16,2,32,one_block,16,4096,9.496080048796392e-18,0.02697104772957748,1.1926004027034536,0.015893821202495762,0.007702304620069933,0.007577288496838475,-0.0001250161232314584,4093,2045
1,full,endpoint,16,2,32,fixed_events,16,4096,9.496080048796392e-18,0.02697104772957748,1.1926004027034536,0.015893821202495762,0.007702304620069933,0.007577288496838475,-0.0001250161232314584,4093,2045
1,full,mean,1,32,32,one_block,1,65536,9.986970744585617e-16,0.15771667740049022,8.20692176033715,0.0027112671279610452,0.6486345820483187,0.6482226056233947,-0.00041197642492396547,65503,32735
1,full,mean,1,32,32,fixed_events,16,65536,9.986970744585617e-16,0.15771667740049022,8.20692176033715,0.0027112671279610452,0.009128928817886184,0.008062675550877363,-0.001066253267008821,65488,32720
1,full,mean,2,16,32,one_block,2,32768,0.06906604504971565,0.18810804462833383,1.1127884867738884,0.004681466490324821,0.5746556450428872,0.5808489969134092,0.006193351870521946,32751,16367
1,full,mean,2,16,32,fixed_events,16,32768,0.06906604504971565,0.18810804462833383,1.1127884867738884,0.004681466490324821,0.011079218565743898,0.01012673014962262,-0.0009524884161212777,32744,16360
1,full,mean,4,8,32,one_block,4,16384,0.10000355597567423,0.16673426095764796,1.1339187738658694,0.005975605331176239,0.421755586393893,0.4356349024043197,0.01387931601042669,16375,8183
1,full,mean,4,8,32,fixed_events,16,16384,0.10000355597567423,0.16673426095764796,1.1339187738658694,0.005975605331176239,0.014462271665244941,0.014357857557837916,-0.00010441410740702484,16372,8180
1,full,mean,8,4,32,one_block,8,8192,0.11727035778535595,0.19120322834028836,1.2084295627068489,0.014077259919932862,0.2287503474663225,0.2363955535477349,0.007645206081412392,8187,4091
1,full,mean,8,4,32,fixed_events,16,8192,0.11727035778535595,0.19120322834028836,1.2084295627068489,0.014077259919932862,0.024832718923495922,0.0256507835686568,0.0008180646451608764,8186,4090
1,full,mean,16,2,32,one_block,16,4096,0.07552518151132803,0.10024273810286709,1.1605713793100951,0.018645447947708144,0.07809868258504082,0.08121331684831856,0.003114634263277738,4093,2045
1,full,mean,16,2,32,fixed_events,16,4096,0.07552518151132803,0.10024273810286709,1.1605713793100951,0.018645447947708144,0.07809868258504082,0.08121331684831856,0.003114634263277738,4093,2045
1,partial,endpoint,1,32,32,one_block,1,65536,0.10980614861814181,0.15541426926536278,2.783379979538229,0.0022934520903367746,0.5056348459721924,0.5114021418868332,0.005767295914640758,65503,32735
1,partial,endpoint,1,32,32,fixed_events,16,65536,0.10980614861814181,0.15541426926536278,2.783379979538229,0.0022934520903367746,0.004820153143793471,0.004952299395580728,0.00013214625178725736,65488,32720
1,partial,endpoint,2,16,32,one_block,2,32768,0.13071952358661162,0.16358478617169617,1.8180765043432134,0.004149671496928152,0.2936163503058635,0.30373416981997026,0.01011781951410673,32751,16367
1,partial,endpoint,2,16,32,fixed_events,16,32768,0.13071952358661162,0.16358478617169617,1.8180765043432134,0.004149671496928152,0.005031988370448381,0.0053402024602531295,0.00030821408980474807,32744,16360
1,partial,endpoint,4,8,32,one_block,4,16384,0.09760177904020392,0.13370414338754963,1.3778785077182207,0.007974973600008069,0.13333705456630252,0.13903775721334244,0.005700702647039924,16375,8183
1,partial,endpoint,4,8,32,fixed_events,16,16384,0.09760177904020392,0.13370414338754963,1.3778785077182207,0.007974973600008069,0.004128853800610233,0.003988787727890908,-0.0001400660727193248,16372,8180
1,partial,endpoint,8,4,32,one_block,8,8192,0.03402215935339012,0.042891002887631396,1.1692863643949702,0.009237897872830756,0.0421465080763852,0.042050932537369246,-9.557553901595739e-05,8187,4091
1,partial,endpoint,8,4,32,fixed_events,16,8192,0.03402215935339012,0.042891002887631396,1.1692863643949702,0.009237897872830756,0.004212697296745338,0.0038030337459219465,-0.00040966355082339145,8186,4090
1,partial,endpoint,16,2,32,one_block,16,4096,0.003762430363060636,0.00807983409667026,1.0479929507776353,0.006452605817379549,0.007092781069824139,0.006934922301051305,-0.0001578587687728339,4093,2045
1,partial,endpoint,16,2,32,fixed_events,16,4096,0.003762430363060636,0.00807983409667026,1.0479929507776353,0.006452605817379549,0.007092781069824139,0.006934922301051305,-0.0001578587687728339,4093,2045
1,partial,mean,1,32,32,one_block,1,65536,0.10980614861814181,0.15541426926536278,2.783379979538229,0.0022934520903367746,0.5056348459721924,0.5114021418868332,0.005767295914640758,65503,32735
1,partial,mean,1,32,32,fixed_events,16,65536,0.10980614861814181,0.15541426926536278,2.783379979538229,0.0022934520903367746,0.004820153143793471,0.004952299395580728,0.00013214625178725736,65488,32720
1,partial,mean,2,16,32,one_block,2,32768,0.056386829617571035,0.09040944499039658,2.472232303245049,0.003649178085707245,0.4292742159556885,0.4303477676857449,0.0010735517300564101,32751,16367
1,partial,mean,2,16,32,fixed_events,16,32768,0.056386829617571035,0.09040944499039658,2.472232303245049,0.003649178085707245,0.006842619217522938,0.0066666640205601535,-0.00017595519696278483,32744,16360
1,partial,mean,4,8,32,one_block,4,16384,0.028156060629300525,0.03371781050327085,1.6709940328808184,0.006382852521520839,0.3068325612934669,0.30712230964511344,0.0002897483516465238,16375,8183
1,partial,mean,4,8,32,fixed_events,16,16384,0.028156060629300525,0.03371781050327085,1.6709940328808184,0.006382852521520839,0.010126633389826556,0.00992340572552064,-0.0002032276643059161,16372,8180
1,partial,mean,8,4,32,one_block,8,8192,0.04684868123232829,0.06006689647194305,1.1666725509346574,0.01041856305190029,0.17745454286291718,0.1785628908683946,0.001108348005477433,8187,4091
1,partial,mean,8,4,32,fixed_events,16,8192,0.04684868123232829,0.06006689647194305,1.1666725509346574,0.01041856305190029,0.019985978312238473,0.020056688878521634,7.071056628316086e-05,8186,4090
1,partial,mean,16,2,32,one_block,16,4096,0.045184417249328944,0.05818482014895109,1.130649636321632,0.006238408521085375,0.06278135958796605,0.06453422104420681,0.0017528614562407618,4093,2045
1,partial,mean,16,2,32,fixed_events,16,4096,0.045184417249328944,0.05818482014895109,1.130649636321632,0.006238408521085375,0.06278135958796605,0.06453422104420681,0.0017528614562407618,4093,2045
2,full,endpoint,1,32,32,one_block,1,65536,9.986970744585617e-16,0.14497420056025923,8.20692176033715,0.0024016836890252175,0.6571786045257423,0.6568139545070821,-0.0003646500186601509,65503,32735
2,full,endpoint,1,32,32,fixed_events,16,65536,9.986970744585617e-16,0.14497420056025923,8.20692176033715,0.0024016836890252175,0.01497313316505322,0.01484873153226729,-0.00012440163278593097,65488,32720
2,full,endpoint,2,16,32,one_block,2,32768,6.353545554159425e-16,0.14040537580002663,3.9267557261460153,0.005110960617021299,0.49103003738877415,0.4903901941943706,-0.0006398431944035776,32751,16367
2,full,endpoint,2,16,32,fixed_events,16,32768,6.353545554159425e-16,0.14040537580002663,3.9267557261460153,0.005110960617021299,0.015174353141310548,0.015019999609084955,-0.0001543535322255929,32744,16360
2,full,endpoint,4,8,32,one_block,4,16384,2.1793572646254344e-16,0.14807211030740106,2.4182616904793184,0.009903261162295228,0.2950864136777689,0.29440966449773065,-0.0006767491800382386,16375,8183
2,full,endpoint,4,8,32,fixed_events,16,16384,2.1793572646254344e-16,0.14807211030740106,2.4182616904793184,0.009903261162295228,0.015109585074596366,0.014378529762431258,-0.0007310553121651076,16372,8180
2,full,endpoint,8,4,32,one_block,8,8192,4.6542728890961157e-17,0.09470093109242261,1.8032881065050606,0.012708830555657804,0.1043393441445647,0.1037144778783683,-0.0006248662661964,8187,4091
2,full,endpoint,8,4,32,fixed_events,16,8192,4.6542728890961157e-17,0.09470093109242261,1.8032881065050606,0.012708830555657804,0.014387357631228115,0.013834922207835554,-0.000552435423392561,8186,4090
2,full,endpoint,16,2,32,one_block,16,4096,9.496080048796392e-18,0.04161115610501552,1.1926004027034536,0.011700343351931765,0.012688903644452298,0.0126097983422927,-7.910530215959888e-05,4093,2045
2,full,endpoint,16,2,32,fixed_events,16,4096,9.496080048796392e-18,0.04161115610501552,1.1926004027034536,0.011700343351931765,0.012688903644452298,0.0126097983422927,-7.910530215959888e-05,4093,2045
2,full,mean,1,32,32,one_block,1,65536,9.986970744585617e-16,0.14497420056025923,8.20692176033715,0.0024016836890252175,0.6571786045257423,0.6568139545070821,-0.0003646500186601509,65503,32735
2,full,mean,1,32,32,fixed_events,16,65536,9.986970744585617e-16,0.14497420056025923,8.20692176033715,0.0024016836890252175,0.01497313316505322,0.01484873153226729,-0.00012440163278593097,65488,32720
2,full,mean,2,16,32,one_block,2,32768,0.06906604504971565,0.18484815227224885,1.1127884867738884,0.004388074148066341,0.5899019128820773,0.5942674044370628,0.004365491554985557,32751,16367
2,full,mean,2,16,32,fixed_events,16,32768,0.06906604504971565,0.18484815227224885,1.1127884867738884,0.004388074148066341,0.018021805595774598,0.0179576396978679,-6.416589790669835e-05,32744,16360
2,full,mean,4,8,32,one_block,4,16384,0.10000355597567423,0.16268291555184927,1.1339187738658694,0.005550461275563737,0.45428020091891563,0.46627896954092296,0.011998768622007328,16375,8183
2,full,mean,4,8,32,fixed_events,16,16384,0.10000355597567423,0.16268291555184927,1.1339187738658694,0.005550461275563737,0.023261060919205545,0.023488388367128077,0.0002273274479225318,16372,8180
2,full,mean,8,4,32,one_block,8,8192,0.11727035778535595,0.20216017440508244,1.2084295627068489,0.017482439461523853,0.26456232103241384,0.27609601960188845,0.011533698569474615,8187,4091
2,full,mean,8,4,32,fixed_events,16,8192,0.11727035778535595,0.20216017440508244,1.2084295627068489,0.017482439461523853,0.03856156266022004,0.038865951051278436,0.00030438839105839666,8186,4090
2,full,mean,16,2,32,one_block,16,4096,0.07552518151132803,0.0875519133166285,1.1605713793100951,0.02338012142453754,0.11295751980752133,0.11386931507458198,0.0009117952670606444,4093,2045
2,full,mean,16,2,32,fixed_events,16,4096,0.07552518151132803,0.0875519133166285,1.1605713793100951,0.02338012142453754,0.11295751980752133,0.11386931507458198,0.0009117952670606444,4093,2045
2,partial,endpoint,1,32,32,one_block,1,65536,0.10980614861814181,0.150603864041715,2.783379979538229,0.0020290220246091855,0.508735127741538,0.5151602422144896,0.006425114472951687,65503,32735
2,partial,endpoint,1,32,32,fixed_events,16,65536,0.10980614861814181,0.150603864041715,2.783379979538229,0.0020290220246091855,0.00589255458891369,0.007064518481545434,0.0011719638926317444,65488,32720
2,partial,endpoint,2,16,32,one_block,2,32768,0.13071952358661162,0.17553081156618638,1.8180765043432134,0.004226934829789903,0.3071318482686448,0.3173113519036357,0.010179503634990872,32751,16367
2,partial,endpoint,2,16,32,fixed_events,16,32768,0.13071952358661162,0.17553081156618638,1.8180765043432134,0.004226934829789903,0.006115515155519002,0.006904267452459201,0.0007887522969401983,32744,16360
2,partial,endpoint,4,8,32,one_block,4,16384,0.09760177904020392,0.14427171488102722,1.3778785077182207,0.007358373893343261,0.14466822541659408,0.15091886578734648,0.006250640370752403,16375,8183
2,partial,endpoint,4,8,32,fixed_events,16,16384,0.09760177904020392,0.14427171488102722,1.3778785077182207,0.007358373893343261,0.005550177062984218,0.005756578688080438,0.00020640162509621973,16372,8180
2,partial,endpoint,8,4,32,one_block,8,8192,0.03402215935339012,0.0435797139529793,1.1692863643949702,0.006029915338774002,0.04852731150477796,0.04796517363485753,-0.0005621378699204316,8187,4091
2,partial,endpoint,8,4,32,fixed_events,16,8192,0.03402215935339012,0.0435797139529793,1.1692863643949702,0.006029915338774002,0.003776021481884939,0.0038334356369914557,5.7414155106516596e-05,8186,4090
2,partial,endpoint,16,2,32,one_block,16,4096,0.003762430363060636,0.013581742907423765,1.0479929507776353,0.00930070548498353,0.003940082273080736,0.00461909591069265,0.0006790136376119138,4093,2045
2,partial,endpoint,16,2,32,fixed_events,16,4096,0.003762430363060636,0.013581742907423765,1.0479929507776353,0.00930070548498353,0.003940082273080736,0.00461909591069265,0.0006790136376119138,4093,2045
2,partial,mean,1,32,32,one_block,1,65536,0.10980614861814181,0.150603864041715,2.783379979538229,0.0020290220246091855,0.508735127741538,0.5151602422144896,0.006425114472951687,65503,32735
2,partial,mean,1,32,32,fixed_events,16,65536,0.10980614861814181,0.150603864041715,2.783379979538229,0.0020290220246091855,0.00589255458891369,0.007064518481545434,0.0011719638926317444,65488,32720
2,partial,mean,2,16,32,one_block,2,32768,0.056386829617571035,0.09241048938182755,2.472232303245049,0.0030260819553619097,0.43290633337859563,0.43484519361753393,0.0019388602389383003,32751,16367
2,partial,mean,2,16,32,fixed_events,16,32768,0.056386829617571035,0.09241048938182755,2.472232303245049,0.0030260819553619097,0.008248157464556205,0.009020671523524704,0.0007725140589684987,32744,16360
2,partial,mean,4,8,32,one_block,4,16384,0.028156060629300525,0.0625625862102836,1.6709940328808184,0.004671039767212966,0.31685288088163976,0.31679787515365754,-5.5005727982226915e-05,16375,8183
2,partial,mean,4,8,32,fixed_events,16,16384,0.028156060629300525,0.0625625862102836,1.6709940328808184,0.004671039767212966,0.01241119298414084,0.012855198949210833,0.00044400596506999346,16372,8180
2,partial,mean,8,4,32,one_block,8,8192,0.04684868123232829,0.03882661603778628,1.1666725509346574,0.007399600571889832,0.1866421274511425,0.1878460310807445,0.0012039036296019878,8187,4091
2,partial,mean,8,4,32,fixed_events,16,8192,0.04684868123232829,0.03882661603778628,1.1666725509346574,0.007399600571889832,0.025182525117837362,0.025390059267638154,0.0002075341498007921,8186,4090
2,partial,mean,16,2,32,one_block,16,4096,0.045184417249328944,0.04476559987653947,1.130649636321632,0.012856318719080577,0.08746417414331742,0.08739220345931786,-7.197068399955597e-05,4093,2045
2,partial,mean,16,2,32,fixed_events,16,4096,0.045184417249328944,0.04476559987653947,1.130649636321632,0.012856318719080577,0.08746417414331742,0.08739220345931786,-7.197068399955597e-05,4093,2045
3,full,endpoint,1,32,32,one_block,1,65536,9.986970744585617e-16,0.14617090618207274,8.20692176033715,0.0024335352360049414,0.6515994145708779,0.6512692800050879,-0.0003301345657900079,65503,32735
3,full,endpoint,1,32,32,fixed_events,16,65536,9.986970744585617e-16,0.14617090618207274,8.20692176033715,0.0024335352360049414,0.009339339913603806,0.008679425826537135,-0.0006599140870666709,65488,32720
3,full,endpoint,2,16,32,one_block,2,32768,6.353545554159425e-16,0.15883227464858335,3.9267557261460153,0.0054076086261192246,0.474292232237321,0.47417958496463297,-0.00011264727268800456,32751,16367
3,full,endpoint,2,16,32,fixed_events,16,32768,6.353545554159425e-16,0.15883227464858335,3.9267557261460153,0.0054076086261192246,0.00983774343639654,0.009007392455433805,-0.0008303509809627352,32744,16360
3,full,endpoint,4,8,32,one_block,4,16384,2.1793572646254344e-16,0.15241049617282562,2.4182616904793184,0.010373475524224596,0.2666850041101637,0.2651563461756986,-0.0015286579344651052,16375,8183
3,full,endpoint,4,8,32,fixed_events,16,16384,2.1793572646254344e-16,0.15241049617282562,2.4182616904793184,0.010373475524224596,0.010544808653565996,0.008317852202987974,-0.0022269564505780215,16372,8180
3,full,endpoint,8,4,32,one_block,8,8192,4.6542728890961157e-17,0.0891590073332792,1.8032881065050606,0.012373795825678406,0.0874381808233744,0.08645141320707828,-0.0009867676162961247,8187,4091
3,full,endpoint,8,4,32,fixed_events,16,8192,4.6542728890961157e-17,0.0891590073332792,1.8032881065050606,0.012373795825678406,0.010815570780103312,0.009883293054939069,-0.0009322777251642433,8186,4090
3,full,endpoint,16,2,32,one_block,16,4096,9.496080048796392e-18,0.10421931297862667,1.1926004027034536,0.026185810123941507,0.007388576144443326,0.007154097912864477,-0.00023447823157884962,4093,2045
3,full,endpoint,16,2,32,fixed_events,16,4096,9.496080048796392e-18,0.10421931297862667,1.1926004027034536,0.026185810123941507,0.007388576144443326,0.007154097912864477,-0.00023447823157884962,4093,2045
3,full,mean,1,32,32,one_block,1,65536,9.986970744585617e-16,0.14617090618207274,8.20692176033715,0.0024335352360049414,0.6515994145708779,0.6512692800050879,-0.0003301345657900079,65503,32735
3,full,mean,1,32,32,fixed_events,16,65536,9.986970744585617e-16,0.14617090618207274,8.20692176033715,0.0024335352360049414,0.009339339913603806,0.008679425826537135,-0.0006599140870666709,65488,32720
3,full,mean,2,16,32,one_block,2,32768,0.06906604504971565,0.20333991541890897,1.1127884867738884,0.004674577937203126,0.578056088168964,0.5847514309540399,0.006695342785075886,32751,16367
3,full,mean,2,16,32,fixed_events,16,32768,0.06906604504971565,0.20333991541890897,1.1127884867738884,0.004674577937203126,0.01138026651727142,0.010948691656151976,-0.00043157486111944365,32744,16360
3,full,mean,4,8,32,one_block,4,16384,0.10000355597567423,0.23098191441139287,1.1339187738658694,0.009701730309713089,0.42877583301793043,0.4410070487410941,0.012231215723163658,16375,8183
3,full,mean,4,8,32,fixed_events,16,16384,0.10000355597567423,0.23098191441139287,1.1339187738658694,0.009701730309713089,0.015164373834149925,0.015152792026687845,-1.158180746207993e-05,16372,8180
3,full,mean,8,4,32,one_block,8,8192,0.11727035778535595,0.21042653309806067,1.2084295627068489,0.01823003934703168,0.24178064590672665,0.25290391997916783,0.01112327407244118,8187,4091
3,full,mean,8,4,32,fixed_events,16,8192,0.11727035778535595,0.21042653309806067,1.2084295627068489,0.01823003934703168,0.02623873430398349,0.026388289593705205,0.0001495552897217145,8186,4090
3,full,mean,16,2,32,one_block,16,4096,0.07552518151132803,0.15240061285492354,1.1605713793100951,0.036849641657773394,0.08341134317718724,0.08398584143168608,0.0005744982544988453,4093,2045
3,full,mean,16,2,32,fixed_events,16,4096,0.07552518151132803,0.15240061285492354,1.1605713793100951,0.036849641657773394,0.08341134317718724,0.08398584143168608,0.0005744982544988453,4093,2045
3,partial,endpoint,1,32,32,one_block,1,65536,0.10980614861814181,0.14318753571151135,2.783379979538229,0.0019596092522285178,0.5060949191715223,0.5113630639864891,0.005268144814966846,65503,32735
3,partial,endpoint,1,32,32,fixed_events,16,65536,0.10980614861814181,0.14318753571151135,2.783379979538229,0.0019596092522285178,0.0046928592253174806,0.005155448212172509,0.00046258898685502814,65488,32720
3,partial,endpoint,2,16,32,one_block,2,32768,0.13071952358661162,0.1828289251353024,1.8180765043432134,0.004363748772917384,0.29260591797275726,0.30079301713418716,0.0081870991614299,32751,16367
3,partial,endpoint,2,16,32,fixed_events,16,32768,0.13071952358661162,0.1828289251353024,1.8180765043432134,0.004363748772917384,0.005103708652099859,0.005771795684309189,0.0006680870322093302,32744,16360
3,partial,endpoint,4,8,32,one_block,4,16384,0.09760177904020392,0.1409472894720075,1.3778785077182207,0.006554226184102071,0.12274581503663085,0.1289398451942103,0.0061940301575794665,16375,8183
3,partial,endpoint,4,8,32,fixed_events,16,16384,0.09760177904020392,0.1409472894720075,1.3778785077182207,0.006554226184102071,0.004723149540689198,0.004896725019415071,0.00017357547872587364,16372,8180
3,partial,endpoint,8,4,32,one_block,8,8192,0.03402215935339012,0.05109221697421579,1.1692863643949702,0.00663844443494091,0.03034029202988664,0.03245561735945046,0.002115325329563822,8187,4091
3,partial,endpoint,8,4,32,fixed_events,16,8192,0.03402215935339012,0.05109221697421579,1.1692863643949702,0.00663844443494091,0.005259804628060638,0.005890313990965512,0.0006305093629048741,8186,4090
3,partial,endpoint,16,2,32,one_block,16,4096,0.003762430363060636,0.019579064423480834,1.0479929507776353,0.011877485560717113,0.0032919689780939176,0.004999382844260047,0.0017074138661661298,4093,2045
3,partial,endpoint,16,2,32,fixed_events,16,4096,0.003762430363060636,0.019579064423480834,1.0479929507776353,0.011877485560717113,0.0032919689780939176,0.004999382844260047,0.0017074138661661298,4093,2045
3,partial,mean,1,32,32,one_block,1,65536,0.10980614861814181,0.14318753571151135,2.783379979538229,0.0019596092522285178,0.5060949191715223,0.5113630639864891,0.005268144814966846,65503,32735
3,partial,mean,1,32,32,fixed_events,16,65536,0.10980614861814181,0.14318753571151135,2.783379979538229,0.0019596092522285178,0.0046928592253174806,0.005155448212172509,0.00046258898685502814,65488,32720
3,partial,mean,2,16,32,one_block,2,32768,0.056386829617571035,0.09172595065278087,2.472232303245049,0.003695043935635539,0.4306958920673106,0.43162919846022396,0.0009333063929133356,32751,16367
3,partial,mean,2,16,32,fixed_events,16,32768,0.056386829617571035,0.09172595065278087,2.472232303245049,0.003695043935635539,0.00655586250785245,0.006785221574449052,0.00022935906659660166,32744,16360
3,partial,mean,4,8,32,one_block,4,16384,0.028156060629300525,0.07427177673973578,1.6709940328808184,0.007509167131807529,0.3074939751934327,0.3089656987394762,0.001471723546043524,16375,8183
3,partial,mean,4,8,32,fixed_events,16,16384,0.028156060629300525,0.07427177673973578,1.6709940328808184,0.007509167131807529,0.011217941832766809,0.01091295837540407,-0.0003049834573627397,16372,8180
3,partial,mean,8,4,32,one_block,8,8192,0.04684868123232829,0.0733203203076574,1.1666725509346574,0.014671374814690177,0.1747469852494642,0.1735238269710988,-0.0012231582783653883,8187,4091
3,partial,mean,8,4,32,fixed_events,16,8192,0.04684868123232829,0.0733203203076574,1.1666725509346574,0.014671374814690177,0.022088251670800974,0.020234229756830535,-0.0018540219139704384,8186,4090
3,partial,mean,16,2,32,one_block,16,4096,0.045184417249328944,0.04594029014163842,1.130649636321632,0.0060289403262150125,0.07821379078813684,0.07856067100711472,0.00034688021897788524,4093,2045
3,partial,mean,16,2,32,fixed_events,16,4096,0.045184417249328944,0.04594029014163842,1.130649636321632,0.0060289403262150125,0.07821379078813684,0.07856067100711472,0.00034688021897788524,4093,2045
4,full,endpoint,1,32,32,one_block,1,65536,9.986970744585617e-16,0.16415436707357156,8.20692176033715,0.0027979967597811734,0.656757815329784,0.6562029497578246,-0.0005548655719593842,65503,32735
4,full,endpoint,1,32,32,fixed_events,16,65536,9.986970744585617e-16,0.16415436707357156,8.20692176033715,0.0027979967597811734,0.0077570027374707085,0.006455125915147963,-0.001301876822322745,65488,32720
4,full,endpoint,2,16,32,one_block,2,32768,6.353545554159425e-16,0.1471184759262633,3.9267557261460153,0.004904106221110743,0.4835451259072199,0.4827608809082584,-0.0007842449989614586,32751,16367
4,full,endpoint,2,16,32,fixed_events,16,32768,6.353545554159425e-16,0.1471184759262633,3.9267557261460153,0.004904106221110743,0.007902835116291196,0.006782389960650059,-0.0011204451556411366,32744,16360
4,full,endpoint,4,8,32,one_block,4,16384,2.1793572646254344e-16,0.0935620298885996,2.4182616904793184,0.00625370662447459,0.2844359663659002,0.2845404414988264,0.00010447513292621835,16375,8183
4,full,endpoint,4,8,32,fixed_events,16,16384,2.1793572646254344e-16,0.0935620298885996,2.4182616904793184,0.00625370662447459,0.0069558934481702694,0.0060652541041881225,-0.000890639343982147,16372,8180
4,full,endpoint,8,4,32,one_block,8,8192,4.6542728890961157e-17,0.10023257632578082,1.8032881065050606,0.01166413973925641,0.1008907712785122,0.10062806951350123,-0.0002627017650109753,8187,4091
4,full,endpoint,8,4,32,fixed_events,16,8192,4.6542728890961157e-17,0.10023257632578082,1.8032881065050606,0.01166413973925641,0.009138165628828965,0.008431908792963294,-0.0007062568358656707,8186,4090
4,full,endpoint,16,2,32,one_block,16,4096,9.496080048796392e-18,0.08017220815626838,1.1926004027034536,0.017946928798650123,0.011373023032713814,0.013048835255792923,0.0016758122230791095,4093,2045
4,full,endpoint,16,2,32,fixed_events,16,4096,9.496080048796392e-18,0.08017220815626838,1.1926004027034536,0.017946928798650123,0.011373023032713814,0.013048835255792923,0.0016758122230791095,4093,2045
4,full,mean,1,32,32,one_block,1,65536,9.986970744585617e-16,0.16415436707357156,8.20692176033715,0.0027979967597811734,0.656757815329784,0.6562029497578246,-0.0005548655719593842,65503,32735
4,full,mean,1,32,32,fixed_events,16,65536,9.986970744585617e-16,0.16415436707357156,8.20692176033715,0.0027979967597811734,0.0077570027374707085,0.006455125915147963,-0.001301876822322745,65488,32720
4,full,mean,2,16,32,one_block,2,32768,0.06906604504971565,0.20143194705797024,1.1127884867738884,0.004944638567410875,0.586034438471162,0.5917131483928455,0.005678709921683511,32751,16367
4,full,mean,2,16,32,fixed_events,16,32768,0.06906604504971565,0.20143194705797024,1.1127884867738884,0.004944638567410875,0.009453744202343128,0.00823291597862319,-0.0012208282237199386,32744,16360
4,full,mean,4,8,32,one_block,4,16384,0.10000355597567423,0.2419484594052458,1.1339187738658694,0.011355808368024708,0.43713582225323944,0.44851462022969435,0.011378797976454913,16375,8183
4,full,mean,4,8,32,fixed_events,16,16384,0.10000355597567423,0.2419484594052458,1.1339187738658694,0.011355808368024708,0.01287926575103937,0.01221048854344664,-0.0006687772075927301,16372,8180
4,full,mean,8,4,32,one_block,8,8192,0.11727035778535595,0.19921930011971595,1.2084295627068489,0.012411268217538832,0.2472255403947552,0.2628419099155387,0.01561636952078349,8187,4091
4,full,mean,8,4,32,fixed_events,16,8192,0.11727035778535595,0.19921930011971595,1.2084295627068489,0.012411268217538832,0.02299638384501823,0.021637507220506058,-0.001358876624512173,8186,4090
4,full,mean,16,2,32,one_block,16,4096,0.07552518151132803,0.1770714335385433,1.1605713793100951,0.02925219815342915,0.07644391277101426,0.07179302705506041,-0.004650885715953845,4093,2045
4,full,mean,16,2,32,fixed_events,16,4096,0.07552518151132803,0.1770714335385433,1.1605713793100951,0.02925219815342915,0.07644391277101426,0.07179302705506041,-0.004650885715953845,4093,2045
4,partial,endpoint,1,32,32,one_block,1,65536,0.10980614861814181,0.1452951085908777,2.783379979538229,0.001960896620926153,0.5120256228457405,0.5173151972249069,0.00528957437916644,65503,32735
4,partial,endpoint,1,32,32,fixed_events,16,65536,0.10980614861814181,0.1452951085908777,2.783379979538229,0.001960896620926153,0.0032877503174777445,0.003486113525963175,0.00019836320848543032,65488,32720
4,partial,endpoint,2,16,32,one_block,2,32768,0.13071952358661162,0.16058379112260948,1.8180765043432134,0.0040229797580285335,0.3026973605994888,0.3124314315654023,0.0097340709659135,32751,16367
4,partial,endpoint,2,16,32,fixed_events,16,32768,0.13071952358661162,0.16058379112260948,1.8180765043432134,0.0040229797580285335,0.003594126294741651,0.0039326989017436365,0.00033857260700198566,32744,16360
4,partial,endpoint,4,8,32,one_block,4,16384,0.09760177904020392,0.10264308503320434,1.3778785077182207,0.003665740418198591,0.13757356327646197,0.14263662553629364,0.005063062259831663,16375,8183
4,partial,endpoint,4,8,32,fixed_events,16,16384,0.09760177904020392,0.10264308503320434,1.3778785077182207,0.003665740418198591,0.0030255160016608995,0.003378921433588755,0.0003534054319278557,16372,8180
4,partial,endpoint,8,4,32,one_block,8,8192,0.03402215935339012,0.029423371701958898,1.1692863643949702,0.007744188646708515,0.03376797061429637,0.034881777430875616,0.0011138068165792436,8187,4091
4,partial,endpoint,8,4,32,fixed_events,16,8192,0.03402215935339012,0.029423371701958898,1.1692863643949702,0.007744188646708515,0.00424184282068496,0.004758794673709099,0.000516951853024139,8186,4090
4,partial,endpoint,16,2,32,one_block,16,4096,0.003762430363060636,0.022659319029950713,1.0479929507776353,0.014144706225163955,0.004255347638979834,0.00496433086687309,0.0007089832278932562,4093,2045
4,partial,endpoint,16,2,32,fixed_events,16,4096,0.003762430363060636,0.022659319029950713,1.0479929507776353,0.014144706225163955,0.004255347638979834,0.00496433086687309,0.0007089832278932562,4093,2045
4,partial,mean,1,32,32,one_block,1,65536,0.10980614861814181,0.1452951085908777,2.783379979538229,0.001960896620926153,0.5120256228457405,0.5173151972249069,0.00528957437916644,65503,32735
4,partial,mean,1,32,32,fixed_events,16,65536,0.10980614861814181,0.1452951085908777,2.783379979538229,0.001960896620926153,0.0032877503174777445,0.003486113525963175,0.00019836320848543032,65488,32720
4,partial,mean,2,16,32,one_block,2,32768,0.056386829617571035,0.07577646829687082,2.472232303245049,0.0031968377415845864,0.4351884786161542,0.43654857984445006,0.0013601012282958846,32751,16367
4,partial,mean,2,16,32,fixed_events,16,32768,0.056386829617571035,0.07577646829687082,2.472232303245049,0.0031968377415845864,0.004513329520353548,0.0046364907672554745,0.0001231612469019261,32744,16360
4,partial,mean,4,8,32,one_block,4,16384,0.028156060629300525,0.06141700252193638,1.6709940328808184,0.006021917067422885,0.30580124545570664,0.30564566926834824,-0.00015557618735839718,16375,8183
4,partial,mean,4,8,32,fixed_events,16,16384,0.028156060629300525,0.06141700252193638,1.6709940328808184,0.006021917067422885,0.0071530044769833045,0.0072715009376871365,0.00011849646070383191,16372,8180
4,partial,mean,8,4,32,one_block,8,8192,0.04684868123232829,0.08674476350044766,1.1666725509346574,0.011437671468144128,0.17267720279023702,0.17627693749974438,0.003599734709507363,8187,4091
4,partial,mean,8,4,32,fixed_events,16,8192,0.04684868123232829,0.08674476350044766,1.1666725509346574,0.011437671468144128,0.01394757403584257,0.014301410991963803,0.000353836956121234,8186,4090
4,partial,mean,16,2,32,one_block,16,4096,0.045184417249328944,0.049735861049340586,1.130649636321632,0.015054114913882553,0.05152178553313569,0.05016003390388646,-0.0013617516292492304,4093,2045
4,partial,mean,16,2,32,fixed_events,16,4096,0.045184417249328944,0.049735861049340586,1.130649636321632,0.015054114913882553,0.05152178553313569,0.05016003390388646,-0.0013617516292492304,4093,2045
