observation,mode,b_from,b_to,finite_step_slope
full,endpoint,1,2,-5.241924503668905e-16
full,endpoint,2,4,-6.022080745047473e-16
full,endpoint,4,8,-2.4726782763961597e-16
full,endpoint,8,16,-5.3447016566145954e-17
full,mean,1,2,0.09964124068703707
full,mean,2,4,0.04463339359032856
full,mean,4,8,0.024910729342840405
full,mean,8,16,-0.060225558791575685
partial,endpoint,1,2,0.030171622355262787
partial,endpoint,2,4,-0.047778805822529906
partial,endpoint,4,8,-0.0917260020237726
partial,endpoint,8,16,-0.04365556095299234
partial,mean,1,2,-0.07706778660978904
partial,mean,2,4,-0.0407283904198598
partial,mean,4,8,0.026967751045207027
partial,mean,8,16,-0.002401025395003273
