observation,mode,b,lag,event_gap,target_distance,i,j,coefficient
full,endpoint,1,0,0,1,0,0,0.55
full,endpoint,1,0,0,1,0,1,0.24999999999999994
full,endpoint,1,0,0,1,1,0,0.10000000000000002
full,endpoint,1,0,0,1,1,1,0.8
full,endpoint,1,1,1,2,0,0,-7.323459108220158e-17
full,endpoint,1,1,1,2,0,1,1.149515556370173e-16
full,endpoint,1,1,1,2,1,0,0.0
full,endpoint,1,1,1,2,1,1,0.0
full,endpoint,1,2,2,3,0,0,-4.4450721550692434e-17
full,endpoint,1,2,2,3,0,1,4.129895889795384e-17
full,endpoint,1,2,2,3,1,0,0.0
full,endpoint,1,2,2,3,1,1,0.0
full,endpoint,1,3,3,4,0,0,7.476449178631606e-17
full,endpoint,1,3,3,4,0,1,-3.193563218424772e-17
full,endpoint,1,3,3,4,1,0,0.0
full,endpoint,1,3,3,4,1,1,0.0
full,endpoint,1,4,4,5,0,0,-2.946103869562541e-17
full,endpoint,1,4,4,5,0,1,-4.486872720755429e-17
full,endpoint,1,4,4,5,1,0,-1.192152133370085e-16
full,endpoint,1,4,4,5,1,1,7.323459108220158e-17
full,endpoint,1,5,5,6,0,0,0.0
full,endpoint,1,5,5,6,0,1,0.0
full,endpoint,1,5,5,6,1,0,5.824490822713451e-17
full,endpoint,1,5,5,6,1,1,-2.8783869531509137e-17
full,endpoint,1,6,6,7,0,0,2.1366220395081522e-32
full,endpoint,1,6,6,7,0,1,-2.0892859300316465e-32
full,endpoint,1,6,6,7,1,0,9.170211012311271e-33
full,endpoint,1,6,6,7,1,1,-1.7495797326120193e-33
full,endpoint,1,7,7,8,0,0,-3.661729554110079e-17
full,endpoint,1,7,7,8,0,1,5.747577781850866e-17
full,endpoint,1,7,7,8,1,0,-5.960760666850426e-17
full,endpoint,1,7,7,8,1,1,3.66172955411008e-17
full,endpoint,1,8,8,9,0,0,3.738224589315803e-17
full,endpoint,1,8,8,9,0,1,-1.596781609212386e-17
full,endpoint,1,8,8,9,1,0,2.912245411356728e-17
full,endpoint,1,8,8,9,1,1,-1.4391934765754593e-17
full,endpoint,1,9,9,10,0,0,-1.4730519347812685e-17
full,endpoint,1,9,9,10,0,1,-2.2434363603777173e-17
full,endpoint,1,9,9,10,1,0,-2.0326682304617088e-33
full,endpoint,1,9,9,10,1,1,3.190546594617408e-33
full,endpoint,1,10,10,11,0,0,2.980380333425212e-17
full,endpoint,1,10,10,11,0,1,-1.8308647770550376e-17
full,endpoint,1,10,10,11,1,0,-1.7896529978404132e-32
full,endpoint,1,10,10,11,1,1,1.623698166969841e-32
full,endpoint,1,11,11,12,0,0,1.52425762774685e-17
full,endpoint,1,11,11,12,0,1,-1.1112680387673121e-17
full,endpoint,1,11,11,12,1,0,1.8640913503897416e-32
full,endpoint,1,11,11,12,1,1,-1.3295993828718168e-32
full,endpoint,1,12,12,13,0,0,-3.0660714930819093e-18
full,endpoint,1,12,12,13,0,1,1.762520852158123e-17
full,endpoint,1,12,12,13,1,0,-6.830090110004607e-34
full,endpoint,1,12,12,13,1,1,-7.455437242549622e-34
full,endpoint,1,13,13,14,0,0,2.2438543660345784e-17
full,endpoint,1,13,13,14,0,1,-2.952582957243898e-17
full,endpoint,1,13,13,14,1,0,-3.828887953293226e-33
full,endpoint,1,13,13,14,1,1,3.323041293201158e-33
full,endpoint,1,14,14,15,0,0,-1.796797316020795e-17
full,endpoint,1,14,14,15,0,1,2.6779532406856403e-17
full,endpoint,1,14,14,15,1,0,1.477165063369781e-33
full,endpoint,1,14,14,15,1,1,-4.219642896226783e-34
full,endpoint,1,15,15,16,0,0,1.4817255521611527e-17
full,endpoint,1,15,15,16,0,1,-2.396948937860241e-17
full,endpoint,1,15,15,16,1,0,-3.422412317138968e-33
full,endpoint,1,15,15,16,1,1,4.384101070694737e-33
full,endpoint,1,16,16,17,0,0,-1.533035746540945e-18
full,endpoint,1,16,16,17,0,1,8.8126042607906e-18
full,endpoint,1,16,16,17,1,0,3.680092462107883e-33
full,endpoint,1,16,16,17,1,1,-6.290075596381091e-33
full,endpoint,1,17,17,18,0,0,-3.682629836953179e-18
full,endpoint,1,17,17,18,0,1,-5.60859090094428e-18
full,endpoint,1,17,17,18,1,0,1.830864777055039e-17
full,endpoint,1,17,17,18,1,1,-2.873788890925432e-17
full,endpoint,1,18,18,19,0,0,-9.154323885275191e-18
full,endpoint,1,18,18,19,0,1,1.4368944454627156e-17
full,endpoint,1,18,18,19,1,0,-1.294354516472815e-17
full,endpoint,1,18,18,19,1,1,1.3198528615413896e-17
full,endpoint,1,19,19,20,0,0,9.345561473289512e-18
full,endpoint,1,19,19,20,0,1,-3.991954023030969e-18
full,endpoint,1,19,19,20,1,0,-1.1219271830172889e-17
full,endpoint,1,19,19,20,1,1,1.4762914786219484e-17
full,endpoint,1,20,20,21,0,0,-5.3860028886653385e-18
full,endpoint,1,20,20,21,0,1,4.1831916110452754e-18
full,endpoint,1,20,20,21,1,0,7.280613528391819e-18
full,endpoint,1,20,20,21,1,1,-3.597983691438645e-18
full,endpoint,1,21,21,22,0,0,7.408627760805763e-18
full,endpoint,1,21,21,22,0,1,-1.1984744689301205e-17
full,endpoint,1,21,21,22,1,0,-1.973498093616077e-33
full,endpoint,1,21,21,22,1,1,7.268645241919296e-34
full,endpoint,1,22,22,23,0,0,-7.665178732704727e-19
full,endpoint,1,22,22,23,0,1,4.4063021303953026e-18
full,endpoint,1,22,22,23,1,0,-1.752596249392384e-33
full,endpoint,1,22,22,23,1,1,3.067043436436672e-33
full,endpoint,1,23,23,24,0,0,-1.8413149184765895e-18
full,endpoint,1,23,23,24,0,1,-2.804295450472145e-18
full,endpoint,1,23,23,24,1,0,8.271927121081263e-34
full,endpoint,1,23,23,24,1,1,3.4141749059310437e-34
full,endpoint,1,24,24,25,0,0,2.873788890925437e-18
full,endpoint,1,24,24,25,0,1,2.6073102846759804e-18
full,endpoint,1,24,24,25,1,0,-3.136597352199339e-34
full,endpoint,1,24,24,25,1,1,-2.5502038930776935e-33
full,endpoint,1,25,25,26,0,0,1.8841604983049255e-18
full,endpoint,1,25,25,26,0,1,-5.09287642179094e-18
full,endpoint,1,25,25,26,1,0,-2.622600295806468e-33
full,endpoint,1,25,25,26,1,1,1.963041802276445e-33
full,endpoint,1,26,26,27,0,0,-2.671839907954035e-18
full,endpoint,1,26,26,27,0,1,5.795387178854441e-18
full,endpoint,1,26,26,27,1,0,7.205414409407794e-34
full,endpoint,1,26,26,27,1,1,3.705239770267274e-34
full,endpoint,1,27,27,28,0,0,3.704313880402885e-18
full,endpoint,1,27,27,28,0,1,-5.992372344650605e-18
full,endpoint,1,27,27,28,1,0,1.0059503363138271e-33
full,endpoint,1,27,27,28,1,1,-3.14544386775714e-34
full,endpoint,1,28,28,29,0,0,-3.8325893663523664e-19
full,endpoint,1,28,28,29,0,1,2.2031510651976494e-18
full,endpoint,1,28,28,29,1,0,-6.75815778678105e-36
full,endpoint,1,28,28,29,1,1,-1.0760118390347202e-33
full,endpoint,1,29,29,30,0,0,5.162369862244223e-19
full,endpoint,1,29,29,30,0,1,-9.849258289807903e-20
full,endpoint,1,29,29,30,1,0,1.1813723890797063e-34
full,endpoint,1,29,29,30,1,1,1.019727696608765e-33
full,endpoint,1,30,30,31,0,0,9.420802491524652e-19
full,endpoint,1,30,30,31,0,1,-2.546438210895473e-18
full,endpoint,1,30,30,31,1,0,2.288580971318799e-18
full,endpoint,1,30,30,31,1,1,-3.59223611365679e-18
full,endpoint,1,31,31,32,0,0,9.526610173417792e-19
full,endpoint,1,31,31,32,0,1,-6.945425242295674e-19
full,endpoint,1,31,31,32,1,0,1.3890850484591374e-18
full,endpoint,1,31,31,32,1,1,-1.2905924655610572e-18
full,endpoint,1,32,32,33,0,0,-1.916294683176177e-19
full,endpoint,1,32,32,33,0,1,1.1015755325988247e-18
full,endpoint,1,32,32,33,1,0,-2.762233631250417e-18
full,endpoint,1,32,32,33,1,1,3.445934133755131e-18
full,endpoint,2,0,0,2,0,0,0.3275
full,endpoint,2,0,0,2,0,1,0.33749999999999997
full,endpoint,2,0,0,2,1,0,0.13500000000000004
full,endpoint,2,0,0,2,1,1,0.6650000000000001
full,endpoint,2,1,2,4,0,0,4.598062225480694e-17
full,endpoint,2,1,2,4,0,1,4.171696455481572e-17
full,endpoint,2,1,2,4,1,0,2.725396882739464e-17
full,endpoint,2,1,2,4,1,1,-1.5666852019183304e-16
full,endpoint,2,2,4,6,0,0,-8.029805067185364e-17
full,endpoint,2,2,4,6,0,1,-6.642945898849026e-18
full,endpoint,2,2,4,6,1,0,-3.375604681988121e-17
full,endpoint,2,2,4,6,1,1,5.3269386893507565e-17
full,endpoint,2,3,6,8,0,0,3.756846741329e-17
full,endpoint,2,3,6,8,0,1,1.6625547993196028e-17
full,endpoint,2,3,6,8,1,0,-3.8917162665154864e-17
full,endpoint,2,3,6,8,1,1,7.987753698105058e-17
full,endpoint,2,4,8,10,0,0,-1.7158714208523354e-17
full,endpoint,2,4,8,10,0,1,1.7537009327983363e-17
full,endpoint,2,4,8,10,1,0,-8.412154841516922e-18
full,endpoint,2,4,8,10,1,1,-2.5091416561619704e-17
full,endpoint,2,5,10,12,0,0,8.439011704970301e-18
full,endpoint,2,5,10,12,0,1,-1.3317346723376897e-17
full,endpoint,2,5,10,12,1,0,-1.9458581332577438e-17
full,endpoint,2,5,10,12,1,1,3.99387684905253e-17
full,endpoint,2,6,12,14,0,0,5.4434995667666915e-17
full,endpoint,2,6,12,14,0,1,-4.743235590108824e-17
full,endpoint,2,6,12,14,1,0,7.289078142943268e-18
full,endpoint,2,6,12,14,1,1,-2.11646714210592e-18
full,endpoint,2,7,14,16,0,0,-3.083000722184797e-18
full,endpoint,2,7,14,16,0,1,1.4662175422915767e-17
full,endpoint,2,7,14,16,1,0,1.83086477705504e-17
full,endpoint,2,7,14,16,1,1,-2.8737888909254325e-17
full,endpoint,2,8,16,18,0,0,5.749667810135143e-19
full,endpoint,2,8,16,18,0,1,-5.600439790635484e-18
full,endpoint,2,8,16,18,1,0,1.2902789613184024e-18
full,endpoint,2,8,16,18,1,1,-6.65203752188575e-18
full,endpoint,2,9,18,20,0,0,-1.1740629385693861e-17
full,endpoint,2,9,18,20,0,1,8.96141427463343e-18
full,endpoint,2,9,18,20,1,0,-1.9121407519611214e-17
full,endpoint,2,9,18,20,1,1,1.5812997246963637e-17
full,endpoint,2,10,20,22,0,0,-6.451394806592107e-19
full,endpoint,2,10,20,22,0,1,3.326018760942883e-18
full,endpoint,2,10,20,22,1,0,6.230844571890309e-18
full,endpoint,2,10,20,22,1,1,4.349296608940765e-18
full,endpoint,2,11,22,24,0,0,2.1097529262425792e-18
full,endpoint,2,11,22,24,0,1,-3.3293366808442255e-18
full,endpoint,2,11,22,24,1,0,3.049002345692563e-33
full,endpoint,2,11,22,24,1,1,-4.7858198919261116e-33
full,endpoint,2,12,24,26,0,0,-2.1448392760654223e-18
full,endpoint,2,12,24,26,0,1,2.1921261659979227e-18
full,endpoint,2,12,24,26,1,0,-2.8737888909254357e-18
full,endpoint,2,12,24,26,1,1,-2.6073102846759804e-18
full,endpoint,2,13,26,28,0,0,1.0548764631212879e-18
full,endpoint,2,13,26,28,0,1,-1.6646683404221118e-18
full,endpoint,2,13,26,28,1,0,-2.432322666572179e-18
full,endpoint,2,13,26,28,1,1,4.992346061315665e-18
full,endpoint,2,14,28,30,0,0,7.903180703580503e-19
full,endpoint,2,14,28,30,0,1,-4.8227402660442127e-20
full,endpoint,2,14,28,30,1,0,-2.8143406489136078e-18
full,endpoint,2,14,28,30,1,1,2.024022578555559e-18
full,endpoint,2,15,30,32,0,0,-1.0724196380327106e-18
full,endpoint,2,15,30,32,0,1,1.0960630829989606e-18
full,endpoint,2,15,30,32,1,0,1.7628212937239916e-18
full,endpoint,2,15,30,32,1,1,-5.160449648758023e-18
full,endpoint,2,16,32,34,0,0,5.274382315606441e-19
full,endpoint,2,16,32,34,0,1,-8.323341702110565e-19
full,endpoint,2,16,32,34,1,0,8.078612452694699e-19
full,endpoint,2,16,32,34,1,1,5.203778547627118e-19
full,endpoint,4,0,0,4,0,0,0.15281875000000014
full,endpoint,4,0,0,4,0,1,0.33496875
full,endpoint,4,0,0,4,1,0,0.1339875000000001
full,endpoint,4,0,0,4,1,1,0.48778750000000004
full,endpoint,4,1,4,8,0,0,-5.960760666850425e-17
full,endpoint,4,1,4,8,0,1,3.661729554110079e-17
full,endpoint,4,1,4,8,1,0,-5.960760666850425e-17
full,endpoint,4,1,4,8,1,1,3.661729554110079e-17
full,endpoint,4,2,8,12,0,0,-2.5600903278992875e-17
full,endpoint,4,2,8,12,0,1,2.0413874218036223e-17
full,endpoint,4,2,8,12,1,0,4.202900055259251e-18
full,endpoint,4,2,8,12,1,1,2.1052264474858272e-18
full,endpoint,4,3,12,16,0,0,3.190525336188175e-17
full,endpoint,4,3,12,16,0,1,-1.7256034546807478e-17
full,endpoint,4,3,12,16,1,0,1.1495155563701729e-17
full,endpoint,4,3,12,16,1,1,1.0429241138703935e-17
full,endpoint,4,4,16,20,0,0,-2.101450027629622e-18
full,endpoint,4,4,16,20,0,1,-1.052613223742918e-18
full,endpoint,4,4,16,20,1,0,-1.8055964918498602e-17
full,endpoint,4,4,16,20,1,1,2.16552533100932e-19
full,endpoint,4,5,20,24,0,0,-1.891123981536863e-34
full,endpoint,4,5,20,24,0,1,1.0871062396932768e-33
full,endpoint,4,5,20,24,1,0,-6.526480378973516e-19
full,endpoint,4,5,20,24,1,1,1.0318089123861024e-17
full,endpoint,4,6,24,28,0,0,-5.599546539569544e-34
full,endpoint,4,6,24,28,0,1,1.0189944727451111e-33
full,endpoint,4,6,24,28,1,0,-9.354306478197977e-18
full,endpoint,4,6,24,28,1,1,5.267320828480979e-18
full,endpoint,4,7,28,32,0,0,1.8627377083907583e-18
full,endpoint,4,7,28,32,0,1,-1.1442904856594004e-18
full,endpoint,4,7,28,32,1,0,-4.720524820252046e-22
full,endpoint,4,7,28,32,1,1,-1.8397128791399732e-18
full,endpoint,4,8,32,36,0,0,8.000282274685273e-19
full,endpoint,4,8,32,36,0,1,-6.379335693136325e-19
full,endpoint,4,8,32,36,1,0,3.0070281940501577e-18
full,endpoint,4,8,32,36,1,1,-2.9404085424877944e-18
full,endpoint,8,0,0,8,0,0,0.06823519574218752
full,endpoint,8,0,0,8,0,1,0.21458307480468758
full,endpoint,8,0,0,8,1,0,0.08583322992187499
full,endpoint,8,0,0,8,1,1,0.28281827054687514
full,endpoint,8,1,8,16,0,0,1.1495155563701735e-17
full,endpoint,8,1,8,16,0,1,1.042924113870393e-17
full,endpoint,8,1,8,16,1,0,1.1495155563701735e-17
full,endpoint,8,1,8,16,1,1,1.042924113870393e-17
full,endpoint,8,2,16,24,0,0,-1.6795496425451354e-18
full,endpoint,8,2,16,24,0,1,-5.416245768181899e-18
full,endpoint,8,2,16,24,1,0,-1.0833873527820331e-17
full,endpoint,8,2,16,24,1,1,8.952698686445263e-18
full,endpoint,8,3,24,32,0,0,-2.2885809713188e-18
full,endpoint,8,3,24,32,0,1,3.592236113656791e-18
full,endpoint,8,3,24,32,1,0,-4.334161247691045e-18
full,endpoint,8,3,24,32,1,1,1.891439181373789e-19
full,endpoint,8,4,32,40,0,0,7.791973964679968e-19
full,endpoint,8,4,32,40,0,1,-1.0970045061250546e-18
full,endpoint,8,4,32,40,1,0,2.133431587445539e-18
full,endpoint,8,4,32,40,1,1,-2.2160918419307132e-18
full,endpoint,16,0,0,16,0,0,0.0230744003350283
full,endpoint,16,0,0,16,0,1,0.07533013221715082
full,endpoint,16,0,0,16,1,0,0.030132052886860317
full,endpoint,16,0,0,16,1,1,0.09840453255217912
full,endpoint,16,1,16,32,0,0,-4.151318679709557e-18
full,endpoint,16,1,16,32,0,1,4.73652659931619e-18
full,endpoint,16,1,16,32,1,0,-3.725475416781516e-18
full,endpoint,16,1,16,32,1,1,2.2885809713187993e-18
full,endpoint,16,2,32,48,0,0,2.923709484241384e-19
full,endpoint,16,2,32,48,0,1,-9.083990186153962e-19
full,endpoint,16,2,32,48,1,0,8.752213325860327e-19
full,endpoint,16,2,32,48,1,1,-1.2916547275938383e-18
full,mean,1,0,0,1,0,0,0.55
full,mean,1,0,0,1,0,1,0.24999999999999994
full,mean,1,0,0,1,1,0,0.10000000000000002
full,mean,1,0,0,1,1,1,0.8
full,mean,1,1,1,2,0,0,-7.323459108220158e-17
full,mean,1,1,1,2,0,1,1.149515556370173e-16
full,mean,1,1,1,2,1,0,0.0
full,mean,1,1,1,2,1,1,0.0
full,mean,1,2,2,3,0,0,-4.4450721550692434e-17
full,mean,1,2,2,3,0,1,4.129895889795384e-17
full,mean,1,2,2,3,1,0,0.0
full,mean,1,2,2,3,1,1,0.0
full,mean,1,3,3,4,0,0,7.476449178631606e-17
full,mean,1,3,3,4,0,1,-3.193563218424772e-17
full,mean,1,3,3,4,1,0,0.0
full,mean,1,3,3,4,1,1,0.0
full,mean,1,4,4,5,0,0,-2.946103869562541e-17
full,mean,1,4,4,5,0,1,-4.486872720755429e-17
full,mean,1,4,4,5,1,0,-1.192152133370085e-16
full,mean,1,4,4,5,1,1,7.323459108220158e-17
full,mean,1,5,5,6,0,0,0.0
full,mean,1,5,5,6,0,1,0.0
full,mean,1,5,5,6,1,0,5.824490822713451e-17
full,mean,1,5,5,6,1,1,-2.8783869531509137e-17
full,mean,1,6,6,7,0,0,2.1366220395081522e-32
full,mean,1,6,6,7,0,1,-2.0892859300316465e-32
full,mean,1,6,6,7,1,0,9.170211012311271e-33
full,mean,1,6,6,7,1,1,-1.7495797326120193e-33
full,mean,1,7,7,8,0,0,-3.661729554110079e-17
full,mean,1,7,7,8,0,1,5.747577781850866e-17
full,mean,1,7,7,8,1,0,-5.960760666850426e-17
full,mean,1,7,7,8,1,1,3.66172955411008e-17
full,mean,1,8,8,9,0,0,3.738224589315803e-17
full,mean,1,8,8,9,0,1,-1.596781609212386e-17
full,mean,1,8,8,9,1,0,2.912245411356728e-17
full,mean,1,8,8,9,1,1,-1.4391934765754593e-17
full,mean,1,9,9,10,0,0,-1.4730519347812685e-17
full,mean,1,9,9,10,0,1,-2.2434363603777173e-17
full,mean,1,9,9,10,1,0,-2.0326682304617088e-33
full,mean,1,9,9,10,1,1,3.190546594617408e-33
full,mean,1,10,10,11,0,0,2.980380333425212e-17
full,mean,1,10,10,11,0,1,-1.8308647770550376e-17
full,mean,1,10,10,11,1,0,-1.7896529978404132e-32
full,mean,1,10,10,11,1,1,1.623698166969841e-32
full,mean,1,11,11,12,0,0,1.52425762774685e-17
full,mean,1,11,11,12,0,1,-1.1112680387673121e-17
full,mean,1,11,11,12,1,0,1.8640913503897416e-32
full,mean,1,11,11,12,1,1,-1.3295993828718168e-32
full,mean,1,12,12,13,0,0,-3.0660714930819093e-18
full,mean,1,12,12,13,0,1,1.762520852158123e-17
full,mean,1,12,12,13,1,0,-6.830090110004607e-34
full,mean,1,12,12,13,1,1,-7.455437242549622e-34
full,mean,1,13,13,14,0,0,2.2438543660345784e-17
full,mean,1,13,13,14,0,1,-2.952582957243898e-17
full,mean,1,13,13,14,1,0,-3.828887953293226e-33
full,mean,1,13,13,14,1,1,3.323041293201158e-33
full,mean,1,14,14,15,0,0,-1.796797316020795e-17
full,mean,1,14,14,15,0,1,2.6779532406856403e-17
full,mean,1,14,14,15,1,0,1.477165063369781e-33
full,mean,1,14,14,15,1,1,-4.219642896226783e-34
full,mean,1,15,15,16,0,0,1.4817255521611527e-17
full,mean,1,15,15,16,0,1,-2.396948937860241e-17
full,mean,1,15,15,16,1,0,-3.422412317138968e-33
full,mean,1,15,15,16,1,1,4.384101070694737e-33
full,mean,1,16,16,17,0,0,-1.533035746540945e-18
full,mean,1,16,16,17,0,1,8.8126042607906e-18
full,mean,1,16,16,17,1,0,3.680092462107883e-33
full,mean,1,16,16,17,1,1,-6.290075596381091e-33
full,mean,1,17,17,18,0,0,-3.682629836953179e-18
full,mean,1,17,17,18,0,1,-5.60859090094428e-18
full,mean,1,17,17,18,1,0,1.830864777055039e-17
full,mean,1,17,17,18,1,1,-2.873788890925432e-17
full,mean,1,18,18,19,0,0,-9.154323885275191e-18
full,mean,1,18,18,19,0,1,1.4368944454627156e-17
full,mean,1,18,18,19,1,0,-1.294354516472815e-17
full,mean,1,18,18,19,1,1,1.3198528615413896e-17
full,mean,1,19,19,20,0,0,9.345561473289512e-18
full,mean,1,19,19,20,0,1,-3.991954023030969e-18
full,mean,1,19,19,20,1,0,-1.1219271830172889e-17
full,mean,1,19,19,20,1,1,1.4762914786219484e-17
full,mean,1,20,20,21,0,0,-5.3860028886653385e-18
full,mean,1,20,20,21,0,1,4.1831916110452754e-18
full,mean,1,20,20,21,1,0,7.280613528391819e-18
full,mean,1,20,20,21,1,1,-3.597983691438645e-18
full,mean,1,21,21,22,0,0,7.408627760805763e-18
full,mean,1,21,21,22,0,1,-1.1984744689301205e-17
full,mean,1,21,21,22,1,0,-1.973498093616077e-33
full,mean,1,21,21,22,1,1,7.268645241919296e-34
full,mean,1,22,22,23,0,0,-7.665178732704727e-19
full,mean,1,22,22,23,0,1,4.4063021303953026e-18
full,mean,1,22,22,23,1,0,-1.752596249392384e-33
full,mean,1,22,22,23,1,1,3.067043436436672e-33
full,mean,1,23,23,24,0,0,-1.8413149184765895e-18
full,mean,1,23,23,24,0,1,-2.804295450472145e-18
full,mean,1,23,23,24,1,0,8.271927121081263e-34
full,mean,1,23,23,24,1,1,3.4141749059310437e-34
full,mean,1,24,24,25,0,0,2.873788890925437e-18
full,mean,1,24,24,25,0,1,2.6073102846759804e-18
full,mean,1,24,24,25,1,0,-3.136597352199339e-34
full,mean,1,24,24,25,1,1,-2.5502038930776935e-33
full,mean,1,25,25,26,0,0,1.8841604983049255e-18
full,mean,1,25,25,26,0,1,-5.09287642179094e-18
full,mean,1,25,25,26,1,0,-2.622600295806468e-33
full,mean,1,25,25,26,1,1,1.963041802276445e-33
full,mean,1,26,26,27,0,0,-2.671839907954035e-18
full,mean,1,26,26,27,0,1,5.795387178854441e-18
full,mean,1,26,26,27,1,0,7.205414409407794e-34
full,mean,1,26,26,27,1,1,3.705239770267274e-34
full,mean,1,27,27,28,0,0,3.704313880402885e-18
full,mean,1,27,27,28,0,1,-5.992372344650605e-18
full,mean,1,27,27,28,1,0,1.0059503363138271e-33
full,mean,1,27,27,28,1,1,-3.14544386775714e-34
full,mean,1,28,28,29,0,0,-3.8325893663523664e-19
full,mean,1,28,28,29,0,1,2.2031510651976494e-18
full,mean,1,28,28,29,1,0,-6.75815778678105e-36
full,mean,1,28,28,29,1,1,-1.0760118390347202e-33
full,mean,1,29,29,30,0,0,5.162369862244223e-19
full,mean,1,29,29,30,0,1,-9.849258289807903e-20
full,mean,1,29,29,30,1,0,1.1813723890797063e-34
full,mean,1,29,29,30,1,1,1.019727696608765e-33
full,mean,1,30,30,31,0,0,9.420802491524652e-19
full,mean,1,30,30,31,0,1,-2.546438210895473e-18
full,mean,1,30,30,31,1,0,2.288580971318799e-18
full,mean,1,30,30,31,1,1,-3.59223611365679e-18
full,mean,1,31,31,32,0,0,9.526610173417792e-19
full,mean,1,31,31,32,0,1,-6.945425242295674e-19
full,mean,1,31,31,32,1,0,1.3890850484591374e-18
full,mean,1,31,31,32,1,1,-1.2905924655610572e-18
full,mean,1,32,32,33,0,0,-1.916294683176177e-19
full,mean,1,32,32,33,0,1,1.1015755325988247e-18
full,mean,1,32,32,33,1,0,-2.762233631250417e-18
full,mean,1,32,32,33,1,1,3.445934133755131e-18
full,mean,2,0,0,2,0,0,0.4387499999999998
full,mean,2,0,0,2,0,1,0.29375000000000023
full,mean,2,0,0,2,1,0,0.11750000000000013
full,mean,2,0,0,2,1,1,0.7325
full,mean,2,1,2,4,0,0,-0.04367031249999969
full,mean,2,1,2,4,0,1,-0.0006328125000002975
full,mean,2,1,2,4,1,0,-0.0002531249999999439
full,mean,2,1,2,4,1,1,-0.04430312500000023
full,mean,2,2,4,6,0,0,0.004847248046874623
full,mean,2,2,4,6,0,1,-0.0018678613281246218
full,mean,2,2,4,6,1,0,-0.0007471445312500427
full,mean,2,2,4,6,1,1,0.0029793867187502088
full,mean,2,3,6,8,0,0,-0.0005719439184568625
full,mean,2,3,6,8,0,1,0.00033814774169898165
full,mean,2,3,6,8,1,0,0.00013525909667955516
full,mean,2,3,6,8,1,1,-0.00023379617675777254
full,mean,2,4,8,10,0,0,6.954634640804282e-05
full,mean,2,4,8,10,0,1,-4.7847518997079516e-05
full,mean,2,4,8,10,1,0,-1.9139007598725788e-05
full,mean,2,4,8,10,1,1,2.1698827410780032e-05
full,mean,2,5,10,12,0,0,-8.574362620414385e-06
full,mean,2,5,10,12,0,1,6.272360187683418e-06
full,mean,2,5,10,12,1,0,2.5089440749287088e-06
full,mean,2,5,10,12,1,1,-2.3020024325642168e-06
full,mean,2,6,12,14,0,0,1.0636641448595087e-06
full,mean,2,6,12,14,0,1,-7.985126773607672e-07
full,mean,2,6,12,14,1,0,-3.194050708834818e-07
full,mean,2,6,12,14,1,1,2.6515146745705304e-07
full,mean,2,7,14,16,0,0,-1.323066079635563e-07
full,mean,2,7,14,16,0,1,1.0043491207896192e-07
full,mean,2,7,14,16,1,0,4.01739648041803e-08
full,mean,2,7,14,16,1,1,-3.1871695900557225e-08
full,mean,2,8,16,18,0,0,1.6476721108533987e-08
full,mean,2,8,16,18,0,1,-1.2567770695926645e-08
full,mean,2,8,16,18,1,0,-5.02710824009009e-09
full,mean,2,8,16,18,1,1,3.908950414446578e-09
full,mean,2,9,18,20,0,0,-2.052971196502877e-09
full,mean,2,9,18,20,0,1,1.5691810680594524e-09
full,mean,2,9,18,20,1,0,6.276724106302673e-10
full,mean,2,9,18,20,1,1,-4.837901398697426e-10
full,mean,2,10,20,22,0,0,2.558537128229348e-10
full,mean,2,10,20,22,0,1,-1.9573721463312037e-10
full,mean,2,10,20,22,1,0,-7.829487641098716e-11
full,mean,2,10,20,22,1,1,6.011651362742301e-11
full,mean,2,11,22,24,0,0,-3.188913180014105e-11
full,mean,2,11,22,24,0,1,2.440586690317939e-11
full,mean,2,11,22,24,1,0,9.762346475653336e-12
full,mean,2,11,22,24,1,1,-7.483270172507998e-12
full,mean,2,12,24,26,0,0,3.974760831676979e-12
full,mean,2,12,24,26,0,1,-3.0425342610748704e-12
full,mean,2,12,24,26,1,0,-1.2170179944040927e-12
full,mean,2,12,24,26,1,1,9.322215739383003e-13
full,mean,2,13,26,28,0,0,-4.954360653573723e-13
full,mean,2,13,26,28,0,1,3.792624165352294e-13
full,mean,2,13,26,28,1,0,1.5169256843273484e-13
full,mean,2,13,26,28,1,1,-1.1615850208678193e-13
full,mean,2,14,28,30,0,0,6.175903975032195e-14
full,mean,2,14,28,30,0,1,-4.727861130116679e-14
full,mean,2,14,28,30,1,0,-1.8902522540280655e-14
full,mean,2,14,28,30,1,1,1.4473136836522774e-14
full,mean,2,15,30,32,0,0,-7.699409626537767e-15
full,mean,2,15,30,32,0,1,5.893031041769469e-15
full,mean,2,15,30,32,1,0,2.357774964971127e-15
full,mean,2,15,30,32,1,1,-1.809530595965967e-15
full,mean,2,16,32,34,0,0,9.622256976865232e-16
full,mean,2,16,32,34,0,1,-7.355215165355175e-16
full,mean,2,16,32,34,1,0,-2.9871366622153307e-16
full,mean,2,16,32,34,1,1,2.3233703348580687e-16
full,mean,4,0,0,4,0,0,0.2909661117321047
full,mean,4,0,0,4,0,1,0.3174332688441237
full,mean,4,0,0,4,1,0,0.1269733075376495
full,mean,4,0,0,4,1,1,0.6083993805762284
full,mean,4,1,4,8,0,0,-0.03796966264761356
full,mean,4,1,4,8,0,1,-0.03318399274347212
full,mean,4,1,4,8,1,0,-0.013273597097388467
full,mean,4,1,4,8,1,1,-0.07115365539108613
full,mean,4,2,8,12,0,0,0.005012649808853737
full,mean,4,2,8,12,0,1,0.0033365674659660725
full,mean,4,2,8,12,1,0,0.0013346269863861095
full,mean,4,2,8,12,1,1,0.008349217274820185
full,mean,4,3,12,16,0,0,-0.0006690810200101558
full,mean,4,3,12,16,0,1,-0.0003145304504755267
full,mean,4,3,12,16,1,0,-0.00012581218019015026
full,mean,4,3,12,16,1,1,-0.000983611470485773
full,mean,4,4,16,20,0,0,9.022560058452453e-05
full,mean,4,4,16,20,0,1,2.6203451512215318e-05
full,mean,4,4,16,20,1,0,1.0481380604894627e-05
full,mean,4,4,16,20,1,1,0.00011642905209672176
full,mean,4,5,20,24,0,0,-1.2280632629357999e-05
full,mean,4,5,20,24,0,1,-1.5782982456489728e-06
full,mean,4,5,20,24,1,0,-6.313192982899022e-07
full,mean,4,5,20,24,1,1,-1.3858930874969792e-05
full,mean,4,6,24,28,0,0,1.6854665104823176e-06
full,mean,4,6,24,28,0,1,-2.4985282537904404e-08
full,mean,4,6,24,28,1,0,-9.99411301583963e-09
full,mean,4,6,24,28,1,1,1.6604812279395404e-06
full,mean,4,7,28,32,0,0,-2.3301800328680444e-07
full,mean,4,7,28,32,0,1,3.256898814444707e-08
full,mean,4,7,28,32,1,0,1.302759525443675e-08
full,mean,4,7,28,32,1,1,-2.0044901513482305e-07
full,mean,4,8,32,36,0,0,3.241926754907459e-08
full,mean,4,8,32,36,0,1,-8.014289722556267e-09
full,mean,4,8,32,36,1,0,-3.205715882783413e-09
full,mean,4,8,32,36,1,1,2.4404977819384837e-08
full,mean,8,0,0,8,0,0,0.17187263702866892
full,mean,8,0,0,8,0,1,0.26894392495337405
full,mean,8,0,0,8,1,0,0.10757756998134893
full,mean,8,0,0,8,1,1,0.44081656198204366
full,mean,8,1,8,16,0,0,-0.023660448489927394
full,mean,8,1,8,16,0,1,-0.05183582330067619
full,mean,8,1,8,16,1,0,-0.020734329320270636
full,mean,8,1,8,16,1,1,-0.0754962717906034
full,mean,8,2,16,24,0,0,0.0035792441102995404
full,mean,8,2,16,24,0,1,0.009476173611453633
full,mean,8,2,16,24,1,0,0.003790469444581694
full,mean,8,2,16,24,1,1,0.01305541772175291
full,mean,8,3,24,32,0,0,-0.0005769968428012792
full,mean,8,3,24,32,0,1,-0.001691789992678182
full,mean,8,3,24,32,1,0,-0.0006767159970713614
full,mean,8,3,24,32,1,1,-0.0022687868354793793
full,mean,8,4,32,40,0,0,9.658533332831212e-05
full,mean,8,4,32,40,0,1,0.00029866596721804615
full,mean,8,4,32,40,1,0,0.00011946638688724979
full,mean,8,4,32,40,1,1,0.0003952513005463308
full,mean,16,0,0,16,0,0,0.09275876646181007
full,mean,16,0,0,16,0,1,0.16808143496081646
full,mean,16,0,0,16,1,0,0.06723257398432496
full,mean,16,0,0,16,1,1,0.2608402014226279
full,mean,16,1,16,32,0,0,-0.012699744667449286
full,mean,16,1,16,32,0,1,-0.035905916742793434
full,mean,16,1,16,32,1,0,-0.014362366697117098
full,mean,16,1,16,32,1,1,-0.04860566141024295
full,mean,16,2,32,48,0,0,0.0022171018787630523
full,mean,16,2,32,48,0,1,0.007010319464940102
full,mean,16,2,32,48,1,0,0.0028041277859760074
full,mean,16,2,32,48,1,1,0.009227421343703182
partial,endpoint,1,0,0,1,0,0,0.7092727272727274
partial,endpoint,1,1,1,2,0,0,0.0394503801652892
partial,endpoint,1,2,2,3,0,0,0.025276934491359888
partial,endpoint,1,3,3,4,0,0,0.016195621299555006
partial,endpoint,1,4,4,5,0,0,0.010376976265387515
partial,endpoint,1,5,5,6,0,0,0.006648811701677389
partial,endpoint,1,6,6,7,0,0,0.00426007498849298
partial,endpoint,1,7,7,8,0,0,0.002729546228990773
partial,endpoint,1,8,8,9,0,0,0.0017488947110842522
partial,endpoint,1,9,9,10,0,0,0.0011205645385201632
partial,endpoint,1,10,10,11,0,0,0.0007179762606809052
partial,endpoint,1,11,11,12,0,0,0.0004600269713890192
partial,endpoint,1,12,12,13,0,0,0.000294751826759088
partial,endpoint,1,13,13,14,0,0,0.00018885553409072323
partial,endpoint,1,14,14,15,0,0,0.00012100489129739424
partial,endpoint,1,15,15,16,0,0,7.753113398763883e-05
partial,endpoint,1,16,16,17,0,0,4.9676312031362225e-05
partial,endpoint,1,17,17,18,0,0,3.182896792699614e-05
partial,endpoint,1,18,18,19,0,0,2.0393687813584106e-05
partial,endpoint,1,19,19,20,0,0,1.3066791973655567e-05
partial,endpoint,1,20,20,21,0,0,8.372249984571028e-06
partial,endpoint,1,21,21,22,0,0,5.364328899210025e-06
partial,endpoint,1,22,22,23,0,0,3.4370718255983744e-06
partial,endpoint,1,23,23,24,0,0,2.202225656984863e-06
partial,endpoint,1,24,24,25,0,0,1.411026039132467e-06
partial,endpoint,1,25,25,26,0,0,9.040828657987439e-07
partial,endpoint,1,26,26,27,0,0,5.792705489213542e-07
partial,endpoint,1,27,27,28,0,0,3.7115443898309475e-07
partial,endpoint,1,28,28,29,0,0,2.3780877144984914e-07
partial,endpoint,1,29,29,30,0,0,1.5237056556204717e-07
partial,endpoint,1,30,30,31,0,0,9.762797691559744e-08
partial,endpoint,1,31,31,32,0,0,6.255290739172785e-08
partial,endpoint,1,32,32,33,0,0,4.00793537538399e-08
partial,endpoint,2,0,0,2,0,0,0.5425181818181819
partial,endpoint,2,1,2,4,0,0,0.07189831785123972
partial,endpoint,2,2,4,6,0,0,0.03235293579091501
partial,endpoint,2,3,6,8,0,0,0.01455823287071564
partial,endpoint,2,4,8,10,0,0,0.006550940096678908
partial,endpoint,2,5,10,12,0,0,0.002947803935503744
partial,endpoint,2,6,12,14,0,0,0.0013264581745415286
partial,endpoint,2,7,14,16,0,0,0.0005968820611223136
partial,endpoint,2,8,16,18,0,0,0.0002685860751039336
partial,endpoint,2,9,18,20,0,0,0.00012085885041358264
partial,endpoint,2,10,20,22,0,0,5.438428525246572e-05
partial,endpoint,2,11,22,24,0,0,2.4471939558426473e-05
partial,endpoint,2,12,24,26,0,0,1.1011927856937154e-05
partial,endpoint,2,13,26,28,0,0,4.955167318750541e-06
partial,endpoint,2,14,28,30,0,0,2.2297351994882144e-06
partial,endpoint,2,15,30,32,0,0,1.0033402991273558e-06
partial,endpoint,2,16,32,34,0,0,4.514848920574548e-07
partial,endpoint,4,0,0,4,0,0,0.3662242954545456
partial,endpoint,4,1,4,8,0,0,0.07082388736385019
partial,endpoint,4,2,8,12,0,0,0.01943279664340034
partial,endpoint,4,3,12,16,0,0,0.005332008725300562
partial,endpoint,4,4,16,20,0,0,0.0014630069757013788
partial,endpoint,4,5,20,24,0,0,0.00040142271350657546
partial,endpoint,4,6,24,28,0,0,0.00011014314873087533
partial,endpoint,4,7,28,32,0,0,3.0221292428568652e-05
partial,endpoint,4,8,32,36,0,0,8.292177285439944e-06
partial,endpoint,8,0,0,8,0,0,0.2049441219450285
partial,endpoint,8,1,8,16,0,0,0.02906444963137259
partial,endpoint,8,2,16,24,0,0,0.0042465876793600504
partial,endpoint,8,3,24,32,0,0,0.0006204661415307508
partial,endpoint,8,4,32,40,0,0,9.065590112673048e-05
partial,endpoint,16,0,0,16,0,0,0.0710665427511913
partial,endpoint,16,1,16,32,0,0,0.0035818602278419862
partial,endpoint,16,2,32,48,0,0,0.0001805701352186497
partial,mean,1,0,0,1,0,0,0.7092727272727274
partial,mean,1,1,1,2,0,0,0.0394503801652892
partial,mean,1,2,2,3,0,0,0.025276934491359888
partial,mean,1,3,3,4,0,0,0.016195621299555006
partial,mean,1,4,4,5,0,0,0.010376976265387515
partial,mean,1,5,5,6,0,0,0.006648811701677389
partial,mean,1,6,6,7,0,0,0.00426007498849298
partial,mean,1,7,7,8,0,0,0.002729546228990773
partial,mean,1,8,8,9,0,0,0.0017488947110842522
partial,mean,1,9,9,10,0,0,0.0011205645385201632
partial,mean,1,10,10,11,0,0,0.0007179762606809052
partial,mean,1,11,11,12,0,0,0.0004600269713890192
partial,mean,1,12,12,13,0,0,0.000294751826759088
partial,mean,1,13,13,14,0,0,0.00018885553409072323
partial,mean,1,14,14,15,0,0,0.00012100489129739424
partial,mean,1,15,15,16,0,0,7.753113398763883e-05
partial,mean,1,16,16,17,0,0,4.9676312031362225e-05
partial,mean,1,17,17,18,0,0,3.182896792699614e-05
partial,mean,1,18,18,19,0,0,2.0393687813584106e-05
partial,mean,1,19,19,20,0,0,1.3066791973655567e-05
partial,mean,1,20,20,21,0,0,8.372249984571028e-06
partial,mean,1,21,21,22,0,0,5.364328899210025e-06
partial,mean,1,22,22,23,0,0,3.4370718255983744e-06
partial,mean,1,23,23,24,0,0,2.202225656984863e-06
partial,mean,1,24,24,25,0,0,1.411026039132467e-06
partial,mean,1,25,25,26,0,0,9.040828657987439e-07
partial,mean,1,26,26,27,0,0,5.792705489213542e-07
partial,mean,1,27,27,28,0,0,3.7115443898309475e-07
partial,mean,1,28,28,29,0,0,2.3780877144984914e-07
partial,mean,1,29,29,30,0,0,1.5237056556204717e-07
partial,mean,1,30,30,31,0,0,9.762797691559744e-08
partial,mean,1,31,31,32,0,0,6.255290739172785e-08
partial,mean,1,32,32,33,0,0,4.00793537538399e-08
partial,mean,2,0,0,2,0,0,0.6530147058823529
partial,mean,2,1,2,4,0,0,0.007414624783737234
partial,mean,2,2,4,6,0,0,0.029975944299959763
partial,mean,2,3,6,8,0,0,0.010488171787352335
partial,mean,2,4,8,10,0,0,0.004821046500663493
partial,mean,2,5,10,12,0,0,0.00207769430099974
partial,mean,2,6,12,14,0,0,0.0009080681213272263
partial,mean,2,7,14,16,0,0,0.0003956412908882815
partial,mean,2,8,16,18,0,0,0.00017249799680693872
partial,mean,2,9,18,20,0,0,7.51969585498591e-05
partial,mean,2,10,20,22,0,0,3.2781675519016514e-05
partial,mean,2,11,22,24,0,0,1.4290873570379015e-05
partial,mean,2,12,24,26,0,0,6.2299867686443514e-06
partial,mean,2,13,26,28,0,0,2.715909616138269e-06
partial,mean,2,14,28,30,0,0,1.1839777375845402e-06
partial,mean,2,15,30,32,0,0,5.161450328349768e-07
partial,mean,2,16,32,34,0,0,2.2500904157574406e-07
partial,mean,4,0,0,4,0,0,0.5562031338964015
partial,mean,4,1,4,8,0,0,-0.011547209779765175
partial,mean,4,2,8,12,0,0,0.015061292557404895
partial,mean,4,3,12,16,0,0,0.0009383019938078075
partial,mean,4,4,16,20,0,0,0.0005134282927374106
partial,mean,4,5,20,24,0,0,7.038716715538101e-05
partial,mean,4,6,24,28,0,0,2.074356626535369e-05
partial,mean,4,7,28,32,0,0,3.7801566413773028e-06
partial,mean,4,8,32,36,0,0,9.171155231264159e-07
partial,mean,8,0,0,8,0,0,0.4260744354716995
partial,mean,8,1,8,16,0,0,-0.03997508885179917
partial,mean,8,2,16,24,0,0,0.006037208756040929
partial,mean,8,3,24,32,0,0,-0.0007379704205887342
partial,mean,8,4,32,40,0,0,9.841320389945583e-05
partial,mean,16,0,0,16,0,0,0.2659485640396162
partial,mean,16,1,16,32,0,0,-0.03928108956829923
partial,mean,16,2,32,48,0,0,0.005903327681029709
