beta,kappa,arm,horizon_from,horizon_to,mean_difference,low95,high95
0.0,0.02,price_history_current_queue,1,2,-0.028603270249431295,-0.028603270249431295,-0.028603270249431295
0.0,0.02,price_history_current_queue,2,3,-0.028250396719801202,-0.028250396719801202,-0.028250396719801202
0.0,0.02,price_history_current_queue,3,4,-0.022365319544669096,-0.022365319544669096,-0.022365319544669096
0.0,0.02,price_history_current_queue,4,5,-0.017048242216037998,-0.017048242216037998,-0.017048242216037998
0.0,0.02,price_history_current_queue,5,6,-0.0129524138239243,-0.0129524138239243,-0.0129524138239243
0.0,0.02,price_history_current_queue,6,7,-0.009945432921377798,-0.009945432921377798,-0.009945432921377798
0.0,0.02,price_history_current_queue,7,8,-0.007763879526981203,-0.007763879526981203,-0.007763879526981203
0.0,0.02,price_history_current_queue,8,9,-0.006173520463767901,-0.006173520463767901,-0.006173520463767901
0.0,0.02,price_history_current_queue,9,10,-0.004999054548845902,-0.004999054548845902,-0.004999054548845902
0.0,0.02,price_history_current_queue,10,11,-0.004117237911193901,-0.004117237911193901,-0.004117237911193901
0.0,0.02,price_history_current_queue,11,12,-0.003443313674860997,-0.003443313674860997,-0.003443313674860997
0.0,0.02,price_history_current_queue,12,13,-0.002919174861139101,-0.002919174861139101,-0.002919174861139101
0.0,0.02,price_history_current_queue,13,14,-0.002504719289226298,-0.002504719289226298,-0.002504719289226298
0.0,0.02,price_history_current_queue,14,15,-0.0021719411322914037,-0.0021719411322914037,-0.0021719411322914037
0.0,0.02,price_history_current_queue,15,16,-0.001900996867828901,-0.001900996867828901,-0.001900996867828901
0.0,0.02,queue_price_history,1,2,-0.028603270249431295,-0.028603270249431295,-0.028603270249431295
0.0,0.02,queue_price_history,2,3,-0.028250396719801202,-0.028250396719801202,-0.028250396719801202
0.0,0.02,queue_price_history,3,4,-0.022365319544669096,-0.022365319544669096,-0.022365319544669096
0.0,0.02,queue_price_history,4,5,-0.017048242216037998,-0.017048242216037998,-0.017048242216037998
0.0,0.02,queue_price_history,5,6,-0.0129524138239243,-0.0129524138239243,-0.0129524138239243
0.0,0.02,queue_price_history,6,7,-0.009945432921377798,-0.009945432921377798,-0.009945432921377798
0.0,0.02,queue_price_history,7,8,-0.007763879526981203,-0.007763879526981203,-0.007763879526981203
0.0,0.02,queue_price_history,8,9,-0.006173520463767901,-0.006173520463767901,-0.006173520463767901
0.0,0.02,queue_price_history,9,10,-0.004999054548845902,-0.004999054548845902,-0.004999054548845902
0.0,0.02,queue_price_history,10,11,-0.004117237911193901,-0.004117237911193901,-0.004117237911193901
0.0,0.02,queue_price_history,11,12,-0.003443313674860997,-0.003443313674860997,-0.003443313674860997
0.0,0.02,queue_price_history,12,13,-0.002919174861139101,-0.002919174861139101,-0.002919174861139101
0.0,0.02,queue_price_history,13,14,-0.002504719289226298,-0.002504719289226298,-0.002504719289226298
0.0,0.02,queue_price_history,14,15,-0.0021719411322914037,-0.0021719411322914037,-0.0021719411322914037
0.0,0.02,queue_price_history,15,16,-0.001900996867828901,-0.001900996867828901,-0.001900996867828901
0.0,0.02,marked_history,1,2,-0.028603270249431295,-0.028603270249431295,-0.028603270249431295
0.0,0.02,marked_history,2,3,-0.028250396719801202,-0.028250396719801202,-0.028250396719801202
0.0,0.02,marked_history,3,4,-0.022365319544669096,-0.022365319544669096,-0.022365319544669096
0.0,0.02,marked_history,4,5,-0.017048242216037998,-0.017048242216037998,-0.017048242216037998
0.0,0.02,marked_history,5,6,-0.0129524138239243,-0.0129524138239243,-0.0129524138239243
0.0,0.02,marked_history,6,7,-0.009945432921377798,-0.009945432921377798,-0.009945432921377798
0.0,0.02,marked_history,7,8,-0.007763879526981203,-0.007763879526981203,-0.007763879526981203
0.0,0.02,marked_history,8,9,-0.006173520463767901,-0.006173520463767901,-0.006173520463767901
0.0,0.02,marked_history,9,10,-0.004999054548845902,-0.004999054548845902,-0.004999054548845902
0.0,0.02,marked_history,10,11,-0.004117237911193901,-0.004117237911193901,-0.004117237911193901
0.0,0.02,marked_history,11,12,-0.003443313674860997,-0.003443313674860997,-0.003443313674860997
0.0,0.02,marked_history,12,13,-0.002919174861139101,-0.002919174861139101,-0.002919174861139101
0.0,0.02,marked_history,13,14,-0.002504719289226298,-0.002504719289226298,-0.002504719289226298
0.0,0.02,marked_history,14,15,-0.0021719411322914037,-0.0021719411322914037,-0.0021719411322914037
0.0,0.02,marked_history,15,16,-0.001900996867828901,-0.001900996867828901,-0.001900996867828901
0.0,0.2,price_history_current_queue,1,2,-0.028603270249431406,-0.028603270249431406,-0.028603270249431406
0.0,0.2,price_history_current_queue,2,3,-0.028250396719801202,-0.028250396719801202,-0.028250396719801202
0.0,0.2,price_history_current_queue,3,4,-0.022365319544669193,-0.022365319544669193,-0.022365319544669193
0.0,0.2,price_history_current_queue,4,5,-0.01704824221603779,-0.01704824221603779,-0.01704824221603779
0.0,0.2,price_history_current_queue,5,6,-0.012952413823924397,-0.012952413823924397,-0.012952413823924397
0.0,0.2,price_history_current_queue,6,7,-0.009945432921377603,-0.009945432921377603,-0.009945432921377603
0.0,0.2,price_history_current_queue,7,8,-0.0077638795269813,-0.0077638795269813,-0.0077638795269813
0.0,0.2,price_history_current_queue,8,9,-0.0061735204637684005,-0.0061735204637684005,-0.0061735204637684005
0.0,0.2,price_history_current_queue,9,10,-0.004999054548845201,-0.004999054548845201,-0.004999054548845201
0.0,0.2,price_history_current_queue,10,11,-0.004117237911193804,-0.004117237911193804,-0.004117237911193804
0.0,0.2,price_history_current_queue,11,12,-0.0034433136748612952,-0.0034433136748612952,-0.0034433136748612952
0.0,0.2,price_history_current_queue,12,13,-0.0029191748611395035,-0.0029191748611395035,-0.0029191748611395035
0.0,0.2,price_history_current_queue,13,14,-0.002504719289226,-0.002504719289226,-0.002504719289226
0.0,0.2,price_history_current_queue,14,15,-0.0021719411322912996,-0.0021719411322912996,-0.0021719411322912996
0.0,0.2,price_history_current_queue,15,16,-0.0019009968678290988,-0.0019009968678290988,-0.0019009968678290988
0.0,0.2,queue_price_history,1,2,-0.028603270249431406,-0.028603270249431406,-0.028603270249431406
0.0,0.2,queue_price_history,2,3,-0.028250396719801202,-0.028250396719801202,-0.028250396719801202
0.0,0.2,queue_price_history,3,4,-0.022365319544669193,-0.022365319544669193,-0.022365319544669193
0.0,0.2,queue_price_history,4,5,-0.01704824221603779,-0.01704824221603779,-0.01704824221603779
0.0,0.2,queue_price_history,5,6,-0.012952413823924397,-0.012952413823924397,-0.012952413823924397
0.0,0.2,queue_price_history,6,7,-0.009945432921377603,-0.009945432921377603,-0.009945432921377603
0.0,0.2,queue_price_history,7,8,-0.0077638795269813,-0.0077638795269813,-0.0077638795269813
0.0,0.2,queue_price_history,8,9,-0.0061735204637684005,-0.0061735204637684005,-0.0061735204637684005
0.0,0.2,queue_price_history,9,10,-0.004999054548845201,-0.004999054548845201,-0.004999054548845201
0.0,0.2,queue_price_history,10,11,-0.004117237911193804,-0.004117237911193804,-0.004117237911193804
0.0,0.2,queue_price_history,11,12,-0.0034433136748612952,-0.0034433136748612952,-0.0034433136748612952
0.0,0.2,queue_price_history,12,13,-0.0029191748611395035,-0.0029191748611395035,-0.0029191748611395035
0.0,0.2,queue_price_history,13,14,-0.002504719289226,-0.002504719289226,-0.002504719289226
0.0,0.2,queue_price_history,14,15,-0.0021719411322912996,-0.0021719411322912996,-0.0021719411322912996
0.0,0.2,queue_price_history,15,16,-0.0019009968678290988,-0.0019009968678290988,-0.0019009968678290988
0.0,0.2,marked_history,1,2,-0.028603270249431406,-0.028603270249431406,-0.028603270249431406
0.0,0.2,marked_history,2,3,-0.028250396719801202,-0.028250396719801202,-0.028250396719801202
0.0,0.2,marked_history,3,4,-0.022365319544669193,-0.022365319544669193,-0.022365319544669193
0.0,0.2,marked_history,4,5,-0.01704824221603779,-0.01704824221603779,-0.01704824221603779
0.0,0.2,marked_history,5,6,-0.012952413823924397,-0.012952413823924397,-0.012952413823924397
0.0,0.2,marked_history,6,7,-0.009945432921377603,-0.009945432921377603,-0.009945432921377603
0.0,0.2,marked_history,7,8,-0.0077638795269813,-0.0077638795269813,-0.0077638795269813
0.0,0.2,marked_history,8,9,-0.0061735204637684005,-0.0061735204637684005,-0.0061735204637684005
0.0,0.2,marked_history,9,10,-0.004999054548845201,-0.004999054548845201,-0.004999054548845201
0.0,0.2,marked_history,10,11,-0.004117237911193804,-0.004117237911193804,-0.004117237911193804
0.0,0.2,marked_history,11,12,-0.0034433136748612952,-0.0034433136748612952,-0.0034433136748612952
0.0,0.2,marked_history,12,13,-0.0029191748611395035,-0.0029191748611395035,-0.0029191748611395035
0.0,0.2,marked_history,13,14,-0.002504719289226,-0.002504719289226,-0.002504719289226
0.0,0.2,marked_history,14,15,-0.0021719411322912996,-0.0021719411322912996,-0.0021719411322912996
0.0,0.2,marked_history,15,16,-0.0019009968678290988,-0.0019009968678290988,-0.0019009968678290988
0.0,2.0,price_history_current_queue,1,2,-0.028603270249431517,-0.028603270249431517,-0.028603270249431517
0.0,2.0,price_history_current_queue,2,3,-0.028250396719800702,-0.028250396719800702,-0.028250396719800702
0.0,2.0,price_history_current_queue,3,4,-0.022365319544669887,-0.022365319544669887,-0.022365319544669887
0.0,2.0,price_history_current_queue,4,5,-0.017048242216037207,-0.017048242216037207,-0.017048242216037207
0.0,2.0,price_history_current_queue,5,6,-0.012952413823924494,-0.012952413823924494,-0.012952413823924494
0.0,2.0,price_history_current_queue,6,7,-0.009945432921377506,-0.009945432921377506,-0.009945432921377506
0.0,2.0,price_history_current_queue,7,8,-0.007763879526980898,-0.007763879526980898,-0.007763879526980898
0.0,2.0,price_history_current_queue,8,9,-0.006173520463768498,-0.006173520463768498,-0.006173520463768498
0.0,2.0,price_history_current_queue,9,10,-0.004999054548845999,-0.004999054548845999,-0.004999054548845999
0.0,2.0,price_history_current_queue,10,11,-0.0041172379111936025,-0.0041172379111936025,-0.0041172379111936025
0.0,2.0,price_history_current_queue,11,12,-0.0034433136748616977,-0.0034433136748616977,-0.0034433136748616977
0.0,2.0,price_history_current_queue,12,13,-0.0029191748611386015,-0.0029191748611386015,-0.0029191748611386015
0.0,2.0,price_history_current_queue,13,14,-0.002504719289226104,-0.002504719289226104,-0.002504719289226104
0.0,2.0,price_history_current_queue,14,15,-0.0021719411322914974,-0.0021719411322914974,-0.0021719411322914974
0.0,2.0,price_history_current_queue,15,16,-0.0019009968678290017,-0.0019009968678290017,-0.0019009968678290017
0.0,2.0,queue_price_history,1,2,-0.028603270249431517,-0.028603270249431517,-0.028603270249431517
0.0,2.0,queue_price_history,2,3,-0.028250396719800702,-0.028250396719800702,-0.028250396719800702
0.0,2.0,queue_price_history,3,4,-0.022365319544669887,-0.022365319544669887,-0.022365319544669887
0.0,2.0,queue_price_history,4,5,-0.017048242216037207,-0.017048242216037207,-0.017048242216037207
0.0,2.0,queue_price_history,5,6,-0.012952413823924494,-0.012952413823924494,-0.012952413823924494
0.0,2.0,queue_price_history,6,7,-0.009945432921377506,-0.009945432921377506,-0.009945432921377506
0.0,2.0,queue_price_history,7,8,-0.007763879526980898,-0.007763879526980898,-0.007763879526980898
0.0,2.0,queue_price_history,8,9,-0.006173520463768498,-0.006173520463768498,-0.006173520463768498
0.0,2.0,queue_price_history,9,10,-0.004999054548845999,-0.004999054548845999,-0.004999054548845999
0.0,2.0,queue_price_history,10,11,-0.0041172379111936025,-0.0041172379111936025,-0.0041172379111936025
0.0,2.0,queue_price_history,11,12,-0.0034433136748616977,-0.0034433136748616977,-0.0034433136748616977
0.0,2.0,queue_price_history,12,13,-0.0029191748611386015,-0.0029191748611386015,-0.0029191748611386015
0.0,2.0,queue_price_history,13,14,-0.002504719289226104,-0.002504719289226104,-0.002504719289226104
0.0,2.0,queue_price_history,14,15,-0.0021719411322914974,-0.0021719411322914974,-0.0021719411322914974
0.0,2.0,queue_price_history,15,16,-0.0019009968678290017,-0.0019009968678290017,-0.0019009968678290017
0.0,2.0,marked_history,1,2,-0.028603270249431517,-0.028603270249431517,-0.028603270249431517
0.0,2.0,marked_history,2,3,-0.028250396719800702,-0.028250396719800702,-0.028250396719800702
0.0,2.0,marked_history,3,4,-0.022365319544669887,-0.022365319544669887,-0.022365319544669887
0.0,2.0,marked_history,4,5,-0.017048242216037207,-0.017048242216037207,-0.017048242216037207
0.0,2.0,marked_history,5,6,-0.012952413823924494,-0.012952413823924494,-0.012952413823924494
0.0,2.0,marked_history,6,7,-0.009945432921377506,-0.009945432921377506,-0.009945432921377506
0.0,2.0,marked_history,7,8,-0.007763879526980898,-0.007763879526980898,-0.007763879526980898
0.0,2.0,marked_history,8,9,-0.006173520463768498,-0.006173520463768498,-0.006173520463768498
0.0,2.0,marked_history,9,10,-0.004999054548845999,-0.004999054548845999,-0.004999054548845999
0.0,2.0,marked_history,10,11,-0.0041172379111936025,-0.0041172379111936025,-0.0041172379111936025
0.0,2.0,marked_history,11,12,-0.0034433136748616977,-0.0034433136748616977,-0.0034433136748616977
0.0,2.0,marked_history,12,13,-0.0029191748611386015,-0.0029191748611386015,-0.0029191748611386015
0.0,2.0,marked_history,13,14,-0.002504719289226104,-0.002504719289226104,-0.002504719289226104
0.0,2.0,marked_history,14,15,-0.0021719411322914974,-0.0021719411322914974,-0.0021719411322914974
0.0,2.0,marked_history,15,16,-0.0019009968678290017,-0.0019009968678290017,-0.0019009968678290017
0.5,0.02,price_history_current_queue,1,2,0.08476728320876784,0.08273471108729212,0.08679985533024355
0.5,0.02,price_history_current_queue,2,3,0.04713647831147741,0.04560752405734144,0.04866543256561338
0.5,0.02,price_history_current_queue,3,4,0.026951338417374966,0.025890694040911016,0.028011982793838916
0.5,0.02,price_history_current_queue,4,5,0.014820379954617761,0.014089192850841351,0.015551567058394172
0.5,0.02,price_history_current_queue,5,6,0.0070713266055518545,0.006567404291699641,0.007575248919404068
0.5,0.02,price_history_current_queue,6,7,0.0019056229222366508,0.0015595438072519051,0.0022517020372213965
0.5,0.02,price_history_current_queue,7,8,-0.0016408147804406678,-0.0018761304240458023,-0.0014054991368355333
0.5,0.02,price_history_current_queue,8,9,-0.004125009621424085,-0.004282398133963174,-0.003967621108884996
0.5,0.02,price_history_current_queue,9,10,-0.005887435214638824,-0.005991413535611036,-0.005783456893666612
0.5,0.02,price_history_current_queue,10,11,-0.00714537288281563,-0.00721688792067873,-0.00707385784495253
0.5,0.02,price_history_current_queue,11,12,-0.00804237456727859,-0.008101419009267164,-0.007983330125290016
0.5,0.02,price_history_current_queue,12,13,-0.008676069637707853,-0.008737624391276953,-0.008614514884138754
0.5,0.02,price_history_current_queue,13,14,-0.009114528428953488,-0.009184686854317585,-0.00904437000358939
0.5,0.02,price_history_current_queue,14,15,-0.009406252736238713,-0.009485762392575845,-0.00932674307990158
0.5,0.02,price_history_current_queue,15,16,-0.009586466905232932,-0.00967424925497174,-0.009498684555494125
0.5,0.02,queue_price_history,1,2,0.0870260477206038,0.08470892563381859,0.089343169807389
0.5,0.02,queue_price_history,2,3,0.04937468729111261,0.04753799236798238,0.05121138221424283
0.5,0.02,queue_price_history,3,4,0.028764092624427598,0.027440474937371468,0.030087710311483728
0.5,0.02,queue_price_history,4,5,0.016180291361977406,0.01524545181876483,0.01711513090518998
0.5,0.02,queue_price_history,5,6,0.008058750996158222,0.007404100221592807,0.008713401770723637
0.5,0.02,queue_price_history,6,7,0.0026103566328805963,0.002155576696367192,0.0030651365693940007
0.5,0.02,queue_price_history,7,8,-0.0011460894597503726,-0.0014578755503347187,-0.0008343033691660265
0.5,0.02,queue_price_history,8,9,-0.003786508370784987,-0.003995597235401926,-0.0035774195061680472
0.5,0.02,queue_price_history,9,10,-0.005666247176006445,-0.005802382740758878,-0.005530111611254012
0.5,0.02,queue_price_history,10,11,-0.0070132797826294516,-0.0071010424046109195,-0.006925517160647984
0.5,0.02,queue_price_history,11,12,-0.007978669123496686,-0.008042749720650675,-0.007914588526342697
0.5,0.02,queue_price_history,12,13,-0.008665330992638977,-0.008728994567776906,-0.008601667417501048
0.5,0.02,queue_price_history,13,14,-0.009145100658081357,-0.009219996436273623,-0.00907020487988909
0.5,0.02,queue_price_history,14,15,-0.009469202426451155,-0.009557317079774924,-0.009381087773127387
0.5,0.02,queue_price_history,15,16,-0.009674860781920619,-0.00977485092232973,-0.009574870641511508
0.5,0.02,marked_history,1,2,0.08878735475666438,0.08652510739479767,0.0910496021185311
0.5,0.02,marked_history,2,3,0.05096941082395719,0.0492362616699511,0.052702559977963276
0.5,0.02,marked_history,3,4,0.030004740595368375,0.028772036866267576,0.031237444324469173
0.5,0.02,marked_history,4,5,0.01708729834005049,0.01621929266745027,0.01795530401265071
0.5,0.02,marked_history,5,6,0.008704052841650635,0.008094700259025275,0.009313405424275995
0.5,0.02,marked_history,6,7,0.003061708724766486,0.0026354121107311466,0.0034880053388018258
0.5,0.02,marked_history,7,8,-0.0008368503142873532,-0.0011330470521689804,-0.0005406535764057259
0.5,0.02,marked_history,8,9,-0.0035820185659186377,-0.003785680019611142,-0.003378357112226133
0.5,0.02,marked_history,9,10,-0.005539865550757583,-0.005678954352600182,-0.005400776748914985
0.5,0.02,marked_history,10,11,-0.0069458610597634765,-0.0070433370252319105,-0.0068483850942950425
0.5,0.02,marked_history,11,12,-0.007956252442372164,-0.008033061640340736,-0.007879443244403591
0.5,0.02,marked_history,12,13,-0.008677569084256126,-0.008751027885004418,-0.008604110283507833
0.5,0.02,marked_history,13,14,-0.009184202630192435,-0.009263812992852897,-0.009104592267531974
0.5,0.02,marked_history,14,15,-0.009529216822135117,-0.009617838586688077,-0.009440595057582157
0.5,0.02,marked_history,15,16,-0.009751182292138255,-0.009848609742563512,-0.009653754841712998
0.5,0.2,price_history_current_queue,1,2,-0.0013708193496852657,-0.0017877519003654124,-0.0009538867990051189
0.5,0.2,price_history_current_queue,2,3,-0.033193220154141743,-0.033362796646703746,-0.03302364366157974
0.5,0.2,price_history_current_queue,3,4,-0.038971985853186036,-0.039015299708651655,-0.03892867199772042
0.5,0.2,price_history_current_queue,4,5,-0.03600999062896201,-0.036072920013878275,-0.03594706124404575
0.5,0.2,price_history_current_queue,5,6,-0.03075342072303821,-0.03083311989195888,-0.030673721554117538
0.5,0.2,price_history_current_queue,6,7,-0.025510086190707357,-0.02559039773530257,-0.025429774646112145
0.5,0.2,price_history_current_queue,7,8,-0.020971729641300382,-0.02104549475614699,-0.020897964526453774
0.5,0.2,price_history_current_queue,8,9,-0.017246264493433278,-0.017311222497360737,-0.017181306489505818
0.5,0.2,price_history_current_queue,9,10,-0.014251991499484385,-0.014308104461827717,-0.014195878537141052
0.5,0.2,price_history_current_queue,10,11,-0.011862107222683962,-0.011910215215367562,-0.011813999230000361
0.5,0.2,price_history_current_queue,11,12,-0.009954436375862092,-0.009995632844072868,-0.009913239907651316
0.5,0.2,price_history_current_queue,12,13,-0.008425779849708789,-0.00846114236670514,-0.008390417332712438
0.5,0.2,price_history_current_queue,13,14,-0.007193522359119926,-0.007224010830507943,-0.007163033887731908
0.5,0.2,price_history_current_queue,14,15,-0.006193119270604543,-0.006219549635917491,-0.006166688905291594
0.5,0.2,price_history_current_queue,15,16,-0.005374682201948249,-0.0053977319251895355,-0.005351632478706963
0.5,0.2,queue_price_history,1,2,0.0024380466707863563,0.002004963878834356,0.0028711294627383564
0.5,0.2,queue_price_history,2,3,-0.030930784143911302,-0.03112888339075727,-0.030732684897065335
0.5,0.2,queue_price_history,3,4,-0.0382677743520025,-0.03836134682976493,-0.038174201874240074
0.5,0.2,queue_price_history,4,5,-0.036237900580425586,-0.036325819200165685,-0.03614998196068549
0.5,0.2,queue_price_history,5,6,-0.031405137352215534,-0.0314987441646942,-0.03131153053973687
0.5,0.2,queue_price_history,6,7,-0.02629503118441083,-0.026385460636954274,-0.026204601731867387
0.5,0.2,queue_price_history,7,8,-0.0217499070397004,-0.021831823501781922,-0.02166799057761888
0.5,0.2,queue_price_history,8,9,-0.01795989499223808,-0.018031631452797067,-0.017888158531679094
0.5,0.2,queue_price_history,9,10,-0.014883452358241452,-0.014945262270245552,-0.014821642446237352
0.5,0.2,queue_price_history,10,11,-0.012411789333967813,-0.012464712395752316,-0.01235886627218331
0.5,0.2,queue_price_history,11,12,-0.01042989928878144,-0.010475186496862285,-0.010384612080700593
0.5,0.2,queue_price_history,12,13,-0.008836698386534728,-0.008875556029347876,-0.00879784074372158
0.5,0.2,queue_price_history,13,14,-0.007549469580185046,-0.007582962841146678,-0.007515976319223415
0.5,0.2,queue_price_history,14,15,-0.006502699120431131,-0.006531729600306734,-0.006473668640555528
0.5,0.2,queue_price_history,15,16,-0.005645284142716692,-0.00567059871585423,-0.0056199695695791545
0.5,0.2,marked_history,1,2,0.005023460630157097,0.004461202309490143,0.005585718950824051
0.5,0.2,marked_history,2,3,-0.029665836287931343,-0.02993734441017161,-0.029394328165691076
0.5,0.2,marked_history,3,4,-0.03801721551521685,-0.03814695743393163,-0.03788747359650207
0.5,0.2,marked_history,4,5,-0.036530819610399945,-0.03663889155267835,-0.03642274766812154
0.5,0.2,marked_history,5,6,-0.031922420797956895,-0.0320353412886922,-0.03180950030722159
0.5,0.2,marked_history,6,7,-0.026866109737209293,-0.026975752132803385,-0.0267564673416152
0.5,0.2,marked_history,7,8,-0.02229651554316605,-0.022396375688118975,-0.022196655398213125
0.5,0.2,marked_history,8,9,-0.018452160030050742,-0.018539945581930523,-0.01836437447817096
0.5,0.2,marked_history,9,10,-0.015314452282967576,-0.015390285948841205,-0.015238618617093946
0.5,0.2,marked_history,10,11,-0.012784489272325214,-0.012849533313248868,-0.01271944523140156
0.5,0.2,marked_history,11,12,-0.0107508750713378,-0.010806601072326278,-0.010695149070349323
0.5,0.2,marked_history,12,13,-0.009113286582238327,-0.009161140667709735,-0.00906543249676692
0.5,0.2,marked_history,13,14,-0.007788572466269055,-0.007829844118730266,-0.007747300813807844
0.5,0.2,marked_history,14,15,-0.006710362823052821,-0.006746149862184193,-0.00667457578392145
0.5,0.2,marked_history,15,16,-0.0058266228435752115,-0.005857838120205707,-0.005795407566944716
0.5,2.0,price_history_current_queue,1,2,-0.039708411221435605,-0.0397117726466724,-0.03970504979619881
0.5,2.0,price_history_current_queue,2,3,-0.035700191348304364,-0.03570199433452084,-0.035698388362087885
0.5,2.0,price_history_current_queue,3,4,-0.026283064124623355,-0.02628451781144184,-0.02628161043780487
0.5,2.0,price_history_current_queue,4,5,-0.01878362861544908,-0.018784720374608977,-0.018782536856289184
0.5,2.0,price_history_current_queue,5,6,-0.013573923561869287,-0.013574731110132344,-0.01357311601360623
0.5,2.0,price_history_current_queue,6,7,-0.010055705331616918,-0.010056310218689907,-0.010055100444543929
0.5,2.0,price_history_current_queue,7,8,-0.007660466850057988,-0.00766093008019031,-0.007660003619925666
0.5,2.0,price_history_current_queue,8,9,-0.0059934830579953125,-0.005993846384881196,-0.005993119731109429
0.5,2.0,price_history_current_queue,9,10,-0.004802172057814013,-0.004802463505105378,-0.004801880610522647
0.5,2.0,price_history_current_queue,10,11,-0.003927761721686825,-0.003928000228753302,-0.003927523214620348
0.5,2.0,price_history_current_queue,11,12,-0.003269724896077019,-0.003269923494070471,-0.003269526298083567
0.5,2.0,price_history_current_queue,12,13,-0.0027632454502071434,-0.0027634133043926033,-0.0027630775960216835
0.5,2.0,price_history_current_queue,13,14,-0.0023655704070968874,-0.0023657141117504675,-0.0023654267024433074
0.5,2.0,price_history_current_queue,14,15,-0.0020478115150121,-0.002047935919187562,-0.002047687110836638
0.5,2.0,price_history_current_queue,15,16,-0.0017899800231400693,-0.0017900887652246159,-0.0017898712810555228
0.5,2.0,queue_price_history,1,2,-0.039832153146381895,-0.03984864232491099,-0.0398156639678528
0.5,2.0,queue_price_history,2,3,-0.035850215042231834,-0.03585934470134433,-0.03584108538311934
0.5,2.0,queue_price_history,3,4,-0.026402493286222635,-0.02640835077267248,-0.02639663579977279
0.5,2.0,queue_price_history,4,5,-0.018871798964218117,-0.01887578555955939,-0.018867812368876843
0.5,2.0,queue_price_history,5,6,-0.01363858197114079,-0.013641409761663581,-0.013635754180617998
0.5,2.0,queue_price_history,6,7,-0.010103932492133443,-0.010106011332209081,-0.010101853652057805
0.5,2.0,queue_price_history,7,8,-0.007697323910266788,-0.007698902268999663,-0.007695745551533913
0.5,2.0,queue_price_history,8,9,-0.006022362848476549,-0.006023595871383667,-0.0060211298255694315
0.5,2.0,queue_price_history,9,10,-0.004825327606426262,-0.004826314858717601,-0.0048243403541349235
0.5,2.0,queue_price_history,10,11,-0.0039467070672611565,-0.003947514297249569,-0.003945899837272744
0.5,2.0,queue_price_history,11,12,-0.003285498572924237,-0.0032861704659165767,-0.0032848266799318975
0.5,2.0,queue_price_history,12,13,-0.002776576689629533,-0.0027771444689428542,-0.0027760089103162117
0.5,2.0,queue_price_history,13,14,-0.0023769834181727673,-0.002377469470405574,-0.0023764973659399606
0.5,2.0,queue_price_history,14,15,-0.0020576915920620066,-0.002058112348890213,-0.0020572708352338
0.5,2.0,queue_price_history,15,16,-0.0017986161938894753,-0.0017989839727340301,-0.0017982484150449204
0.5,2.0,marked_history,1,2,-0.039916469241271194,-0.03995449167368295,-0.039878446808859436
0.5,2.0,marked_history,2,3,-0.03592074415935753,-0.03594075157829814,-0.035900736740416925
0.5,2.0,marked_history,3,4,-0.02645301125691784,-0.02646493220295602,-0.02644109031087966
0.5,2.0,marked_history,4,5,-0.018907485694637433,-0.018915233870111788,-0.018899737519163077
0.5,2.0,marked_history,5,6,-0.013664240748239275,-0.013669603009184697,-0.013658878487293854
0.5,2.0,marked_history,6,7,-0.01012289721034023,-0.01012679082484276,-0.0101190035958377
0.5,2.0,marked_history,7,8,-0.007711755928768188,-0.00771469442826912,-0.007708817429267256
0.5,2.0,marked_history,8,9,-0.0060336487350013315,-0.006035937729978951,-0.006031359740023712
0.5,2.0,marked_history,9,10,-0.004834368136340463,-0.004836198409120659,-0.004832537863560266
0.5,2.0,marked_history,10,11,-0.003954100650287838,-0.003955596240401028,-0.003952605060174648
0.5,2.0,marked_history,11,12,-0.003291653171750781,-0.0032928976578225177,-0.0032904086856790442
0.5,2.0,marked_history,12,13,-0.002781777826613863,-0.0027828293338336947,-0.002780726319394031
0.5,2.0,marked_history,13,14,-0.0023814359835849243,-0.002382336081359626,-0.0023805358858102225
0.5,2.0,marked_history,14,15,-0.002061546042170469,-0.002062325201408554,-0.002060766882932384
0.5,2.0,marked_history,15,16,-0.0018019853392082876,-0.0018026663853750807,-0.0018013042930414946
1.0,0.02,price_history_current_queue,1,2,0.11064881311157396,0.1080714566923016,0.11322616953084631
1.0,0.02,price_history_current_queue,2,3,0.03785741833408222,0.03668222418711687,0.039032612481047564
1.0,0.02,price_history_current_queue,3,4,0.011073855817294795,0.010476561252064049,0.01167115038252554
1.0,0.02,price_history_current_queue,4,5,-0.0008994364182021639,-0.0012197083946233105,-0.0005791644417810171
1.0,0.02,price_history_current_queue,5,6,-0.007009664836575315,-0.007184955638715522,-0.006834374034435107
1.0,0.02,price_history_current_queue,6,7,-0.01038547394920783,-0.010486647926023909,-0.01028429997239175
1.0,0.02,price_history_current_queue,7,8,-0.012329465428538189,-0.012404852983240252,-0.012254077873836125
1.0,0.02,price_history_current_queue,8,9,-0.01345837303966188,-0.01353666235098763,-0.013380083728336132
1.0,0.02,price_history_current_queue,9,10,-0.01409376247342646,-0.014182731557046736,-0.014004793389806185
1.0,0.02,price_history_current_queue,10,11,-0.01441621892098309,-0.014515175034170548,-0.014317262807795631
1.0,0.02,price_history_current_queue,11,12,-0.014533270792803941,-0.01463986596740812,-0.014426675618199762
1.0,0.02,price_history_current_queue,12,13,-0.014512034273788277,-0.01462401338867287,-0.014400055158903684
1.0,0.02,price_history_current_queue,13,14,-0.014396045916610173,-0.014511569104129231,-0.014280522729091114
1.0,0.02,price_history_current_queue,14,15,-0.014214459821727789,-0.014332093278413291,-0.014096826365042286
1.0,0.02,price_history_current_queue,15,16,-0.01398732281592898,-0.014105965144230116,-0.013868680487627846
1.0,0.02,queue_price_history,1,2,0.11342310459468885,0.11061124909465189,0.11623496009472581
1.0,0.02,queue_price_history,2,3,0.03968348793879933,0.03832010287174687,0.041046873005851796
1.0,0.02,queue_price_history,3,4,0.012136462492804388,0.011409606436669783,0.012863318548938994
1.0,0.02,queue_price_history,4,5,-0.00028311555119561044,-0.0006890678227576626,0.00012283672036644176
1.0,0.02,queue_price_history,5,6,-0.0066545826650018305,-0.006887557178093602,-0.006421608151910059
1.0,0.02,queue_price_history,6,7,-0.010191464842349,-0.010331527631966968,-0.010051402052731032
1.0,0.02,queue_price_history,7,8,-0.012239746826010381,-0.012339214705274132,-0.01214027894674663
1.0,0.02,queue_price_history,8,9,-0.013438798210117682,-0.013531762747422463,-0.0133458336728129
1.0,0.02,queue_price_history,9,10,-0.014122709450032044,-0.014223155518116927,-0.01402226338194716
1.0,0.02,queue_price_history,10,11,-0.014479402792598288,-0.0145895438014417,-0.014369261783754876
1.0,0.02,queue_price_history,11,12,-0.014620920445871127,-0.014739311002548744,-0.01450252988919351
1.0,0.02,queue_price_history,12,13,-0.014617272508669163,-0.01474182525556363,-0.014492719761774697
1.0,0.02,queue_price_history,13,14,-0.01451391679877325,-0.014642719365450889,-0.014385114232095613
1.0,0.02,queue_price_history,14,15,-0.01434132144917049,-0.014472800747566187,-0.014209842150774792
1.0,0.02,queue_price_history,15,16,-0.014120455257641544,-0.014253364402758987,-0.013987546112524101
1.0,0.02,marked_history,1,2,0.11479522872403002,0.11152175036090686,0.11806870708715317
1.0,0.02,marked_history,2,3,0.04045136830629863,0.038941237969056276,0.04196149864354098
1.0,0.02,marked_history,3,4,0.012544793701704318,0.011777697256321168,0.013311890147087469
1.0,0.02,marked_history,4,5,-6.567705990496303e-05,-0.00047091623144854364,0.0003395621116386176
1.0,0.02,marked_history,5,6,-0.006544072525653567,-0.006758851593937595,-0.0063292934573695395
1.0,0.02,marked_history,6,7,-0.010145043210359965,-0.010264030830270898,-0.010026055590449032
1.0,0.02,marked_history,7,8,-0.012233889195617041,-0.012325854694626479,-0.012141923696607604
1.0,0.02,marked_history,8,9,-0.01345965048058359,-0.013562855034176993,-0.013356445926990188
1.0,0.02,marked_history,9,10,-0.014161632457461118,-0.01428282374205505,-0.014040441172867187
1.0,0.02,marked_history,10,11,-0.014530757975867212,-0.01466701111792385,-0.014394504833810573
1.0,0.02,marked_history,11,12,-0.014680890737215305,-0.014828190237828724,-0.014533591236601886
1.0,0.02,marked_history,12,13,-0.01468319653315154,-0.014838112877588277,-0.014528280188714802
1.0,0.02,marked_history,13,14,-0.014583893973346536,-0.014743751113398604,-0.014424036833294468
1.0,0.02,marked_history,14,15,-0.014413967832891249,-0.01457672670776304,-0.014251208958019457
1.0,0.02,marked_history,15,16,-0.01419474716404568,-0.01435886204632849,-0.014030632281762871
1.0,0.2,price_history_current_queue,1,2,-0.011696888355263273,-0.012725460908285777,-0.010668315802240768
1.0,0.2,price_history_current_queue,2,3,-0.06670185245716519,-0.06687901091721148,-0.0665246939971189
1.0,0.2,price_history_current_queue,3,4,-0.06737842036049323,-0.06753662849507316,-0.06722021222591329
1.0,0.2,price_history_current_queue,4,5,-0.0569824149734859,-0.057200632037524984,-0.05676419790944681
1.0,0.2,price_history_current_queue,5,6,-0.04608880319059981,-0.046300801887799954,-0.04587680449339967
1.0,0.2,price_history_current_queue,6,7,-0.03690814851260302,-0.037094314866175176,-0.03672198215903086
1.0,0.2,price_history_current_queue,7,8,-0.029616775699215975,-0.029774353297678,-0.02945919810075395
1.0,0.2,price_history_current_queue,8,9,-0.023931695422021764,-0.024063351252873965,-0.023800039591169563
1.0,0.2,price_history_current_queue,9,10,-0.019514657522441504,-0.019624394484268313,-0.019404920560614696
1.0,0.2,price_history_current_queue,10,11,-0.016072411004551732,-0.016164142326296878,-0.015980679682806587
1.0,0.2,price_history_current_queue,11,12,-0.013373037172344466,-0.013450147591790026,-0.013295926752898906
1.0,0.2,price_history_current_queue,12,13,-0.011239463997046787,-0.011304737270885601,-0.011174190723207973
1.0,0.2,price_history_current_queue,13,14,-0.009538352300615038,-0.009594026153763953,-0.009482678447466123
1.0,0.2,price_history_current_queue,14,15,-0.008169698562760262,-0.008217554118042314,-0.00812184300747821
1.0,0.2,price_history_current_queue,15,16,-0.007058424567615195,-0.007099875330285689,-0.007016973804944701
1.0,0.2,queue_price_history,1,2,-0.0029228764562355333,-0.004354208693476635,-0.0014915442189944318
1.0,0.2,queue_price_history,2,3,-0.06415773696581054,-0.0646041534861509,-0.06371132044547018
1.0,0.2,queue_price_history,3,4,-0.06817537792238301,-0.06835442950595133,-0.0679963263388147
1.0,0.2,queue_price_history,4,5,-0.05883789971491318,-0.059098976857099826,-0.05857682257272654
1.0,0.2,queue_price_history,5,6,-0.048080183329565505,-0.048351423020247655,-0.047808943638883356
1.0,0.2,queue_price_history,6,7,-0.03873058330718243,-0.03897697421595283,-0.03848419239841203
1.0,0.2,queue_price_history,7,8,-0.031193629921357723,-0.031406259629895614,-0.03098100021281983
1.0,0.2,queue_price_history,8,9,-0.025266623538147463,-0.025446421730555942,-0.025086825345738983
1.0,0.2,queue_price_history,9,10,-0.020636750079875532,-0.020787792837703527,-0.020485707322047537
1.0,0.2,queue_price_history,10,11,-0.01701565937195075,-0.017142586628971924,-0.016888732114929576
1.0,0.2,queue_price_history,11,12,-0.01416897695339847,-0.014276060953261746,-0.014061892953535193
1.0,0.2,queue_price_history,12,13,-0.011915005401731887,-0.01200588026734159,-0.011824130536122184
1.0,0.2,queue_price_history,13,14,-0.010115613843339592,-0.010193261888750282,-0.010037965797928901
1.0,0.2,queue_price_history,14,15,-0.008666543376271596,-0.008733371028560281,-0.008599715723982911
1.0,0.2,queue_price_history,15,16,-0.007489171248215531,-0.007547106409064909,-0.007431236087366152
1.0,0.2,marked_history,1,2,0.0004728743528461324,-0.0010812575090964806,0.0020270062147887454
1.0,0.2,marked_history,2,3,-0.06366957681020796,-0.064180768050768,-0.06315838556964792
1.0,0.2,marked_history,3,4,-0.06889097917818898,-0.06913126586411383,-0.06865069249226413
1.0,0.2,marked_history,4,5,-0.05985541571444866,-0.06016139953240724,-0.05954943189649008
1.0,0.2,marked_history,5,6,-0.04907270204121963,-0.04938184734333578,-0.04876355673910347
1.0,0.2,marked_history,6,7,-0.03960339908321981,-0.03988157965864188,-0.03932521850779774
1.0,0.2,marked_history,7,8,-0.03193295265434708,-0.0321719550593853,-0.03169395024930886
1.0,0.2,marked_history,8,9,-0.025884606356877143,-0.026086212232029313,-0.025683000481724973
1.0,0.2,marked_history,9,10,-0.02115200184351284,-0.021321114696897493,-0.020982888990128186
1.0,0.2,marked_history,10,11,-0.017446456734414265,-0.017588434783426275,-0.017304478685402254
1.0,0.2,marked_history,11,12,-0.014531161588137014,-0.014650868260559217,-0.01441145491571481
1.0,0.2,marked_history,12,13,-0.01222162185928012,-0.012323165366593641,-0.012120078351966598
1.0,0.2,marked_history,13,14,-0.01037715601151876,-0.010463894286798827,-0.010290417736238693
1.0,0.2,marked_history,14,15,-0.0088913682104143,-0.008966003978845382,-0.00881673244198322
1.0,0.2,marked_history,15,16,-0.0076839132683567,-0.007748608187702258,-0.0076192183490111426
1.0,2.0,price_history_current_queue,1,2,-0.07433583227338354,-0.07435395590633949,-0.0743177086404276
1.0,2.0,price_history_current_queue,2,3,-0.05060277052264833,-0.05062618949023909,-0.05057935155505758
1.0,2.0,price_history_current_queue,3,4,-0.029998781365784242,-0.030015125243764523,-0.02998243748780396
1.0,2.0,price_history_current_queue,4,5,-0.018614606495673314,-0.018625173131243275,-0.018604039860103352
1.0,2.0,price_history_current_queue,5,6,-0.012393155317577637,-0.01240027067644551,-0.012386039958709764
1.0,2.0,price_history_current_queue,6,7,-0.00877723829107973,-0.008782293605902644,-0.008772182976256815
1.0,2.0,price_history_current_queue,7,8,-0.006526747394203631,-0.0065305097988694865,-0.006522984989537775
1.0,2.0,price_history_current_queue,8,9,-0.005039849122718624,-0.00504275507566165,-0.005036943169775598
1.0,2.0,price_history_current_queue,9,10,-0.004008280984061769,-0.004010592284822003,-0.004005969683301535
1.0,2.0,price_history_current_queue,10,11,-0.003263838843283425,-0.0032657209063870454,-0.0032619567801798048
1.0,2.0,price_history_current_queue,11,12,-0.0027091254466015194,-0.002710687645963197,-0.002707563247239842
1.0,2.0,price_history_current_queue,12,13,-0.002284742851347925,-0.002286060334739691,-0.002283425367956159
1.0,2.0,price_history_current_queue,13,14,-0.0019528338401219622,-0.001953959930474153,-0.0019517077497697712
1.0,2.0,price_history_current_queue,14,15,-0.0016883522503063125,-0.0016893258289481065,-0.0016873786716645185
1.0,2.0,price_history_current_queue,15,16,-0.001474192858831881,-0.0014750429437044433,-0.0014733427739593188
1.0,2.0,queue_price_history,1,2,-0.07539043737356527,-0.0754904146315746,-0.07529046011555593
1.0,2.0,queue_price_history,2,3,-0.051977367616391074,-0.05203506708983127,-0.051919668142950876
1.0,2.0,queue_price_history,3,4,-0.030928331984563212,-0.03096506711990858,-0.030891596849217846
1.0,2.0,queue_price_history,4,5,-0.019212090130748406,-0.019235448221156186,-0.019188732040340627
1.0,2.0,queue_price_history,5,6,-0.012794877270957263,-0.0128105405774349,-0.012779213964479626
1.0,2.0,queue_price_history,6,7,-0.009062533389878592,-0.00907364922843299,-0.009051417551324195
1.0,2.0,queue_price_history,7,8,-0.00673905298390625,-0.006747323354817283,-0.0067307826129952165
1.0,2.0,queue_price_history,8,9,-0.00520382159053305,-0.005210208808583926,-0.005197434372482174
1.0,2.0,queue_price_history,9,10,-0.0041386982836440385,-0.004143778356705756,-0.004133618210582321
1.0,2.0,queue_price_history,10,11,-0.003370035775583555,-0.0033741723908863232,-0.0033658991602807864
1.0,2.0,queue_price_history,11,12,-0.002797273758427238,-0.0028007073350832003,-0.0027938401817712757
1.0,2.0,queue_price_history,12,13,-0.002359082863651419,-0.002361978575012345,-0.0023561871522904928
1.0,2.0,queue_price_history,13,14,-0.002016374350771481,-0.0020188493969983995,-0.0020138993045445623
1.0,2.0,queue_price_history,14,15,-0.0017432871703533317,-0.0017454270093790764,-0.001741147331327587
1.0,2.0,queue_price_history,15,16,-0.0015221595483104371,-0.0015240279590331067,-0.0015202911375877676
1.0,2.0,marked_history,1,2,-0.07594629873642207,-0.07610289583816751,-0.07578970163467663
1.0,2.0,marked_history,2,3,-0.05242702655236739,-0.05251542143162701,-0.05233863167310777
1.0,2.0,marked_history,3,4,-0.031207366846864558,-0.03126081670883788,-0.03115391698489123
1.0,2.0,marked_history,4,5,-0.019387553276570976,-0.019421058216023232,-0.01935404833711872
1.0,2.0,marked_history,5,6,-0.012912140452134256,-0.012934519005419736,-0.012889761898848776
1.0,2.0,marked_history,6,7,-0.009145671477756618,-0.009161535383914768,-0.009129807571598468
1.0,2.0,marked_history,7,8,-0.006800892533907062,-0.006812691953596433,-0.006789093114217691
1.0,2.0,marked_history,8,9,-0.005251576883529575,-0.005260688839992655,-0.005242464927066495
1.0,2.0,marked_history,9,10,-0.004176679714172519,-0.004183926748591242,-0.004169432679753796
1.0,2.0,marked_history,10,11,-0.0034009632375181947,-0.00340686433778415,-0.0033950621372522394
1.0,2.0,marked_history,11,12,-0.0028229449080796874,-0.00282784307921786,-0.0028180467369415146
1.0,2.0,marked_history,12,13,-0.0023807326538568497,-0.0023848635312877465,-0.002376601776425953
1.0,2.0,marked_history,13,14,-0.0020348790358676247,-0.0020384098130445034,-0.002031348258690746
1.0,2.0,marked_history,14,15,-0.001759285678184619,-0.0017623382654539715,-0.0017562330909152663
1.0,2.0,marked_history,15,16,-0.0015361287221828317,-0.00153879410340113,-0.0015334633409645334
