beta,kappa,arm,metric,best_grid_horizon,maximum_r2
0.0,0.02,full_state_oracle,population_r2,1.0,0.1836824271709527
0.0,0.02,current_queue,population_r2,1.0,0.1836824271709526
0.0,0.02,price_history_current_queue,conditional_r2,1.0,0.1836824271709526
0.0,0.02,price_history_current_queue,direct_risk_r2,1.0,0.1836824271709527
0.0,0.02,queue_price_history,conditional_r2,1.0,0.1836824271709526
0.0,0.02,queue_price_history,direct_risk_r2,1.0,0.1836824271709527
0.0,0.02,marked_history,conditional_r2,1.0,0.1836824271709526
0.0,0.02,marked_history,direct_risk_r2,1.0,0.1836824271709527
0.0,0.2,full_state_oracle,population_r2,1.0,0.1836824271709526
0.0,0.2,current_queue,population_r2,1.0,0.1836824271709526
0.0,0.2,price_history_current_queue,conditional_r2,1.0,0.1836824271709526
0.0,0.2,price_history_current_queue,direct_risk_r2,1.0,0.1836824271709526
0.0,0.2,queue_price_history,conditional_r2,1.0,0.1836824271709526
0.0,0.2,queue_price_history,direct_risk_r2,1.0,0.1836824271709526
0.0,0.2,marked_history,conditional_r2,1.0,0.1836824271709526
0.0,0.2,marked_history,direct_risk_r2,1.0,0.1836824271709526
0.0,2.0,full_state_oracle,population_r2,1.0,0.1836824271709525
0.0,2.0,current_queue,population_r2,1.0,0.1836824271709525
0.0,2.0,price_history_current_queue,conditional_r2,1.0,0.1836824271709525
0.0,2.0,price_history_current_queue,direct_risk_r2,1.0,0.1836824271709525
0.0,2.0,queue_price_history,conditional_r2,1.0,0.1836824271709525
0.0,2.0,queue_price_history,direct_risk_r2,1.0,0.1836824271709525
0.0,2.0,marked_history,conditional_r2,1.0,0.1836824271709525
0.0,2.0,marked_history,direct_risk_r2,1.0,0.1836824271709525
0.5,0.02,full_state_oracle,population_r2,8.0,0.6757116653423614
0.5,0.02,current_queue,population_r2,5.0,0.4653945756252414
0.5,0.02,price_history_current_queue,conditional_r2,7.0,0.5995913325929618
0.5,0.02,price_history_current_queue,direct_risk_r2,7.0,0.6008307295595976
0.5,0.02,queue_price_history,conditional_r2,7.0,0.6102193628732029
0.5,0.02,queue_price_history,direct_risk_r2,7.0,0.6122283470177918
0.5,0.02,marked_history,conditional_r2,7.0,0.6181508785507366
0.5,0.02,marked_history,direct_risk_r2,7.0,0.6197990557575445
0.5,0.2,full_state_oracle,population_r2,2.0,0.4146549533508565
0.5,0.2,current_queue,population_r2,1.0,0.3335948747311288
0.5,0.2,price_history_current_queue,conditional_r2,1.0,0.3392626493528846
0.5,0.2,price_history_current_queue,direct_risk_r2,1.0,0.342137190154172
0.5,0.2,queue_price_history,conditional_r2,2.0,0.3447643547370835
0.5,0.2,queue_price_history,direct_risk_r2,2.0,0.3472327099962141
0.5,0.2,marked_history,conditional_r2,2.0,0.350158800306514
0.5,0.2,marked_history,direct_risk_r2,2.0,0.3528159328366947
0.5,2.0,full_state_oracle,population_r2,1.0,0.2212349639621439
0.5,2.0,current_queue,population_r2,1.0,0.2052793097925939
0.5,2.0,price_history_current_queue,conditional_r2,1.0,0.2053616087812992
0.5,2.0,price_history_current_queue,direct_risk_r2,1.0,0.2052629785198179
0.5,2.0,queue_price_history,conditional_r2,1.0,0.2062512457855504
0.5,2.0,queue_price_history,direct_risk_r2,1.0,0.2058918879139814
0.5,2.0,marked_history,conditional_r2,1.0,0.2066522388595562
0.5,2.0,marked_history,direct_risk_r2,1.0,0.2062367546289799
1.0,0.02,full_state_oracle,population_r2,5.0,0.8126342137011772
1.0,0.02,current_queue,population_r2,4.0,0.6747723746883286
1.0,0.02,price_history_current_queue,conditional_r2,4.0,0.7796689676137734
1.0,0.02,price_history_current_queue,direct_risk_r2,4.0,0.7763720368593878
1.0,0.02,queue_price_history,conditional_r2,4.0,0.7873007338417977
1.0,0.02,queue_price_history,direct_risk_r2,4.0,0.7856197796252096
1.0,0.02,marked_history,conditional_r2,4.0,0.7914845450056144
1.0,0.02,marked_history,direct_risk_r2,4.0,0.789716615577585
1.0,0.2,full_state_oracle,population_r2,2.0,0.5883252153283763
1.0,0.2,current_queue,population_r2,1.0,0.4967318727146431
1.0,0.2,price_history_current_queue,conditional_r2,1.0,0.5159245927200653
1.0,0.2,price_history_current_queue,direct_risk_r2,1.0,0.5145875877347539
1.0,0.2,queue_price_history,conditional_r2,1.0,0.5246604791278903
1.0,0.2,queue_price_history,direct_risk_r2,1.0,0.5255345039411464
1.0,0.2,marked_history,conditional_r2,2.0,0.5310436703674368
1.0,0.2,marked_history,direct_risk_r2,2.0,0.5312460702488153
1.0,2.0,full_state_oracle,population_r2,1.0,0.2840741407916198
1.0,2.0,current_queue,population_r2,1.0,0.244321303177296
1.0,2.0,price_history_current_queue,conditional_r2,1.0,0.2454401165644228
1.0,2.0,price_history_current_queue,direct_risk_r2,1.0,0.24468577667066
1.0,2.0,queue_price_history,conditional_r2,1.0,0.2517335287086804
1.0,2.0,queue_price_history,direct_risk_r2,1.0,0.251385194649494
1.0,2.0,marked_history,conditional_r2,1.0,0.2538745315552538
1.0,2.0,marked_history,direct_risk_r2,1.0,0.2534323608422607
