beta,kappa,horizon,variance,oracle_r2,current_queue_r2,hidden_oracle_gap,queue_entropy_bits,mean_queue,cap_side_fraction,price_move_rate,predictable_variance,unpredictable_variance,hidden_correlation_time,mean_price_move_interval
0.0,0.02,1.0,0.1256555338168193,0.1836824271709527,0.1836824271709526,5.551115123125783e-17,1.0,4.413430293342829,0.0601489635436641,0.1256555338168194,0.023080713438935096,0.1025748203778842,25.0,7.958264706891458
0.0,0.02,2.0,0.2513110676336385,0.1550791569215212,0.1550791569215213,-5.551115123125783e-17,1.0,4.413430293342829,0.0601489635436641,0.1256555338168194,0.03897310849367205,0.21233795913996642,25.0,7.958264706891458
0.0,0.02,3.0,0.376966601450458,0.1268287602017201,0.1268287602017201,-5.551115123125783e-17,1.0,4.413430293342829,0.0601489635436641,0.1256555338168194,0.04781020669941753,0.32915639475104047,25.0,7.958264706891458
0.0,0.02,4.0,0.5026221352672771,0.1044634406570509,0.104463440657051,-2.775557561562892e-17,1.0,4.413430293342829,0.0601489635436641,0.1256555338168194,0.05250563760041341,0.4501164976668636,25.0,7.958264706891458
0.0,0.02,5.0,0.6282776690840954,0.087415198441013,0.087415198441013,0.0,1.0,4.413430293342829,0.0601489635436641,0.1256555338168194,0.054921017119043306,0.5733566519650521,25.0,7.958264706891458
0.0,0.02,6.0,0.7539332029009164,0.0744627846170887,0.0744627846170887,0.0,1.0,4.413430293342829,0.0601489635436641,0.1256555338168194,0.05613996570328277,0.6977932371976336,25.0,7.958264706891458
0.0,0.02,7.0,0.879588736717733,0.064517351695711,0.0645173516957109,2.775557561562892e-17,1.0,4.413430293342829,0.0601489635436641,0.1256555338168194,0.05674873587440413,0.8228400008433288,25.0,7.958264706891458
0.0,0.02,8.0,1.0052442705345563,0.0567534721687297,0.0567534721687297,0.0,1.0,4.413430293342829,0.0601489635436641,0.1256555338168194,0.05705110273055793,0.9481931678039984,25.0,7.958264706891458
0.0,0.02,9.0,1.1308998043513747,0.0505799517049617,0.0505799517049618,-1.3877787807814457e-17,1.0,4.413430293342829,0.0601489635436641,0.1256555338168194,0.05720085748724316,1.0736989468641316,25.0,7.958264706891458
0.0,0.02,10.0,1.2565553381681989,0.0455808971561159,0.0455808971561159,-6.938893903907228e-18,1.0,4.413430293342829,0.0601489635436641,0.1256555338168194,0.057274919640013106,1.1992804185281858,25.0,7.958264706891458
0.0,0.02,11.0,1.3822108719850004,0.041463659244922,0.041463659244922,-6.938893903907228e-18,1.0,4.413430293342829,0.0601489635436641,0.1256555338168194,0.05731152060061256,1.3248993513843879,25.0,7.958264706891458
0.0,0.02,12.0,1.5078664058018345,0.038020345570061,0.038020345570061,-1.3877787807814457e-17,1.0,4.413430293342829,0.0601489635436641,0.1256555338168194,0.057329601822071585,1.450536803979763,25.0,7.958264706891458
0.0,0.02,13.0,1.6335219396186518,0.0351011707089219,0.0351011707089219,-1.3877787807814457e-17,1.0,4.413430293342829,0.0601489635436641,0.1256555338168194,0.05733853245932351,1.5761834071593281,25.0,7.958264706891458
0.0,0.02,14.0,1.7591774734354626,0.0325964514196956,0.0325964514196956,0.0,1.0,4.413430293342829,0.0601489635436641,0.1256555338168194,0.05734294305146191,1.7018345303840008,25.0,7.958264706891458
0.0,0.02,15.0,1.8848330072522896,0.0304245102874042,0.0304245102874042,6.938893903907228e-18,1.0,4.413430293342829,0.0601489635436641,0.1256555338168194,0.05734512121918628,1.8274878860331034,25.0,7.958264706891458
0.0,0.02,16.0,2.010488541069112,0.0285235134195753,0.0285235134195753,3.469446951953614e-18,1.0,4.413430293342829,0.0601489635436641,0.1256555338168194,0.05734619688108717,1.9531423441880247,25.0,7.958264706891458
0.0,0.2,1.0,0.1256555338168193,0.1836824271709526,0.1836824271709526,2.775557561562892e-17,1.0,4.413430293342831,0.0601489635436641,0.1256555338168193,0.023080713438935082,0.10257482037788421,2.5,7.958264706891465
0.0,0.2,2.0,0.2513110676336383,0.1550791569215212,0.1550791569215212,-5.551115123125783e-17,1.0,4.413430293342831,0.0601489635436641,0.1256555338168193,0.03897310849367202,0.21233795913996628,2.5,7.958264706891465
0.0,0.2,3.0,0.3769666014504577,0.12682876020172,0.12682876020172,0.0,1.0,4.413430293342831,0.0601489635436641,0.1256555338168193,0.04781020669941745,0.32915639475104025,2.5,7.958264706891465
0.0,0.2,4.0,0.5026221352672762,0.1044634406570508,0.1044634406570508,-4.163336342344337e-17,1.0,4.413430293342831,0.0601489635436641,0.1256555338168193,0.05250563760041326,0.4501164976668629,2.5,7.958264706891465
0.0,0.2,5.0,0.6282776690840934,0.087415198441013,0.087415198441013,-2.775557561562892e-17,1.0,4.413430293342831,0.0601489635436641,0.1256555338168193,0.054921017119043125,0.5733566519650504,2.5,7.958264706891465
0.0,0.2,6.0,0.7539332029009151,0.0744627846170886,0.0744627846170886,-2.775557561562892e-17,1.0,4.413430293342831,0.0601489635436641,0.1256555338168193,0.056139965703282606,0.6977932371976325,2.5,7.958264706891465
0.0,0.2,7.0,0.879588736717735,0.064517351695711,0.064517351695711,0.0,1.0,4.413430293342831,0.0601489635436641,0.1256555338168193,0.05674873587440426,0.8228400008433306,2.5,7.958264706891465
0.0,0.2,8.0,1.0052442705345563,0.0567534721687297,0.0567534721687297,-1.3877787807814457e-17,1.0,4.413430293342831,0.0601489635436641,0.1256555338168193,0.05705110273055793,0.9481931678039984,2.5,7.958264706891465
0.0,0.2,9.0,1.1308998043513654,0.0505799517049613,0.0505799517049613,0.0,1.0,4.413430293342831,0.0601489635436641,0.1256555338168193,0.05720085748724225,1.0736989468641231,2.5,7.958264706891465
0.0,0.2,10.0,1.2565553381681909,0.0455808971561161,0.0455808971561161,-6.938893903907228e-18,1.0,4.413430293342831,0.0601489635436641,0.1256555338168193,0.057274919640012995,1.1992804185281778,2.5,7.958264706891465
0.0,0.2,11.0,1.38221087198502,0.0414636592449223,0.0414636592449223,0.0,1.0,4.413430293342831,0.0601489635436641,0.1256555338168193,0.05731152060061378,1.324899351384406,2.5,7.958264706891465
0.0,0.2,12.0,1.5078664058018307,0.038020345570061,0.038020345570061,6.938893903907228e-18,1.0,4.413430293342831,0.0601489635436641,0.1256555338168193,0.05732960182207144,1.4505368039797593,2.5,7.958264706891465
0.0,0.2,13.0,1.6335219396186336,0.0351011707089215,0.0351011707089215,6.938893903907228e-18,1.0,4.413430293342831,0.0601489635436641,0.1256555338168193,0.05733853245932222,1.5761834071593113,2.5,7.958264706891465
0.0,0.2,14.0,1.759177473435472,0.0325964514196955,0.0325964514196955,1.3877787807814457e-17,1.0,4.413430293342831,0.0601489635436641,0.1256555338168193,0.05734294305146203,1.70183453038401,2.5,7.958264706891465
0.0,0.2,15.0,1.8848330072522943,0.0304245102874042,0.0304245102874042,0.0,1.0,4.413430293342831,0.0601489635436641,0.1256555338168193,0.057345121219186425,1.8274878860331079,2.5,7.958264706891465
0.0,0.2,16.0,2.010488541069107,0.0285235134195751,0.0285235134195751,6.938893903907228e-18,1.0,4.413430293342831,0.0601489635436641,0.1256555338168193,0.057346196881086636,1.9531423441880202,2.5,7.958264706891465
0.0,2.0,1.0,0.1256555338168189,0.1836824271709525,0.1836824271709525,0.0,0.9999999999999996,4.413430293342835,0.0601489635436646,0.125655533816819,0.023080713438935,0.1025748203778839,0.25,7.958264706891485
0.0,2.0,2.0,0.2513110676336379,0.155079156921521,0.155079156921521,0.0,0.9999999999999996,4.413430293342835,0.0601489635436646,0.125655533816819,0.03897310849367191,0.212337959139966,0.25,7.958264706891485
0.0,2.0,3.0,0.3769666014504577,0.1268287602017202,0.1268287602017203,-1.1102230246251563e-16,0.9999999999999996,4.413430293342835,0.0601489635436646,0.125655533816819,0.04781020669941753,0.32915639475104014,0.25,7.958264706891485
0.0,2.0,4.0,0.5026221352672745,0.1044634406570504,0.1044634406570504,-1.3877787807814457e-17,0.9999999999999996,4.413430293342835,0.0601489635436646,0.125655533816819,0.052505637600412894,0.4501164976668616,0.25,7.958264706891485
0.0,2.0,5.0,0.6282776690840939,0.0874151984410132,0.0874151984410132,1.3877787807814457e-17,0.9999999999999996,4.413430293342835,0.0601489635436646,0.125655533816819,0.05492101711904329,0.5733566519650506,0.25,7.958264706891485
0.0,2.0,6.0,0.7539332029009159,0.0744627846170887,0.0744627846170887,-1.3877787807814457e-17,0.9999999999999996,4.413430293342835,0.0601489635436646,0.125655533816819,0.05613996570328274,0.6977932371976332,0.25,7.958264706891485
0.0,2.0,7.0,0.8795887367177384,0.0645173516957112,0.0645173516957112,2.775557561562892e-17,0.9999999999999996,4.413430293342835,0.0601489635436646,0.125655533816819,0.05674873587440465,0.8228400008433338,0.25,7.958264706891485
0.0,2.0,8.0,1.005244270534562,0.0567534721687303,0.0567534721687303,-6.938893903907228e-18,0.9999999999999996,4.413430293342835,0.0601489635436646,0.125655533816819,0.05705110273055885,0.9481931678040031,0.25,7.958264706891485
0.0,2.0,9.0,1.130899804351369,0.0505799517049618,0.0505799517049618,-1.3877787807814457e-17,0.9999999999999996,4.413430293342835,0.0601489635436646,0.125655533816819,0.05720085748724299,1.073698946864126,0.25,7.958264706891485
0.0,2.0,10.0,1.256555338168187,0.0455808971561158,0.0455808971561158,-2.0816681711721685e-17,0.9999999999999996,4.413430293342835,0.0601489635436646,0.125655533816819,0.05727491964001245,1.1992804185281747,0.25,7.958264706891485
0.0,2.0,11.0,1.3822108719850124,0.0414636592449222,0.0414636592449222,0.0,0.9999999999999996,4.413430293342835,0.0601489635436646,0.125655533816819,0.057311520600613335,1.324899351384399,0.25,7.958264706891485
0.0,2.0,12.0,1.5078664058018194,0.0380203455700605,0.0380203455700605,0.0,0.9999999999999996,4.413430293342835,0.0601489635436646,0.125655533816819,0.05732960182207026,1.450536803979749,0.25,7.958264706891485
0.0,2.0,13.0,1.6335219396186522,0.0351011707089219,0.0351011707089219,-1.3877787807814457e-17,0.9999999999999996,4.413430293342835,0.0601489635436646,0.125655533816819,0.05733853245932353,1.5761834071593286,0.25,7.958264706891485
0.0,2.0,14.0,1.7591774734354872,0.0325964514196958,0.0325964514196958,6.938893903907228e-18,0.9999999999999996,4.413430293342835,0.0601489635436646,0.125655533816819,0.057342943051463056,1.701834530384024,0.25,7.958264706891485
0.0,2.0,15.0,1.884833007252276,0.0304245102874043,0.0304245102874043,-3.469446951953614e-18,0.9999999999999996,4.413430293342835,0.0601489635436646,0.125655533816819,0.05734512121918606,1.8274878860330899,0.25,7.958264706891485
0.0,2.0,16.0,2.010488541069104,0.0285235134195753,0.0285235134195753,-6.938893903907228e-18,0.9999999999999996,4.413430293342835,0.0601489635436646,0.125655533816819,0.05734619688108695,1.953142344188017,0.25,7.958264706891485
0.5,0.02,1.0,0.3148961665334446,0.428109220500607,0.3945125393923704,0.0335966811082365,0.4835972878115017,4.396578318604373,0.1021410110604839,0.2978195127259736,0.1348099523932623,0.1800862141401823,25.0,3.357738352490385
0.5,0.02,2.0,0.7435330100729578,0.5294361650539218,0.4426599859348415,0.0867761791190802,0.4835972878115017,4.396578318604373,0.1021410110604839,0.2978195127259736,0.3936532654440258,0.349879744628932,25.0,3.357738352490385
0.5,0.02,3.0,1.325876853114428,0.5920459486482832,0.4598149928669738,0.1322309557813094,0.4835972878115017,4.396578318604373,0.1021410110604839,0.2978195127259736,0.7849800192929319,0.5408968338214961,25.0,3.357738352490385
0.5,0.02,4.0,2.0606492819756763,0.6310577902987335,0.4653912389020296,0.1656665513967039,0.4835972878115017,4.396578318604373,0.1021410110604839,0.2978195127259736,1.3003887824642422,0.7602604995114342,25.0,3.357738352490385
0.5,0.02,5.0,2.942633587650345,0.6546922984770173,0.4653945756252414,0.1892977228517758,0.4835972878115017,4.396578318604373,0.1021410110604839,0.2978195127259736,1.9265195470744758,1.0161140405758693,25.0,3.357738352490385
0.5,0.02,6.0,3.9662993706575023,0.6680361591256211,0.4623019197289077,0.2057342393967133,0.4835972878115017,4.396578318604373,0.1021410110604839,0.2978195127259736,2.649631397516406,1.3166679731410964,25.0,3.357738352490385
0.5,0.02,7.0,5.126178622175136,0.6743346855556588,0.4573226511442138,0.2170120344114449,0.4835972878115017,4.396578318604373,0.1021410110604839,0.2978195127259736,3.4567600492866104,1.6694185728885254,25.0,3.357738352490385
0.5,0.02,8.0,6.416961874534831,0.6757116653423614,0.4511341849214135,0.2245774804209478,0.4835972878115017,4.396578318604373,0.1021410110604839,0.2978195127259736,4.336015994680372,2.0809458798544593,25.0,3.357738352490385
0.5,0.02,9.0,7.833527518559817,0.6735919835379117,0.4441552228961477,0.229436760641764,0.4835972878115017,4.396578318604373,0.1021410110604839,0.2978195127259736,5.276601339325523,2.5569261792342943,25.0,3.357738352490385
0.5,0.02,10.0,9.370947477672887,0.6689554551410033,0.4366617535899324,0.2322937015510708,0.4835972878115017,4.396578318604373,0.1021410110604839,0.2978195127259736,6.268746435029103,3.102201042643784,25.0,3.357738352490385
0.5,0.02,11.0,11.024484337857023,0.6624917258088131,0.4288433869706854,0.2336483388381276,0.4835972878115017,4.396578318604373,0.1021410110604839,0.2978195127259736,7.3036296551391295,3.720854682717894,25.0,3.357738352490385
0.5,0.02,12.0,12.789585549597518,0.6546965929038988,0.4208340369024294,0.2338625560014693,0.4835972878115017,4.396578318604373,0.1021410110604839,0.2978195127259736,8.373298083974433,4.416287465623085,25.0,3.357738352490385
0.5,0.02,13.0,14.661876766152496,0.6459332282499414,0.4127301211895698,0.2332031070603715,0.4835972878115017,4.396578318604373,0.1021410110604839,0.2978195127259736,9.470593391763693,5.191283374388803,25.0,3.357738352490385
0.5,0.02,14.0,16.63715505833312,0.6364720094756069,0.4046020198560436,0.2318699896195633,0.4835972878115017,4.396578318604373,0.1021410110604839,0.2978195127259736,10.58908351193454,6.048071546398582,25.0,3.357738352490385
0.5,0.02,15.0,18.7113822618269,0.6265170416331184,0.3965015968736064,0.2300154447595119,0.4835972878115017,4.396578318604373,0.1021410110604839,0.2978195127259736,11.722999859546196,6.988382402280703,25.0,3.357738352490385
0.5,0.02,16.0,20.88067853971265,0.6162242116154009,0.3884672927211263,0.2277569188942745,0.4835972878115017,4.396578318604373,0.1021410110604839,0.2978195127259736,12.867179671129048,8.013498868583603,25.0,3.357738352490385
0.5,0.2,1.0,0.2639455706648408,0.3800095265471673,0.3335948747311288,0.0464146518160384,0.7138372957484849,4.445434953062094,0.0955949423027783,0.2521970980038798,0.10030183134256805,0.16364373932227277,2.5,3.965152683813261
0.5,0.2,2.0,0.596685769402478,0.4146549533508565,0.3239018774903627,0.0907530758604938,0.7138372957484849,4.445434953062094,0.0955949423027783,0.2521970980038798,0.24741870987670442,0.3492670595257735,2.5,3.965152683813261
0.5,0.2,3.0,1.0040504893178082,0.4004271568469906,0.286749552266953,0.1136776045800376,0.7138372957484849,4.445434953062094,0.0955949423027783,0.2521970980038798,0.4020490827683596,0.6020014065494486,2.5,3.965152683813261
0.5,0.2,4.0,1.467236007324298,0.3659270929029096,0.2470387690311893,0.1188883238717203,0.7138372957484849,4.445434953062094,0.0955949423027783,0.2521970980038798,0.5369014067626525,0.9303346005616455,2.5,3.965152683813261
0.5,0.2,5.0,1.969806195242212,0.3262042439153977,0.211854599489785,0.1143496444256127,0.7138372957484849,4.445434953062094,0.0955949423027783,0.2521970980038798,0.642559140578852,1.32724705466336,2.5,3.965152683813261
0.5,0.2,6.0,2.499502037669149,0.2882106409123458,0.1825312479129676,0.1056793929993781,0.7138372957484849,4.445434953062094,0.0955949423027783,0.2521970980038798,0.7203830842383396,1.7791189534308094,2.5,3.965152683813261
0.5,0.2,7.0,3.047629960693647,0.2545144254030079,0.1585819282518083,0.0959324971511996,0.7138372957484849,4.445434953062094,0.0955949423027783,0.2521970980038798,0.7756657882869351,2.271964172406712,2.5,3.965152683813261
0.5,0.2,8.0,3.608193206462962,0.2256243529638968,0.1390940587627597,0.0865302942011371,0.7138372957484849,4.445434953062094,0.0955949423027783,0.2521970980038798,0.8140962575769338,2.7940969488860277,2.5,3.965152683813261
0.5,0.2,9.0,4.177116207869454,0.2012063667421429,0.1231786540924792,0.0780277126496636,0.7138372957484849,4.445434953062094,0.0955949423027783,0.2521970980038798,0.8404623756451306,3.3366538322243233,2.5,3.965152683813261
0.5,0.2,10.0,4.751649772845702,0.1806538965892138,0.1100888596471569,0.0705650369420569,0.7138372957484849,4.445434953062094,0.0955949423027783,0.2521970980038798,0.8584040466918286,3.893245726153873,2.5,3.965152683813261
0.5,0.2,11.0,5.329946037788798,0.1633318298416634,0.0992300282732905,0.0641018015683729,0.7138372957484849,4.445434953062094,0.0955949423027783,0.2521970980038798,0.870549839309368,4.45939619847943,2.5,3.965152683813261
0.5,0.2,12.0,5.910764966740166,0.1486685040477067,0.090138638433285,0.0585298656144216,0.7138372957484849,4.445434953062094,0.0955949423027783,0.2521970980038798,0.8787445853828533,5.032020381357312,2.5,3.965152683813261
0.5,0.2,13.0,6.493274987640284,0.1361811251043243,0.0824559689955841,0.0537251561087401,0.7138372957484849,4.445434953062094,0.0955949423027783,0.2521970980038798,0.8842614934286214,5.609013494211662,2.5,3.965152683813261
0.5,0.2,14.0,7.0769185994514645,0.125474138440077,0.0759044936522808,0.0495696447877961,0.7138372957484849,4.445434953062094,0.0955949423027783,0.2521970980038798,0.8879702640767289,6.188948335374735,2.5,3.965152683813261
0.5,0.2,15.0,7.6613220817307965,0.1162281276750733,0.0702687861853595,0.0459593414897138,0.7138372957484849,4.445434953062094,0.0955949423027783,0.2521970980038798,0.8904611210752654,6.770860960655531,2.5,3.965152683813261
0.5,0.2,16.0,8.246234919876951,0.1081867003212499,0.0653807228332966,0.0428059774879532,0.7138372957484849,4.445434953062094,0.0955949423027783,0.2521970980038798,0.8921329460553539,7.354101973821598,2.5,3.965152683813261
0.5,2.0,1.0,0.1577374917113104,0.2212349639621439,0.2052793097925939,0.01595565416955,0.9720156252802096,4.562276406215975,0.0816596724456617,0.1558794228882632,0.03489704829423073,0.12284044341707967,0.25,6.415214923632451
0.5,2.0,2.0,0.3214552603735479,0.1783030056411974,0.1655548828574295,0.0127481227837678,0.9720156252802096,4.562276406215975,0.0816596724456617,0.1558794228882632,0.05731643910377728,0.2641388212697706,0.25,6.415214923632451
0.5,2.0,3.0,0.4883034390038885,0.1398503307885642,0.1298675776019365,0.0099827531866276,0.9720156252802096,4.562276406215975,0.0816596724456617,0.1558794228882632,0.0682893974698873,0.4200140415340012,0.25,6.415214923632451
0.5,2.0,4.0,0.6564113005433542,0.1115617549545689,0.103599386577492,0.0079623683770768,0.9720156252802096,4.562276406215975,0.0816596724456617,0.1558794228882632,0.07323039666062756,0.5831809038827266,0.25,6.415214923632451
0.5,2.0,5.0,0.825037233062456,0.0913477677192506,0.0848277652795789,0.0065200024396717,0.9720156252802096,4.562276406215975,0.0816596724456617,0.1558794228882632,0.07536530952552245,0.7496719235369336,0.25,6.415214923632451
0.5,2.0,6.0,0.9938787539667766,0.0767405698355804,0.0712629375630688,0.0054776322725115,0.9720156252802096,4.562276406215975,0.0816596724456617,0.1558794228882632,0.07627082192688706,0.9176079320398896,0.25,6.415214923632451
0.5,2.0,7.0,1.1628103073077534,0.0659194438204684,0.0612141106600838,0.0047053331603846,0.9720156252802096,4.562276406215975,0.0816596724456617,0.1558794228882632,0.07665180872643504,1.0861584985813182,0.25,6.415214923632451
0.5,2.0,8.0,1.3317794979191289,0.0576758783897945,0.0535589333407356,0.0041169450490588,0.9720156252802096,4.562276406215975,0.0816596724456617,0.1558794228882632,0.07681155236400526,1.2549679455551237,0.25,6.415214923632451
0.5,2.0,9.0,1.500764427175694,0.0512261825163165,0.0475696068523631,0.0036565756639533,0.9720156252802096,4.562276406215975,0.0816596724456617,0.1558794228882632,0.07687843246049728,1.4238859947151967,0.25,6.415214923632451
0.5,2.0,10.0,1.6697559383857932,0.0460584771518361,0.0427707719181103,0.0032877052337257,0.9720156252802096,4.562276406215975,0.0816596724456617,0.1558794228882632,0.0769064157372847,1.5928495226485084,0.25,6.415214923632451
0.5,2.0,11.0,1.8387502022620563,0.0418317403966597,0.0388457422275013,0.0029859981691584,0.9720156252802096,4.562276406215975,0.0816596724456617,0.1558794228882632,0.07691812111533185,1.7618320811467245,0.25,6.415214923632451
0.5,2.0,12.0,2.007745617351161,0.0383131290406918,0.0355782926280822,0.0027348364126095,0.9720156252802096,4.562276406215975,0.0816596724456617,0.1558794228882632,0.07692301691845846,1.9308226004327027,0.25,6.415214923632451
0.5,2.0,13.0,2.176741513898537,0.0353395495115373,0.0328169704078769,0.0025225791036603,0.9720156252802096,4.562276406215975,0.0816596724456617,0.1558794228882632,0.07692506450423602,2.099816449394301,0.25,6.415214923632451
0.5,2.0,14.0,2.345737611800709,0.0327939154268893,0.0304530465932654,0.0023408688336238,0.9720156252802096,4.562276406215975,0.0816596724456617,0.1558794228882632,0.07692592085506574,2.2688116909456433,0.25,6.415214923632451
0.5,2.0,15.0,2.514733793913208,0.0305902275562242,0.0284066605465801,0.002183567009644,0.9720156252802096,4.562276406215975,0.0816596724456617,0.1558794228882632,0.07692627899913204,2.437807514914076,0.25,6.415214923632451
0.5,2.0,16.0,2.6837300112440503,0.0286639969221024,0.0266179265392385,0.0020460703828638,0.9720156252802096,4.562276406215975,0.0816596724456617,0.1558794228882632,0.07692642878205329,2.606803582461997,0.25,6.415214923632451
1.0,0.02,1.0,0.7854035831903954,0.630718741547654,0.5889507340875826,0.0417680074600713,0.2661032550463619,4.425895408860028,0.1525342099609405,0.6476923437021362,0.4953687595968643,0.29003482359353105,25.0,1.5439429070353263
1.0,0.02,2.0,2.278516973081799,0.7521392091546494,0.6576632457404975,0.0944759634141518,0.2661032550463619,4.425895408860028,0.1525342099609405,0.6476923437021362,1.7137619541791898,0.5647550189026092,25.0,1.5439429070353263
1.0,0.02,3.0,4.57449624058671,0.7966339432807583,0.6745206594423386,0.1221132838384196,0.2661032550463619,4.425895408860028,0.1525342099609405,0.6476923437021362,3.644198978661595,0.9302972619251146,25.0,1.5439429070353263
1.0,0.02,4.0,7.642721043793907,0.8114434043236162,0.6747723746883286,0.1366710296352875,0.2661032550463619,4.425895408860028,0.1525342099609405,0.6476923437021362,6.201635582071869,1.4410854617220379,25.0,1.5439429070353263
1.0,0.02,5.0,11.45319833837094,0.8126342137011772,0.6681375163730164,0.1444966973281607,0.2661032550463619,4.425895408860028,0.1525342099609405,0.6476923437021362,9.307260826065699,2.145937512305242,25.0,1.5439429070353263
1.0,0.02,6.0,15.976858051699534,0.8067689786698168,0.6581933881140691,0.1485755905557476,0.2661032550463619,4.425895408860028,0.1525342099609405,0.6476923437021362,12.889633452722272,3.087224598977262,25.0,1.5439429070353263
1.0,0.02,7.0,21.185739183421425,0.7969524909976377,0.6465421887228482,0.1504103022747894,0.2661032550463619,4.425895408860028,0.1525342099609405,0.6476923437021362,16.884027615853963,4.301711567567462,25.0,1.5439429070353263
1.0,0.02,8.0,27.05297407698124,0.7848234515350242,0.6340001758487729,0.1508232756862513,0.2661032550463619,4.425895408860028,0.1525342099609405,0.6476923437021362,21.23180848938395,5.821165587597288,25.0,1.5439429070353263
1.0,0.02,9.0,33.55274832465338,0.7713200662192052,0.6210216522028121,0.1502984140163931,0.2661032550463619,4.425895408860028,0.1525342099609405,0.6476923437021362,25.87990805960797,7.672840265045407,25.0,1.5439429070353263
1.0,0.02,10.0,40.66025970300324,0.7570132173733429,0.6078758510340749,0.149137366339268,0.2661032550463619,4.425895408860028,0.1525342099609405,0.6476923437021362,30.780354017006168,9.879905685997073,25.0,1.5439429070353263
1.0,0.02,11.0,48.351678498018806,0.7422666414837401,0.5947296445342874,0.1475369969494526,0.2661032550463619,4.425895408860028,0.1525342099609405,0.6476923437021362,35.88983800882599,12.461840489192815,25.0,1.5439429070353263
1.0,0.02,12.0,56.60410937236233,0.7273203173835363,0.5816897240125196,0.1456305933710167,0.2661032550463619,4.425895408860028,0.1525342099609405,0.6476923437021362,41.169318793918976,15.434790578443359,25.0,1.5439429070353263
1.0,0.02,13.0,65.39555472775372,0.712336757600318,0.5688256379707235,0.1435111196295945,0.2661032550463619,4.425895408860028,0.1525342099609405,0.6476923437021362,46.58365741624223,18.811897311511487,25.0,1.5439429070353263
1.0,0.02,14.0,74.70487950408858,0.6974280959158853,0.5561830945060039,0.1412450014098814,0.2661032550463619,4.425895408860028,0.1525342099609405,0.6476923437021362,52.10128186816214,22.603597635926437,25.0,1.5439429070353263
1.0,0.02,15.0,84.51177735881453,0.6826726489866777,0.5437920035309527,0.1388806454557249,0.2661032550463619,4.425895408860028,0.1525342099609405,0.6476923437021362,57.693878920114244,26.817898438700283,25.0,1.5439429070353263
1.0,0.02,16.0,94.79673817247136,0.6681254249350949,0.5316715300732934,0.1364538948618014,0.2661032550463619,4.425895408860028,0.1525342099609405,0.6476923437021362,63.336110973943356,31.460627198528005,25.0,1.5439429070353263
1.0,0.2,1.0,0.6533666745468084,0.5649387557948667,0.4967318727146431,0.0682068830802236,0.5091163897484212,4.507110453764158,0.1472948372204638,0.5513577467818451,0.36911215619630355,0.28425451835050486,2.5,1.813704452030976
1.0,0.2,2.0,1.7668849412404095,0.5883252153283763,0.466244394984744,0.1220808203436322,0.5091163897484212,4.507110453764158,0.1472948372204638,0.5513577467818451,1.0395029635157296,0.72738197772468,2.5,1.813704452030976
1.0,0.2,3.0,3.283694725902049,0.5299552407869917,0.3967043087602324,0.1332509320267593,0.5091163897484212,4.507110453764158,0.1472948372204638,0.5513577467818451,1.7402112291363951,1.5434834967656537,2.5,1.813704452030976
1.0,0.2,4.0,5.078828068450836,0.4575058606902971,0.3321529645075307,0.1253528961827663,0.5091163897484212,4.507110453764158,0.1472948372204638,0.5513577467818451,2.3235936067546388,2.755234461696197,2.5,1.813704452030976
1.0,0.2,5.0,7.061614513311159,0.3914957025063739,0.2793771788745043,0.1121185236318695,0.5091163897484212,4.507110453764158,0.1472948372204638,0.5513577467818451,2.764591734717958,4.297022778593202,2.5,1.813704452030976
1.0,0.2,6.0,9.17023377334436,0.3361409349127282,0.2374254610148179,0.0987154738979102,0.5091163897484212,4.507110453764158,0.1472948372204638,0.5513577467818451,3.0824909539402485,6.087742819404112,2.5,1.813704452030976
1.0,0.2,7.0,11.363189661003094,0.2909050152530409,0.2041671422144176,0.0867378730386232,0.5091163897484212,4.507110453764158,0.1472948372204638,0.5513577467818451,3.305608861657302,8.057580799345793,2.5,1.813704452030976
1.0,0.2,8.0,13.612675174529729,0.2541512614209975,0.1776469882168024,0.076504273204195,0.5091163897484212,4.507110453764158,0.1472948372204638,0.5513577467818451,3.4596785669210277,10.152996607608701,2.5,1.813704452030976
1.0,0.2,9.0,15.900053331242477,0.2242119226507785,0.1563060759006811,0.0679058467500974,0.5091163897484212,4.507110453764158,0.1472948372204638,0.5513577467818451,3.564981527647791,12.335071803594685,2.5,1.813704452030976
1.0,0.2,10.0,18.212831687985847,0.1996657671124447,0.1389527427052339,0.0607130244072108,0.5091163897484212,4.507110453764158,0.1472948372204638,0.5513577467818451,3.636479010271535,14.576352677714313,2.5,1.813704452030976
1.0,0.2,11.0,20.542636313919544,0.1793739803779385,0.1246880561306407,0.0546859242472978,0.5091163897484212,4.507110453764158,0.1472948372204638,0.5513577467818451,3.6848144430841314,16.857821870835412,2.5,1.813704452030976
1.0,0.2,12.0,22.883853990428094,0.1624463490155126,0.1128351999092441,0.0496111491062684,0.5091163897484212,4.507110453764158,0.1472948372204638,0.5513577467818451,3.717398532149113,19.166455458278982,2.5,1.813704452030976
1.0,0.2,13.0,25.232722063594476,0.1481934019229175,0.1028828979634527,0.0453105039594648,0.5091163897484212,4.507110453764158,0.1472948372204638,0.5513577467818451,3.7393229223795243,21.49339914121495,2.5,1.813704452030976
1.0,0.2,14.0,27.58671835099433,0.1360820216965621,0.0944426150338468,0.0416394066627153,0.5091163897484212,4.507110453764158,0.1472948372204638,0.5513577467818451,3.754056405176959,23.83266194581737,2.5,1.813704452030976
1.0,0.2,15.0,29.94415218319258,0.1256989749500511,0.0872169068254616,0.0384820681245894,0.5091163897484212,4.507110453764158,0.1472948372204638,0.5513577467818451,3.7639492351756423,26.180202948016937,2.5,1.813704452030976
1.0,0.2,16.0,32.30389027057787,0.116722415200449,0.0809762081465584,0.0357462070538906,0.5091163897484212,4.507110453764158,0.1472948372204638,0.5513577467818451,3.7705880927521345,28.533302177825732,2.5,1.813704452030976
1.0,2.0,1.0,0.2724242639521168,0.2840741407916198,0.244321303177296,0.0397528376143238,0.9149657467983752,4.833049458562399,0.1328433752273106,0.2561055363113855,0.07738868871298701,0.19503557523912973,0.25,3.9046403072839144
1.0,2.0,2.0,0.5835815940641044,0.2005529848769128,0.1700380633093478,0.0305149215675649,0.9149657467983752,4.833049458562399,0.1328433752273106,0.2561055363113855,0.117039030608783,0.4665425634553214,0.25,3.9046403072839144
1.0,2.0,3.0,0.9070286544864852,0.141805365757227,0.1197078347867138,0.0220975309705131,0.9149657467983752,4.833049458562399,0.1328433752273106,0.2561055363113855,0.1286215301017415,0.7784071243847437,0.25,3.9046403072839144
1.0,2.0,4.0,1.2334412565733184,0.1066101709819888,0.0898991824026464,0.0167109885793423,0.9149657467983752,4.833049458562399,0.1328433752273106,0.2561055363113855,0.1314973832595206,1.1019438733137978,0.25,3.9046403072839144
1.0,2.0,5.0,1.5605590831459546,0.0847028834842538,0.0714073226305018,0.013295560853752,0.9149657467983752,4.833049458562399,0.1328433752273106,0.2561055363113855,0.13218385419000572,1.4283752289559488,0.25,3.9046403072839144
1.0,2.0,6.0,1.8878436258302165,0.0701044972397971,0.0590967839764165,0.0110077132633805,0.9149657467983752,4.833049458562399,0.1328433752273106,0.2561055363113855,0.13234632825618295,1.7554972975740335,0.25,3.9046403072839144
1.0,2.0,7.0,2.2151675392309915,0.0597628442340362,0.0503782351831854,0.0093846090508508,0.9149657467983752,4.833049458562399,0.1328433752273106,0.2561055363113855,0.13238471259935503,2.0827828266316364,0.25,3.9046403072839144
1.0,2.0,8.0,2.542500749073551,0.0520722667319982,0.0438951656525193,0.0081771010794788,0.9149657467983752,4.833049458562399,0.1328433752273106,0.2561055363113855,0.1323937771720632,2.410106971901488,0.25,3.9046403072839144
1.0,2.0,9.0,2.869836154026808,0.0461336154711485,0.0388890514772534,0.007244563993895,0.9149657467983752,4.833049458562399,0.1328433752273106,0.2561055363113855,0.13239591759507247,2.737440236431736,0.25,3.9046403072839144
1.0,2.0,10.0,3.197172077297738,0.0414104776978785,0.0349076021038819,0.0065028755939966,0.9149657467983752,4.833049458562399,0.1328433752273106,0.2561055363113855,0.13239642300321786,3.06477565429452,0.25,3.9046403072839144
1.0,2.0,11.0,3.5245081229557726,0.0375645445331632,0.0316656118877008,0.0058989326454624,0.9149657467983752,4.833049458562399,0.1328433752273106,0.2561055363113855,0.13239654234226755,3.392111580613505,0.25,3.9046403072839144
1.0,2.0,12.0,3.851844197512337,0.034372254881588,0.0289746218080287,0.0053976330735592,0.9149657467983752,4.833049458562399,0.1328433752273106,0.2561055363113855,0.13239657052105985,3.7194476269912773,0.25,3.9046403072839144
1.0,2.0,13.0,4.179180278892483,0.0316800349205876,0.0267051734473669,0.0049748614732206,0.9149657467983752,4.833049458562399,0.1328433752273106,0.2561055363113855,0.1323965771747449,4.046783701717739,0.25,3.9046403072839144
1.0,2.0,14.0,4.5065163618839055,0.0293789189063301,0.0247654122412527,0.0046135066650773,0.9149657467983752,4.833049458562399,0.1328433752273106,0.2561055363113855,0.13239657874583702,4.3741197831380685,0.25,3.9046403072839144
1.0,2.0,15.0,4.833852445255696,0.0273894539844204,0.0230883621366378,0.0043010918477826,0.9149657467983752,4.833049458562399,0.1328433752273106,0.2561055363113855,0.1323965791168089,4.701455866138887,0.25,3.9046403072839144
1.0,2.0,16.0,5.161188528717299,0.0256523431507555,0.0216240378006551,0.0040283053501004,0.9149657467983752,4.833049458562399,0.1328433752273106,0.2561055363113855,0.13239657920439907,5.0287919495129,0.25,3.9046403072839144
